operator,name_from,name_to,distance,price1,price2,price3,price4,price5,source
SANEF,ABBEVILLE EST N°22,ABBEVILLE NORD N°23,,1.10,,,,,official-2026
SANEF,ABBEVILLE EST N°22,AMIENS NORD N°20,,3.90,,,,,official-2026
SANEF,ABBEVILLE EST N°22,AMIENS OUEST N°19,,4.10,,,,,official-2026
SANEF,ABBEVILLE EST N°22,AMIENS SUD (péage de Dury),,5.20,,,,,official-2026
SANEF,ABBEVILLE EST N°22,AUMALE N°12,,7.00,,,,,official-2026
SANEF,ABBEVILLE EST N°22,BEAUVAIS CENTRE N°14,,9.40,,,,,official-2026
SANEF,ABBEVILLE EST N°22,BEAUVAIS NORD N°15,,9.30,,,,,official-2026
SANEF,ABBEVILLE EST N°22,BERCK N°25,,4.90,,,,,official-2026
SANEF,ABBEVILLE EST N°22,BOULOGNE EST (péage d'Herquelingue),,10.30,,,,,official-2026
SANEF,ABBEVILLE EST N°22,BOULOGNE SUD N°28,,8.50,,,,,official-2026
SANEF,ABBEVILLE EST N°22,ESSERTAUX N°17,,5.30,,,,,official-2026
SANEF,ABBEVILLE EST N°22,ETAPLES / LE TOUQUET N°26,,6.50,,,,,official-2026
SANEF,ABBEVILLE EST N°22,HARDIVILLERS N°16,,6.90,,,,,official-2026
SANEF,ABBEVILLE EST N°22,L'ISLE-ADAM (péage d'Amblainville),,14.80,,,,,official-2026
SANEF,ABBEVILLE EST N°22,LA CÔTE PICARDE N°24 A16,,2.70,,,,,official-2026
SANEF,ABBEVILLE EST N°22,MÉRU N°13,,10.90,,,,,official-2026
SANEF,ABBEVILLE EST N°22,NEUFCHÂTEL-EN-BRAY (A28),,8.10,,,,,official-2026
SANEF,ABBEVILLE EST N°22,NEUFCHÂTEL-HARDELOT N°27,,7.20,,,,,official-2026
SANEF,ABBEVILLE EST N°22,POIX-DE-PICARDIE N°13 A29,,5.40,,,,,official-2026
SANEF,ABBEVILLE EST N°22,SALOUËL N°18,,4.20,,,,,official-2026
SANEF,ABBEVILLE EST N°22,VALLÉE DE LA NIÈVRE N°21,,1.60,,,,,official-2026
SANEF,ABBEVILLE NORD N°23,ABBEVILLE EST N°22,,1.10,,,,,official-2026
SANEF,ABBEVILLE NORD N°23,AMIENS NORD N°20,,4.50,,,,,official-2026
SANEF,ABBEVILLE NORD N°23,AMIENS OUEST N°19,,4.80,,,,,official-2026
SANEF,ABBEVILLE NORD N°23,AMIENS SUD (péage de Dury),,6.00,,,,,official-2026
SANEF,ABBEVILLE NORD N°23,AUMALE N°12,,7.30,,,,,official-2026
SANEF,ABBEVILLE NORD N°23,BEAUVAIS CENTRE N°14,,10.70,,,,,official-2026
SANEF,ABBEVILLE NORD N°23,BEAUVAIS NORD N°15,,10.50,,,,,official-2026
SANEF,ABBEVILLE NORD N°23,BERCK N°25,,4.10,,,,,official-2026
SANEF,ABBEVILLE NORD N°23,BOULOGNE EST (péage d'Herquelingue),,9.30,,,,,official-2026
SANEF,ABBEVILLE NORD N°23,BOULOGNE SUD N°28,,7.70,,,,,official-2026
SANEF,ABBEVILLE NORD N°23,ESSERTAUX N°17,,6.40,,,,,official-2026
SANEF,ABBEVILLE NORD N°23,ETAPLES / LE TOUQUET N°26,,5.20,,,,,official-2026
SANEF,ABBEVILLE NORD N°23,HARDIVILLERS N°16,,7.90,,,,,official-2026
SANEF,ABBEVILLE NORD N°23,L'ISLE-ADAM (péage d'Amblainville),,15.90,,,,,official-2026
SANEF,ABBEVILLE NORD N°23,LA CÔTE PICARDE N°24 A16,,1.80,,,,,official-2026
SANEF,ABBEVILLE NORD N°23,MÉRU N°13,,12.00,,,,,official-2026
SANEF,ABBEVILLE NORD N°23,NEUFCHÂTEL-EN-BRAY (A28),,8.90,,,,,official-2026
SANEF,ABBEVILLE NORD N°23,NEUFCHÂTEL-HARDELOT N°27,,6.50,,,,,official-2026
SANEF,ABBEVILLE NORD N°23,POIX-DE-PICARDIE N°13 A29,,6.00,,,,,official-2026
SANEF,ABBEVILLE NORD N°23,SALOUËL N°18,,5.10,,,,,official-2026
SANEF,ABBEVILLE NORD N°23,VALLÉE DE LA NIÈVRE N°21,,2.30,,,,,official-2026
SANEF,AIRE-SUR-LA-LYS N°4,ALBERT N°13.1,,8.70,,,,,official-2026
SANEF,AIRE-SUR-LA-LYS N°4,AMIENS EST (péage de Jules Verne) A29,,13.60,,,,,official-2026
SANEF,AIRE-SUR-LA-LYS N°4,ARRAS EST (A1) N°15,,5.70,,,,,official-2026
SANEF,AIRE-SUR-LA-LYS N°4,ARRAS NORD (A26) N°7,,4.80,,,,,official-2026
SANEF,AIRE-SUR-LA-LYS N°4,ATHIES N°54,,10.10,,,,,official-2026
SANEF,AIRE-SUR-LA-LYS N°4,BAPAUME N°14 A1,,7.80,,,,,official-2026
SANEF,AIRE-SUR-LA-LYS N°4,BÉTHUNE N°6,,2.80,,,,,official-2026
SANEF,AIRE-SUR-LA-LYS N°4,CALAIS (péage de Setques),,3.30,,,,,official-2026
SANEF,AIRE-SUR-LA-LYS N°4,CAMBRAI N°14,,8.00,,,,,official-2026
SANEF,AIRE-SUR-LA-LYS N°4,COMPIÈGNE OUEST N°10,,14.30,,,,,official-2026
SANEF,AIRE-SUR-LA-LYS N°4,GARE TGV N°53,,9.10,,,,,official-2026
SANEF,AIRE-SUR-LA-LYS N°4,GUIGNICOURT N°14,,16.00,,,,,official-2026
SANEF,AIRE-SUR-LA-LYS N°4,HORDAIN (péage d'Hordain) A2,,8.70,,,,,official-2026
SANEF,AIRE-SUR-LA-LYS N°4,LA FÈRE N°12,,11.90,,,,,official-2026
SANEF,AIRE-SUR-LA-LYS N°4,LAON N°13,,14.90,,,,,official-2026
SANEF,AIRE-SUR-LA-LYS N°4,LILLE / DOURGES (péage de Fresnes),,7.20,,,,,official-2026
SANEF,AIRE-SUR-LA-LYS N°4,LILLERS N°5,,1.60,,,,,official-2026
SANEF,AIRE-SUR-LA-LYS N°4,LIÉVIN N°6.2,,4.10,,,,,official-2026
SANEF,AIRE-SUR-LA-LYS N°4,MARQUION N°8,,8.00,,,,,official-2026
SANEF,AIRE-SUR-LA-LYS N°4,MASNIÈRES N°9,,8.80,,,,,official-2026
SANEF,AIRE-SUR-LA-LYS N°4,NŒUX-LES-MINES N°6.1 A26 NORD,,3.40,,,,,official-2026
SANEF,AIRE-SUR-LA-LYS N°4,PARIS / ROISSY (péage de Chamant),,20.70,,,,,official-2026
SANEF,AIRE-SUR-LA-LYS N°4,PONT-SAINTE-MAXENCE N°9,,15.30,,,,,official-2026
SANEF,AIRE-SUR-LA-LYS N°4,PÉRONNE / VALLEE DE LA SOMME N°13,,9.00,,,,,official-2026
SANEF,AIRE-SUR-LA-LYS N°4,REIMS (péage de Courcy),,21.50,,,,,official-2026
SANEF,AIRE-SUR-LA-LYS N°4,RESSONS N°11,,12.50,,,,,official-2026
SANEF,AIRE-SUR-LA-LYS N°4,ROYE N°12,,11.10,,,,,official-2026
SANEF,AIRE-SUR-LA-LYS N°4,SAINT-OMER N°3,,0.80,,,,,official-2026
SANEF,AIRE-SUR-LA-LYS N°4,SAINT-QUENTIN NORD N°10,,11.00,,,,,official-2026
SANEF,AIRE-SUR-LA-LYS N°4,SAINT-QUENTIN SUD N°11,,11.60,,,,,official-2026
SANEF,AIRE-SUR-LA-LYS N°4,SENLIS N°8,,16.90,,,,,official-2026
SANEF,AIRE-SUR-LA-LYS N°4,VILLERS-BRETONNEUX N°52,,10.40,,,,,official-2026
SANEF,ALBERT N°13.1,AIRE-SUR-LA-LYS N°4,,8.70,,,,,official-2026
SANEF,ALBERT N°13.1,AMIENS EST (péage de Jules Verne) A29,,4.10,,,,,official-2026
SANEF,ALBERT N°13.1,ARRAS EST (A1) N°15,,2.80,,,,,official-2026
SANEF,ALBERT N°13.1,ARRAS NORD (A26) N°7,,4.10,,,,,official-2026
SANEF,ALBERT N°13.1,ATHIES N°54,,1.90,,,,,official-2026
SANEF,ALBERT N°13.1,BAPAUME N°14 A1,,1.20,,,,,official-2026
SANEF,ALBERT N°13.1,BÉTHUNE N°6,,5.70,,,,,official-2026
SANEF,ALBERT N°13.1,CALAIS (péage de Setques),,12.10,,,,,official-2026
SANEF,ALBERT N°13.1,CAMBRAI N°14,,2.60,,,,,official-2026
SANEF,ALBERT N°13.1,COMPIÈGNE OUEST N°10,,5.30,,,,,official-2026
SANEF,ALBERT N°13.1,GARE TGV N°53,,1.00,,,,,official-2026
SANEF,ALBERT N°13.1,GUIGNICOURT N°14,,9.20,,,,,official-2026
SANEF,ALBERT N°13.1,HORDAIN (péage d'Hordain) A2,,4.40,,,,,official-2026
SANEF,ALBERT N°13.1,LA FÈRE N°12,,5.50,,,,,official-2026
SANEF,ALBERT N°13.1,LAON N°13,,6.80,,,,,official-2026
SANEF,ALBERT N°13.1,LILLE / DOURGES (péage de Fresnes),,4.90,,,,,official-2026
SANEF,ALBERT N°13.1,LILLERS N°5,,7.00,,,,,official-2026
SANEF,ALBERT N°13.1,LIÉVIN N°6.2,,4.80,,,,,official-2026
SANEF,ALBERT N°13.1,MARQUION N°8,,3.80,,,,,official-2026
SANEF,ALBERT N°13.1,MASNIÈRES N°9,,2.80,,,,,official-2026
SANEF,ALBERT N°13.1,NŒUX-LES-MINES N°6.1 A26 NORD,,5.20,,,,,official-2026
SANEF,ALBERT N°13.1,PARIS / ROISSY (péage de Chamant),,11.00,,,,,official-2026
SANEF,ALBERT N°13.1,PONT-SAINTE-MAXENCE N°9,,5.80,,,,,official-2026
SANEF,ALBERT N°13.1,PÉRONNE / VALLEE DE LA SOMME N°13,,0.70,,,,,official-2026
SANEF,ALBERT N°13.1,REIMS (péage de Courcy),,12.00,,,,,official-2026
SANEF,ALBERT N°13.1,RESSONS N°11,,4.20,,,,,official-2026
SANEF,ALBERT N°13.1,ROYE N°12,,2.40,,,,,official-2026
SANEF,ALBERT N°13.1,SAINT-OMER N°3,,9.40,,,,,official-2026
SANEF,ALBERT N°13.1,SAINT-QUENTIN NORD N°10,,4.50,,,,,official-2026
SANEF,ALBERT N°13.1,SAINT-QUENTIN SUD N°11,,4.30,,,,,official-2026
SANEF,ALBERT N°13.1,SENLIS N°8,,7.30,,,,,official-2026
SANEF,ALBERT N°13.1,VILLERS-BRETONNEUX N°52,,2.80,,,,,official-2026
SANEF,AMIENS EST (péage de Jules Verne) A29,AIRE-SUR-LA-LYS N°4,,13.60,,,,,official-2026
SANEF,AMIENS EST (péage de Jules Verne) A29,ALBERT N°13.1,,4.10,,,,,official-2026
SANEF,AMIENS EST (péage de Jules Verne) A29,ARRAS EST (A1) N°15,,7.90,,,,,official-2026
SANEF,AMIENS EST (péage de Jules Verne) A29,ARRAS NORD (A26) N°7,,8.70,,,,,official-2026
SANEF,AMIENS EST (péage de Jules Verne) A29,ATHIES N°54,,4.60,,,,,official-2026
SANEF,AMIENS EST (péage de Jules Verne) A29,BAPAUME N°14 A1,,5.70,,,,,official-2026
SANEF,AMIENS EST (péage de Jules Verne) A29,BÉTHUNE N°6,,10.70,,,,,official-2026
SANEF,AMIENS EST (péage de Jules Verne) A29,CALAIS (péage de Setques),,16.70,,,,,official-2026
SANEF,AMIENS EST (péage de Jules Verne) A29,CAMBRAI N°14,,7.70,,,,,official-2026
SANEF,AMIENS EST (péage de Jules Verne) A29,COMPIÈGNE OUEST N°10,,7.90,,,,,official-2026
SANEF,AMIENS EST (péage de Jules Verne) A29,GARE TGV N°53,,3.20,,,,,official-2026
SANEF,AMIENS EST (péage de Jules Verne) A29,GUIGNICOURT N°14,,10.90,,,,,official-2026
SANEF,AMIENS EST (péage de Jules Verne) A29,HORDAIN (péage d'Hordain) A2,,9.50,,,,,official-2026
SANEF,AMIENS EST (péage de Jules Verne) A29,LA FÈRE N°12,,7.20,,,,,official-2026
SANEF,AMIENS EST (péage de Jules Verne) A29,LAON N°13,,9.50,,,,,official-2026
SANEF,AMIENS EST (péage de Jules Verne) A29,LILLE / DOURGES (péage de Fresnes),,10.20,,,,,official-2026
SANEF,AMIENS EST (péage de Jules Verne) A29,LILLERS N°5,,11.40,,,,,official-2026
SANEF,AMIENS EST (péage de Jules Verne) A29,LIÉVIN N°6.2,,9.90,,,,,official-2026
SANEF,AMIENS EST (péage de Jules Verne) A29,MARQUION N°8,,9.10,,,,,official-2026
SANEF,AMIENS EST (péage de Jules Verne) A29,MASNIÈRES N°9,,7.40,,,,,official-2026
SANEF,AMIENS EST (péage de Jules Verne) A29,NŒUX-LES-MINES N°6.1 A26 NORD,,10.40,,,,,official-2026
SANEF,AMIENS EST (péage de Jules Verne) A29,PARIS / ROISSY (péage de Chamant),,11.90,,,,,official-2026
SANEF,AMIENS EST (péage de Jules Verne) A29,PONT-SAINTE-MAXENCE N°9,,8.50,,,,,official-2026
SANEF,AMIENS EST (péage de Jules Verne) A29,PÉRONNE / VALLEE DE LA SOMME N°13,,3.60,,,,,official-2026
SANEF,AMIENS EST (péage de Jules Verne) A29,REIMS (péage de Courcy),,14.80,,,,,official-2026
SANEF,AMIENS EST (péage de Jules Verne) A29,RESSONS N°11,,6.50,,,,,official-2026
SANEF,AMIENS EST (péage de Jules Verne) A29,ROYE N°12,,4.50,,,,,official-2026
SANEF,AMIENS EST (péage de Jules Verne) A29,SAINT-OMER N°3,,13.70,,,,,official-2026
SANEF,AMIENS EST (péage de Jules Verne) A29,SAINT-QUENTIN NORD N°10,,6.50,,,,,official-2026
SANEF,AMIENS EST (péage de Jules Verne) A29,SAINT-QUENTIN SUD N°11,,5.80,,,,,official-2026
SANEF,AMIENS EST (péage de Jules Verne) A29,SENLIS N°8,,9.80,,,,,official-2026
SANEF,AMIENS EST (péage de Jules Verne) A29,VILLERS-BRETONNEUX N°52,,1.20,,,,,official-2026
SANEF,AMIENS NORD N°20,ABBEVILLE EST N°22,,3.90,,,,,official-2026
SANEF,AMIENS NORD N°20,ABBEVILLE NORD N°23,,4.50,,,,,official-2026
SANEF,AMIENS NORD N°20,AMIENS OUEST N°19,,0.50,,,,,official-2026
SANEF,AMIENS NORD N°20,AMIENS SUD (péage de Dury),,1.40,,,,,official-2026
SANEF,AMIENS NORD N°20,AUMALE N°12,,4.30,,,,,official-2026
SANEF,AMIENS NORD N°20,BEAUVAIS CENTRE N°14,,6.00,,,,,official-2026
SANEF,AMIENS NORD N°20,BEAUVAIS NORD N°15,,5.20,,,,,official-2026
SANEF,AMIENS NORD N°20,BERCK N°25,,8.60,,,,,official-2026
SANEF,AMIENS NORD N°20,BOULOGNE EST (péage d'Herquelingue),,13.60,,,,,official-2026
SANEF,AMIENS NORD N°20,BOULOGNE SUD N°28,,11.50,,,,,official-2026
SANEF,AMIENS NORD N°20,ESSERTAUX N°17,,2.20,,,,,official-2026
SANEF,AMIENS NORD N°20,ETAPLES / LE TOUQUET N°26,,9.90,,,,,official-2026
SANEF,AMIENS NORD N°20,HARDIVILLERS N°16,,3.50,,,,,official-2026
SANEF,AMIENS NORD N°20,L'ISLE-ADAM (péage d'Amblainville),,10.60,,,,,official-2026
SANEF,AMIENS NORD N°20,LA CÔTE PICARDE N°24 A16,,6.50,,,,,official-2026
SANEF,AMIENS NORD N°20,MÉRU N°13,,7.60,,,,,official-2026
SANEF,AMIENS NORD N°20,NEUFCHÂTEL-EN-BRAY (A28),,6.20,,,,,official-2026
SANEF,AMIENS NORD N°20,NEUFCHÂTEL-HARDELOT N°27,,10.90,,,,,official-2026
SANEF,AMIENS NORD N°20,POIX-DE-PICARDIE N°13 A29,,2.50,,,,,official-2026
SANEF,AMIENS NORD N°20,SALOUËL N°18,,0.90,,,,,official-2026
SANEF,AMIENS NORD N°20,VALLÉE DE LA NIÈVRE N°21,,1.70,,,,,official-2026
SANEF,AMIENS OUEST N°19,ABBEVILLE EST N°22,,4.10,,,,,official-2026
SANEF,AMIENS OUEST N°19,ABBEVILLE NORD N°23,,4.80,,,,,official-2026
SANEF,AMIENS OUEST N°19,AMIENS NORD N°20,,0.50,,,,,official-2026
SANEF,AMIENS OUEST N°19,AMIENS SUD (péage de Dury),,1.00,,,,,official-2026
SANEF,AMIENS OUEST N°19,AUMALE N°12,,3.40,,,,,official-2026
SANEF,AMIENS OUEST N°19,BEAUVAIS CENTRE N°14,,5.80,,,,,official-2026
SANEF,AMIENS OUEST N°19,BEAUVAIS NORD N°15,,4.90,,,,,official-2026
SANEF,AMIENS OUEST N°19,BERCK N°25,,8.60,,,,,official-2026
SANEF,AMIENS OUEST N°19,BOULOGNE EST (péage d'Herquelingue),,13.60,,,,,official-2026
SANEF,AMIENS OUEST N°19,BOULOGNE SUD N°28,,11.50,,,,,official-2026
SANEF,AMIENS OUEST N°19,ESSERTAUX N°17,,1.70,,,,,official-2026
SANEF,AMIENS OUEST N°19,ETAPLES / LE TOUQUET N°26,,9.90,,,,,official-2026
SANEF,AMIENS OUEST N°19,HARDIVILLERS N°16,,2.90,,,,,official-2026
SANEF,AMIENS OUEST N°19,L'ISLE-ADAM (péage d'Amblainville),,9.70,,,,,official-2026
SANEF,AMIENS OUEST N°19,LA CÔTE PICARDE N°24 A16,,6.50,,,,,official-2026
SANEF,AMIENS OUEST N°19,MÉRU N°13,,7.10,,,,,official-2026
SANEF,AMIENS OUEST N°19,NEUFCHÂTEL-EN-BRAY (A28),,5.20,,,,,official-2026
SANEF,AMIENS OUEST N°19,NEUFCHÂTEL-HARDELOT N°27,,10.90,,,,,official-2026
SANEF,AMIENS OUEST N°19,POIX-DE-PICARDIE N°13 A29,,1.70,,,,,official-2026
SANEF,AMIENS OUEST N°19,SALOUËL N°18,,0.50,,,,,official-2026
SANEF,AMIENS OUEST N°19,VALLÉE DE LA NIÈVRE N°21,,2.20,,,,,official-2026
SANEF,AMIENS SUD (péage de Dury),ABBEVILLE EST N°22,,5.20,,,,,official-2026
SANEF,AMIENS SUD (péage de Dury),ABBEVILLE NORD N°23,,6.00,,,,,official-2026
SANEF,AMIENS SUD (péage de Dury),AMIENS NORD N°20,,1.40,,,,,official-2026
SANEF,AMIENS SUD (péage de Dury),AMIENS OUEST N°19,,1.00,,,,,official-2026
SANEF,AMIENS SUD (péage de Dury),AUMALE N°12,,4.80,,,,,official-2026
SANEF,AMIENS SUD (péage de Dury),BEAUVAIS CENTRE N°14,,6.10,,,,,official-2026
SANEF,AMIENS SUD (péage de Dury),BEAUVAIS NORD N°15,,4.90,,,,,official-2026
SANEF,AMIENS SUD (péage de Dury),BERCK N°25,,9.80,,,,,official-2026
SANEF,AMIENS SUD (péage de Dury),BOULOGNE EST (péage d'Herquelingue),,15.80,,,,,official-2026
SANEF,AMIENS SUD (péage de Dury),BOULOGNE SUD N°28,,12.70,,,,,official-2026
SANEF,AMIENS SUD (péage de Dury),ESSERTAUX N°17,,1.60,,,,,official-2026
SANEF,AMIENS SUD (péage de Dury),ETAPLES / LE TOUQUET N°26,,11.00,,,,,official-2026
SANEF,AMIENS SUD (péage de Dury),HARDIVILLERS N°16,,3.10,,,,,official-2026
SANEF,AMIENS SUD (péage de Dury),L'ISLE-ADAM (péage d'Amblainville),,10.20,,,,,official-2026
SANEF,AMIENS SUD (péage de Dury),LA CÔTE PICARDE N°24 A16,,7.60,,,,,official-2026
SANEF,AMIENS SUD (péage de Dury),MÉRU N°13,,7.20,,,,,official-2026
SANEF,AMIENS SUD (péage de Dury),NEUFCHÂTEL-EN-BRAY (A28),,6.80,,,,,official-2026
SANEF,AMIENS SUD (péage de Dury),NEUFCHÂTEL-HARDELOT N°27,,12.40,,,,,official-2026
SANEF,AMIENS SUD (péage de Dury),POIX-DE-PICARDIE N°13 A29,,2.80,,,,,official-2026
SANEF,AMIENS SUD (péage de Dury),SALOUËL N°18,,0.90,,,,,official-2026
SANEF,AMIENS SUD (péage de Dury),VALLÉE DE LA NIÈVRE N°21,,3.20,,,,,official-2026
SANEF,ARRAS EST (A1) N°15,AIRE-SUR-LA-LYS N°4,,5.70,,,,,official-2026
SANEF,ARRAS EST (A1) N°15,ALBERT N°13.1,,2.80,,,,,official-2026
SANEF,ARRAS EST (A1) N°15,AMIENS EST (péage de Jules Verne) A29,,7.90,,,,,official-2026
SANEF,ARRAS EST (A1) N°15,ARRAS NORD (A26) N°7,,1.00,,,,,official-2026
SANEF,ARRAS EST (A1) N°15,ATHIES N°54,,4.80,,,,,official-2026
SANEF,ARRAS EST (A1) N°15,BAPAUME N°14 A1,,1.50,,,,,official-2026
SANEF,ARRAS EST (A1) N°15,BÉTHUNE N°6,,3.00,,,,,official-2026
SANEF,ARRAS EST (A1) N°15,CALAIS (péage de Setques),,9.20,,,,,official-2026
SANEF,ARRAS EST (A1) N°15,CAMBRAI N°14,,2.80,,,,,official-2026
SANEF,ARRAS EST (A1) N°15,COMPIÈGNE OUEST N°10,,9.10,,,,,official-2026
SANEF,ARRAS EST (A1) N°15,GARE TGV N°53,,3.90,,,,,official-2026
SANEF,ARRAS EST (A1) N°15,GUIGNICOURT N°14,,10.90,,,,,official-2026
SANEF,ARRAS EST (A1) N°15,HORDAIN (péage d'Hordain) A2,,4.30,,,,,official-2026
SANEF,ARRAS EST (A1) N°15,LA FÈRE N°12,,7.00,,,,,official-2026
SANEF,ARRAS EST (A1) N°15,LAON N°13,,8.80,,,,,official-2026
SANEF,ARRAS EST (A1) N°15,LILLE / DOURGES (péage de Fresnes),,1.50,,,,,official-2026
SANEF,ARRAS EST (A1) N°15,LILLERS N°5,,4.00,,,,,official-2026
SANEF,ARRAS EST (A1) N°15,LIÉVIN N°6.2,,2.00,,,,,official-2026
SANEF,ARRAS EST (A1) N°15,MARQUION N°8,,2.10,,,,,official-2026
SANEF,ARRAS EST (A1) N°15,MASNIÈRES N°9,,3.50,,,,,official-2026
SANEF,ARRAS EST (A1) N°15,NŒUX-LES-MINES N°6.1 A26 NORD,,2.50,,,,,official-2026
SANEF,ARRAS EST (A1) N°15,PARIS / ROISSY (péage de Chamant),,15.60,,,,,official-2026
SANEF,ARRAS EST (A1) N°15,PONT-SAINTE-MAXENCE N°9,,9.10,,,,,official-2026
SANEF,ARRAS EST (A1) N°15,PÉRONNE / VALLEE DE LA SOMME N°13,,3.90,,,,,official-2026
SANEF,ARRAS EST (A1) N°15,REIMS (péage de Courcy),,14.50,,,,,official-2026
SANEF,ARRAS EST (A1) N°15,RESSONS N°11,,7.20,,,,,official-2026
SANEF,ARRAS EST (A1) N°15,ROYE N°12,,5.70,,,,,official-2026
SANEF,ARRAS EST (A1) N°15,SAINT-OMER N°3,,6.60,,,,,official-2026
SANEF,ARRAS EST (A1) N°15,SAINT-QUENTIN NORD N°10,,5.40,,,,,official-2026
SANEF,ARRAS EST (A1) N°15,SAINT-QUENTIN SUD N°11,,6.00,,,,,official-2026
SANEF,ARRAS EST (A1) N°15,SENLIS N°8,,11.50,,,,,official-2026
SANEF,ARRAS EST (A1) N°15,VILLERS-BRETONNEUX N°52,,5.50,,,,,official-2026
SANEF,ARRAS NORD (A26) N°7,AIRE-SUR-LA-LYS N°4,,4.80,,,,,official-2026
SANEF,ARRAS NORD (A26) N°7,ALBERT N°13.1,,4.10,,,,,official-2026
SANEF,ARRAS NORD (A26) N°7,AMIENS EST (péage de Jules Verne) A29,,8.70,,,,,official-2026
SANEF,ARRAS NORD (A26) N°7,ARRAS EST (A1) N°15,,1.00,,,,,official-2026
SANEF,ARRAS NORD (A26) N°7,ATHIES N°54,,5.70,,,,,official-2026
SANEF,ARRAS NORD (A26) N°7,BAPAUME N°14 A1,,2.60,,,,,official-2026
SANEF,ARRAS NORD (A26) N°7,BÉTHUNE N°6,,2.00,,,,,official-2026
SANEF,ARRAS NORD (A26) N°7,CALAIS (péage de Setques),,9.30,,,,,official-2026
SANEF,ARRAS NORD (A26) N°7,CAMBRAI N°14,,3.30,,,,,official-2026
SANEF,ARRAS NORD (A26) N°7,COMPIÈGNE OUEST N°10,,9.40,,,,,official-2026
SANEF,ARRAS NORD (A26) N°7,GARE TGV N°53,,4.70,,,,,official-2026
SANEF,ARRAS NORD (A26) N°7,GUIGNICOURT N°14,,12.40,,,,,official-2026
SANEF,ARRAS NORD (A26) N°7,HORDAIN (péage d'Hordain) A2,,4.60,,,,,official-2026
SANEF,ARRAS NORD (A26) N°7,LA FÈRE N°12,,8.30,,,,,official-2026
SANEF,ARRAS NORD (A26) N°7,LAON N°13,,10.20,,,,,official-2026
SANEF,ARRAS NORD (A26) N°7,LILLE / DOURGES (péage de Fresnes),,1.60,,,,,official-2026
SANEF,ARRAS NORD (A26) N°7,LILLERS N°5,,3.00,,,,,official-2026
SANEF,ARRAS NORD (A26) N°7,LIÉVIN N°6.2,,1.00,,,,,official-2026
SANEF,ARRAS NORD (A26) N°7,MARQUION N°8,,2.20,,,,,official-2026
SANEF,ARRAS NORD (A26) N°7,MASNIÈRES N°9,,3.50,,,,,official-2026
SANEF,ARRAS NORD (A26) N°7,NŒUX-LES-MINES N°6.1 A26 NORD,,1.40,,,,,official-2026
SANEF,ARRAS NORD (A26) N°7,PARIS / ROISSY (péage de Chamant),,16.10,,,,,official-2026
SANEF,ARRAS NORD (A26) N°7,PONT-SAINTE-MAXENCE N°9,,10.30,,,,,official-2026
SANEF,ARRAS NORD (A26) N°7,PÉRONNE / VALLEE DE LA SOMME N°13,,4.50,,,,,official-2026
SANEF,ARRAS NORD (A26) N°7,REIMS (péage de Courcy),,16.10,,,,,official-2026
SANEF,ARRAS NORD (A26) N°7,RESSONS N°11,,8.50,,,,,official-2026
SANEF,ARRAS NORD (A26) N°7,ROYE N°12,,6.00,,,,,official-2026
SANEF,ARRAS NORD (A26) N°7,SAINT-OMER N°3,,6.20,,,,,official-2026
SANEF,ARRAS NORD (A26) N°7,SAINT-QUENTIN NORD N°10,,6.20,,,,,official-2026
SANEF,ARRAS NORD (A26) N°7,SAINT-QUENTIN SUD N°11,,7.00,,,,,official-2026
SANEF,ARRAS NORD (A26) N°7,SENLIS N°8,,12.10,,,,,official-2026
SANEF,ARRAS NORD (A26) N°7,VILLERS-BRETONNEUX N°52,,6.30,,,,,official-2026
SANEF,ATHIES N°54,AIRE-SUR-LA-LYS N°4,,10.10,,,,,official-2026
SANEF,ATHIES N°54,ALBERT N°13.1,,1.90,,,,,official-2026
SANEF,ATHIES N°54,AMIENS EST (péage de Jules Verne) A29,,4.60,,,,,official-2026
SANEF,ATHIES N°54,ARRAS EST (A1) N°15,,4.80,,,,,official-2026
SANEF,ATHIES N°54,ARRAS NORD (A26) N°7,,5.70,,,,,official-2026
SANEF,ATHIES N°54,BAPAUME N°14 A1,,3.60,,,,,official-2026
SANEF,ATHIES N°54,BÉTHUNE N°6,,7.70,,,,,official-2026
SANEF,ATHIES N°54,CALAIS (péage de Setques),,14.40,,,,,official-2026
SANEF,ATHIES N°54,CAMBRAI N°14,,4.40,,,,,official-2026
SANEF,ATHIES N°54,COMPIÈGNE OUEST N°10,,5.00,,,,,official-2026
SANEF,ATHIES N°54,GARE TGV N°53,,1.00,,,,,official-2026
SANEF,ATHIES N°54,GUIGNICOURT N°14,,6.20,,,,,official-2026
SANEF,ATHIES N°54,HORDAIN (péage d'Hordain) A2,,5.70,,,,,official-2026
SANEF,ATHIES N°54,LA FÈRE N°12,,2.80,,,,,official-2026
SANEF,ATHIES N°54,LAON N°13,,4.60,,,,,official-2026
SANEF,ATHIES N°54,LILLE / DOURGES (péage de Fresnes),,7.10,,,,,official-2026
SANEF,ATHIES N°54,LILLERS N°5,,8.70,,,,,official-2026
SANEF,ATHIES N°54,LIÉVIN N°6.2,,6.70,,,,,official-2026
SANEF,ATHIES N°54,MARQUION N°8,,4.70,,,,,official-2026
SANEF,ATHIES N°54,MASNIÈRES N°9,,3.70,,,,,official-2026
SANEF,ATHIES N°54,NŒUX-LES-MINES N°6.1 A26 NORD,,7.10,,,,,official-2026
SANEF,ATHIES N°54,PARIS / ROISSY (péage de Chamant),,9.40,,,,,official-2026
SANEF,ATHIES N°54,PONT-SAINTE-MAXENCE N°9,,5.90,,,,,official-2026
SANEF,ATHIES N°54,PÉRONNE / VALLEE DE LA SOMME N°13,,1.20,,,,,official-2026
SANEF,ATHIES N°54,REIMS (péage de Courcy),,9.50,,,,,official-2026
SANEF,ATHIES N°54,RESSONS N°11,,4.20,,,,,official-2026
SANEF,ATHIES N°54,ROYE N°12,,2.20,,,,,official-2026
SANEF,ATHIES N°54,SAINT-OMER N°3,,10.60,,,,,official-2026
SANEF,ATHIES N°54,SAINT-QUENTIN NORD N°10,,1.80,,,,,official-2026
SANEF,ATHIES N°54,SAINT-QUENTIN SUD N°11,,1.80,,,,,official-2026
SANEF,ATHIES N°54,SENLIS N°8,,6.90,,,,,official-2026
SANEF,ATHIES N°54,VILLERS-BRETONNEUX N°52,,2.80,,,,,official-2026
SANEF,AUMALE N°12,ABBEVILLE EST N°22,,7.00,,,,,official-2026
SANEF,AUMALE N°12,ABBEVILLE NORD N°23,,7.30,,,,,official-2026
SANEF,AUMALE N°12,AMIENS NORD N°20,,4.30,,,,,official-2026
SANEF,AUMALE N°12,AMIENS OUEST N°19,,3.40,,,,,official-2026
SANEF,AUMALE N°12,AMIENS SUD (péage de Dury),,4.80,,,,,official-2026
SANEF,AUMALE N°12,BEAUVAIS CENTRE N°14,,8.20,,,,,official-2026
SANEF,AUMALE N°12,BEAUVAIS NORD N°15,,7.00,,,,,official-2026
SANEF,AUMALE N°12,BERCK N°25,,10.10,,,,,official-2026
SANEF,AUMALE N°12,BOULOGNE EST (péage d'Herquelingue),,14.80,,,,,official-2026
SANEF,AUMALE N°12,BOULOGNE SUD N°28,,13.10,,,,,official-2026
SANEF,AUMALE N°12,ESSERTAUX N°17,,4.70,,,,,official-2026
SANEF,AUMALE N°12,ETAPLES / LE TOUQUET N°26,,11.40,,,,,official-2026
SANEF,AUMALE N°12,HARDIVILLERS N°16,,5.70,,,,,official-2026
SANEF,AUMALE N°12,L'ISLE-ADAM (péage d'Amblainville),,12.40,,,,,official-2026
SANEF,AUMALE N°12,LA CÔTE PICARDE N°24 A16,,9.20,,,,,official-2026
SANEF,AUMALE N°12,MÉRU N°13,,9.50,,,,,official-2026
SANEF,AUMALE N°12,NEUFCHÂTEL-EN-BRAY (A28),,1.20,,,,,official-2026
SANEF,AUMALE N°12,NEUFCHÂTEL-HARDELOT N°27,,11.80,,,,,official-2026
SANEF,AUMALE N°12,POIX-DE-PICARDIE N°13 A29,,1.70,,,,,official-2026
SANEF,AUMALE N°12,SALOUËL N°18,,3.60,,,,,official-2026
SANEF,AUMALE N°12,VALLÉE DE LA NIÈVRE N°21,,5.20,,,,,official-2026
SANEF,BAPAUME N°14 A1,AIRE-SUR-LA-LYS N°4,,7.80,,,,,official-2026
SANEF,BAPAUME N°14 A1,ALBERT N°13.1,,1.20,,,,,official-2026
SANEF,BAPAUME N°14 A1,AMIENS EST (péage de Jules Verne) A29,,5.70,,,,,official-2026
SANEF,BAPAUME N°14 A1,ARRAS EST (A1) N°15,,1.50,,,,,official-2026
SANEF,BAPAUME N°14 A1,ARRAS NORD (A26) N°7,,2.60,,,,,official-2026
SANEF,BAPAUME N°14 A1,ATHIES N°54,,3.60,,,,,official-2026
SANEF,BAPAUME N°14 A1,BÉTHUNE N°6,,4.50,,,,,official-2026
SANEF,BAPAUME N°14 A1,CALAIS (péage de Setques),,11.20,,,,,official-2026
SANEF,BAPAUME N°14 A1,CAMBRAI N°14,,4.00,,,,,official-2026
SANEF,BAPAUME N°14 A1,COMPIÈGNE OUEST N°10,,6.60,,,,,official-2026
SANEF,BAPAUME N°14 A1,GARE TGV N°53,,2.50,,,,,official-2026
SANEF,BAPAUME N°14 A1,GUIGNICOURT N°14,,11.30,,,,,official-2026
SANEF,BAPAUME N°14 A1,HORDAIN (péage d'Hordain) A2,,5.20,,,,,official-2026
SANEF,BAPAUME N°14 A1,LA FÈRE N°12,,7.70,,,,,official-2026
SANEF,BAPAUME N°14 A1,LAON N°13,,10.00,,,,,official-2026
SANEF,BAPAUME N°14 A1,LILLE / DOURGES (péage de Fresnes),,3.60,,,,,official-2026
SANEF,BAPAUME N°14 A1,LILLERS N°5,,5.40,,,,,official-2026
SANEF,BAPAUME N°14 A1,LIÉVIN N°6.2,,3.80,,,,,official-2026
SANEF,BAPAUME N°14 A1,MARQUION N°8,,3.10,,,,,official-2026
SANEF,BAPAUME N°14 A1,MASNIÈRES N°9,,4.10,,,,,official-2026
SANEF,BAPAUME N°14 A1,NŒUX-LES-MINES N°6.1 A26 NORD,,4.20,,,,,official-2026
SANEF,BAPAUME N°14 A1,PARIS / ROISSY (péage de Chamant),,12.90,,,,,official-2026
SANEF,BAPAUME N°14 A1,PONT-SAINTE-MAXENCE N°9,,7.10,,,,,official-2026
SANEF,BAPAUME N°14 A1,PÉRONNE / VALLEE DE LA SOMME N°13,,2.10,,,,,official-2026
SANEF,BAPAUME N°14 A1,REIMS (péage de Courcy),,14.70,,,,,official-2026
SANEF,BAPAUME N°14 A1,RESSONS N°11,,5.30,,,,,official-2026
SANEF,BAPAUME N°14 A1,ROYE N°12,,4.00,,,,,official-2026
SANEF,BAPAUME N°14 A1,SAINT-OMER N°3,,8.40,,,,,official-2026
SANEF,BAPAUME N°14 A1,SAINT-QUENTIN NORD N°10,,6.10,,,,,official-2026
SANEF,BAPAUME N°14 A1,SAINT-QUENTIN SUD N°11,,6.50,,,,,official-2026
SANEF,BAPAUME N°14 A1,SENLIS N°8,,8.80,,,,,official-2026
SANEF,BAPAUME N°14 A1,VILLERS-BRETONNEUX N°52,,4.10,,,,,official-2026
SANEF,BEAUVAIS CENTRE N°14,ABBEVILLE EST N°22,,9.40,,,,,official-2026
SANEF,BEAUVAIS CENTRE N°14,ABBEVILLE NORD N°23,,10.70,,,,,official-2026
SANEF,BEAUVAIS CENTRE N°14,AMIENS NORD N°20,,6.00,,,,,official-2026
SANEF,BEAUVAIS CENTRE N°14,AMIENS OUEST N°19,,5.80,,,,,official-2026
SANEF,BEAUVAIS CENTRE N°14,AMIENS SUD (péage de Dury),,6.10,,,,,official-2026
SANEF,BEAUVAIS CENTRE N°14,AUMALE N°12,,8.20,,,,,official-2026
SANEF,BEAUVAIS CENTRE N°14,BEAUVAIS NORD N°15,,0.50,,,,,official-2026
SANEF,BEAUVAIS CENTRE N°14,BERCK N°25,,14.80,,,,,official-2026
SANEF,BEAUVAIS CENTRE N°14,BOULOGNE EST (péage d'Herquelingue),,20.30,,,,,official-2026
SANEF,BEAUVAIS CENTRE N°14,BOULOGNE SUD N°28,,17.10,,,,,official-2026
SANEF,BEAUVAIS CENTRE N°14,ESSERTAUX N°17,,3.90,,,,,official-2026
SANEF,BEAUVAIS CENTRE N°14,ETAPLES / LE TOUQUET N°26,,15.70,,,,,official-2026
SANEF,BEAUVAIS CENTRE N°14,HARDIVILLERS N°16,,2.20,,,,,official-2026
SANEF,BEAUVAIS CENTRE N°14,L'ISLE-ADAM (péage d'Amblainville),,4.30,,,,,official-2026
SANEF,BEAUVAIS CENTRE N°14,LA CÔTE PICARDE N°24 A16,,11.80,,,,,official-2026
SANEF,BEAUVAIS CENTRE N°14,MÉRU N°13,,2.00,,,,,official-2026
SANEF,BEAUVAIS CENTRE N°14,NEUFCHÂTEL-EN-BRAY (A28),,10.00,,,,,official-2026
SANEF,BEAUVAIS CENTRE N°14,NEUFCHÂTEL-HARDELOT N°27,,16.10,,,,,official-2026
SANEF,BEAUVAIS CENTRE N°14,POIX-DE-PICARDIE N°13 A29,,6.30,,,,,official-2026
SANEF,BEAUVAIS CENTRE N°14,SALOUËL N°18,,5.10,,,,,official-2026
SANEF,BEAUVAIS CENTRE N°14,VALLÉE DE LA NIÈVRE N°21,,7.90,,,,,official-2026
SANEF,BEAUVAIS NORD N°15,ABBEVILLE EST N°22,,9.30,,,,,official-2026
SANEF,BEAUVAIS NORD N°15,ABBEVILLE NORD N°23,,10.50,,,,,official-2026
SANEF,BEAUVAIS NORD N°15,AMIENS NORD N°20,,5.20,,,,,official-2026
SANEF,BEAUVAIS NORD N°15,AMIENS OUEST N°19,,4.90,,,,,official-2026
SANEF,BEAUVAIS NORD N°15,AMIENS SUD (péage de Dury),,4.90,,,,,official-2026
SANEF,BEAUVAIS NORD N°15,AUMALE N°12,,7.00,,,,,official-2026
SANEF,BEAUVAIS NORD N°15,BEAUVAIS CENTRE N°14,,0.50,,,,,official-2026
SANEF,BEAUVAIS NORD N°15,BERCK N°25,,14.80,,,,,official-2026
SANEF,BEAUVAIS NORD N°15,BOULOGNE EST (péage d'Herquelingue),,20.10,,,,,official-2026
SANEF,BEAUVAIS NORD N°15,BOULOGNE SUD N°28,,17.00,,,,,official-2026
SANEF,BEAUVAIS NORD N°15,ESSERTAUX N°17,,3.10,,,,,official-2026
SANEF,BEAUVAIS NORD N°15,ETAPLES / LE TOUQUET N°26,,15.70,,,,,official-2026
SANEF,BEAUVAIS NORD N°15,HARDIVILLERS N°16,,1.60,,,,,official-2026
SANEF,BEAUVAIS NORD N°15,L'ISLE-ADAM (péage d'Amblainville),,5.10,,,,,official-2026
SANEF,BEAUVAIS NORD N°15,LA CÔTE PICARDE N°24 A16,,11.70,,,,,official-2026
SANEF,BEAUVAIS NORD N°15,MÉRU N°13,,2.60,,,,,official-2026
SANEF,BEAUVAIS NORD N°15,NEUFCHÂTEL-EN-BRAY (A28),,9.70,,,,,official-2026
SANEF,BEAUVAIS NORD N°15,NEUFCHÂTEL-HARDELOT N°27,,15.90,,,,,official-2026
SANEF,BEAUVAIS NORD N°15,POIX-DE-PICARDIE N°13 A29,,5.70,,,,,official-2026
SANEF,BEAUVAIS NORD N°15,SALOUËL N°18,,4.60,,,,,official-2026
SANEF,BEAUVAIS NORD N°15,VALLÉE DE LA NIÈVRE N°21,,7.10,,,,,official-2026
SANEF,BERCK N°25,ABBEVILLE EST N°22,,4.90,,,,,official-2026
SANEF,BERCK N°25,ABBEVILLE NORD N°23,,4.10,,,,,official-2026
SANEF,BERCK N°25,AMIENS NORD N°20,,8.60,,,,,official-2026
SANEF,BERCK N°25,AMIENS OUEST N°19,,8.60,,,,,official-2026
SANEF,BERCK N°25,AMIENS SUD (péage de Dury),,9.80,,,,,official-2026
SANEF,BERCK N°25,AUMALE N°12,,10.10,,,,,official-2026
SANEF,BERCK N°25,BEAUVAIS CENTRE N°14,,14.80,,,,,official-2026
SANEF,BERCK N°25,BEAUVAIS NORD N°15,,14.80,,,,,official-2026
SANEF,BERCK N°25,BOULOGNE EST (péage d'Herquelingue),,4.70,,,,,official-2026
SANEF,BERCK N°25,BOULOGNE SUD N°28,,3.40,,,,,official-2026
SANEF,BERCK N°25,ESSERTAUX N°17,,10.30,,,,,official-2026
SANEF,BERCK N°25,ETAPLES / LE TOUQUET N°26,,1.20,,,,,official-2026
SANEF,BERCK N°25,HARDIVILLERS N°16,,11.70,,,,,official-2026
SANEF,BERCK N°25,L'ISLE-ADAM (péage d'Amblainville),,19.30,,,,,official-2026
SANEF,BERCK N°25,LA CÔTE PICARDE N°24 A16,,1.90,,,,,official-2026
SANEF,BERCK N°25,MÉRU N°13,,15.90,,,,,official-2026
SANEF,BERCK N°25,NEUFCHÂTEL-EN-BRAY (A28),,12.60,,,,,official-2026
SANEF,BERCK N°25,NEUFCHÂTEL-HARDELOT N°27,,2.20,,,,,official-2026
SANEF,BERCK N°25,POIX-DE-PICARDIE N°13 A29,,8.80,,,,,official-2026
SANEF,BERCK N°25,SALOUËL N°18,,9.30,,,,,official-2026
SANEF,BERCK N°25,VALLÉE DE LA NIÈVRE N°21,,6.40,,,,,official-2026
SANEF,BOULOGNE EST (péage d'Herquelingue),ABBEVILLE EST N°22,,10.30,,,,,official-2026
SANEF,BOULOGNE EST (péage d'Herquelingue),ABBEVILLE NORD N°23,,9.30,,,,,official-2026
SANEF,BOULOGNE EST (péage d'Herquelingue),AMIENS NORD N°20,,13.60,,,,,official-2026
SANEF,BOULOGNE EST (péage d'Herquelingue),AMIENS OUEST N°19,,13.60,,,,,official-2026
SANEF,BOULOGNE EST (péage d'Herquelingue),AMIENS SUD (péage de Dury),,15.80,,,,,official-2026
SANEF,BOULOGNE EST (péage d'Herquelingue),AUMALE N°12,,14.80,,,,,official-2026
SANEF,BOULOGNE EST (péage d'Herquelingue),BEAUVAIS CENTRE N°14,,20.30,,,,,official-2026
SANEF,BOULOGNE EST (péage d'Herquelingue),BEAUVAIS NORD N°15,,20.10,,,,,official-2026
SANEF,BOULOGNE EST (péage d'Herquelingue),BERCK N°25,,4.70,,,,,official-2026
SANEF,BOULOGNE EST (péage d'Herquelingue),BOULOGNE SUD N°28,,1.10,,,,,official-2026
SANEF,BOULOGNE EST (péage d'Herquelingue),ESSERTAUX N°17,,15.20,,,,,official-2026
SANEF,BOULOGNE EST (péage d'Herquelingue),ETAPLES / LE TOUQUET N°26,,3.50,,,,,official-2026
SANEF,BOULOGNE EST (péage d'Herquelingue),HARDIVILLERS N°16,,16.30,,,,,official-2026
SANEF,BOULOGNE EST (péage d'Herquelingue),L'ISLE-ADAM (péage d'Amblainville),,25.00,,,,,official-2026
SANEF,BOULOGNE EST (péage d'Herquelingue),LA CÔTE PICARDE N°24 A16,,6.80,,,,,official-2026
SANEF,BOULOGNE EST (péage d'Herquelingue),MÉRU N°13,,21.90,,,,,official-2026
SANEF,BOULOGNE EST (péage d'Herquelingue),NEUFCHÂTEL-EN-BRAY (A28),,17.20,,,,,official-2026
SANEF,BOULOGNE EST (péage d'Herquelingue),NEUFCHÂTEL-HARDELOT N°27,,1.90,,,,,official-2026
SANEF,BOULOGNE EST (péage d'Herquelingue),POIX-DE-PICARDIE N°13 A29,,14.70,,,,,official-2026
SANEF,BOULOGNE EST (péage d'Herquelingue),SALOUËL N°18,,13.90,,,,,official-2026
SANEF,BOULOGNE EST (péage d'Herquelingue),VALLÉE DE LA NIÈVRE N°21,,11.50,,,,,official-2026
SANEF,BOULOGNE SUD N°28,ABBEVILLE EST N°22,,8.50,,,,,official-2026
SANEF,BOULOGNE SUD N°28,ABBEVILLE NORD N°23,,7.70,,,,,official-2026
SANEF,BOULOGNE SUD N°28,AMIENS NORD N°20,,11.50,,,,,official-2026
SANEF,BOULOGNE SUD N°28,AMIENS OUEST N°19,,11.50,,,,,official-2026
SANEF,BOULOGNE SUD N°28,AMIENS SUD (péage de Dury),,12.70,,,,,official-2026
SANEF,BOULOGNE SUD N°28,AUMALE N°12,,13.10,,,,,official-2026
SANEF,BOULOGNE SUD N°28,BEAUVAIS CENTRE N°14,,17.10,,,,,official-2026
SANEF,BOULOGNE SUD N°28,BEAUVAIS NORD N°15,,17.00,,,,,official-2026
SANEF,BOULOGNE SUD N°28,BERCK N°25,,3.40,,,,,official-2026
SANEF,BOULOGNE SUD N°28,BOULOGNE EST (péage d'Herquelingue),,1.10,,,,,official-2026
SANEF,BOULOGNE SUD N°28,ESSERTAUX N°17,,12.90,,,,,official-2026
SANEF,BOULOGNE SUD N°28,ETAPLES / LE TOUQUET N°26,,1.70,,,,,official-2026
SANEF,BOULOGNE SUD N°28,HARDIVILLERS N°16,,14.80,,,,,official-2026
SANEF,BOULOGNE SUD N°28,L'ISLE-ADAM (péage d'Amblainville),,23.80,,,,,official-2026
SANEF,BOULOGNE SUD N°28,LA CÔTE PICARDE N°24 A16,,5.10,,,,,official-2026
SANEF,BOULOGNE SUD N°28,MÉRU N°13,,19.70,,,,,official-2026
SANEF,BOULOGNE SUD N°28,NEUFCHÂTEL-EN-BRAY (A28),,14.90,,,,,official-2026
SANEF,BOULOGNE SUD N°28,NEUFCHÂTEL-HARDELOT N°27,,1.10,,,,,official-2026
SANEF,BOULOGNE SUD N°28,POIX-DE-PICARDIE N°13 A29,,11.70,,,,,official-2026
SANEF,BOULOGNE SUD N°28,SALOUËL N°18,,11.50,,,,,official-2026
SANEF,BOULOGNE SUD N°28,VALLÉE DE LA NIÈVRE N°21,,9.60,,,,,official-2026
SANEF,BÉTHUNE N°6,AIRE-SUR-LA-LYS N°4,,2.80,,,,,official-2026
SANEF,BÉTHUNE N°6,ALBERT N°13.1,,5.70,,,,,official-2026
SANEF,BÉTHUNE N°6,AMIENS EST (péage de Jules Verne) A29,,10.70,,,,,official-2026
SANEF,BÉTHUNE N°6,ARRAS EST (A1) N°15,,3.00,,,,,official-2026
SANEF,BÉTHUNE N°6,ARRAS NORD (A26) N°7,,2.00,,,,,official-2026
SANEF,BÉTHUNE N°6,ATHIES N°54,,7.70,,,,,official-2026
SANEF,BÉTHUNE N°6,BAPAUME N°14 A1,,4.50,,,,,official-2026
SANEF,BÉTHUNE N°6,CALAIS (péage de Setques),,7.10,,,,,official-2026
SANEF,BÉTHUNE N°6,CAMBRAI N°14,,5.20,,,,,official-2026
SANEF,BÉTHUNE N°6,COMPIÈGNE OUEST N°10,,11.10,,,,,official-2026
SANEF,BÉTHUNE N°6,GARE TGV N°53,,7.10,,,,,official-2026
SANEF,BÉTHUNE N°6,GUIGNICOURT N°14,,14.50,,,,,official-2026
SANEF,BÉTHUNE N°6,HORDAIN (péage d'Hordain) A2,,6.30,,,,,official-2026
SANEF,BÉTHUNE N°6,LA FÈRE N°12,,9.80,,,,,official-2026
SANEF,BÉTHUNE N°6,LAON N°13,,11.90,,,,,official-2026
SANEF,BÉTHUNE N°6,LILLE / DOURGES (péage de Fresnes),,4.00,,,,,official-2026
SANEF,BÉTHUNE N°6,LILLERS N°5,,1.10,,,,,official-2026
SANEF,BÉTHUNE N°6,LIÉVIN N°6.2,,1.00,,,,,official-2026
SANEF,BÉTHUNE N°6,MARQUION N°8,,4.10,,,,,official-2026
SANEF,BÉTHUNE N°6,MASNIÈRES N°9,,5.80,,,,,official-2026
SANEF,BÉTHUNE N°6,NŒUX-LES-MINES N°6.1 A26 NORD,,0.50,,,,,official-2026
SANEF,BÉTHUNE N°6,PARIS / ROISSY (péage de Chamant),,18.70,,,,,official-2026
SANEF,BÉTHUNE N°6,PONT-SAINTE-MAXENCE N°9,,12.60,,,,,official-2026
SANEF,BÉTHUNE N°6,PÉRONNE / VALLEE DE LA SOMME N°13,,7.00,,,,,official-2026
SANEF,BÉTHUNE N°6,REIMS (péage de Courcy),,18.20,,,,,official-2026
SANEF,BÉTHUNE N°6,RESSONS N°11,,10.20,,,,,official-2026
SANEF,BÉTHUNE N°6,ROYE N°12,,8.70,,,,,official-2026
SANEF,BÉTHUNE N°6,SAINT-OMER N°3,,3.80,,,,,official-2026
SANEF,BÉTHUNE N°6,SAINT-QUENTIN NORD N°10,,8.00,,,,,official-2026
SANEF,BÉTHUNE N°6,SAINT-QUENTIN SUD N°11,,8.90,,,,,official-2026
SANEF,BÉTHUNE N°6,SENLIS N°8,,14.40,,,,,official-2026
SANEF,BÉTHUNE N°6,VILLERS-BRETONNEUX N°52,,8.50,,,,,official-2026
SANEF,CALAIS (péage de Setques),AIRE-SUR-LA-LYS N°4,,3.30,,,,,official-2026
SANEF,CALAIS (péage de Setques),ALBERT N°13.1,,12.10,,,,,official-2026
SANEF,CALAIS (péage de Setques),AMIENS EST (péage de Jules Verne) A29,,16.70,,,,,official-2026
SANEF,CALAIS (péage de Setques),ARRAS EST (A1) N°15,,9.20,,,,,official-2026
SANEF,CALAIS (péage de Setques),ARRAS NORD (A26) N°7,,9.30,,,,,official-2026
SANEF,CALAIS (péage de Setques),ATHIES N°54,,14.40,,,,,official-2026
SANEF,CALAIS (péage de Setques),BAPAUME N°14 A1,,11.20,,,,,official-2026
SANEF,CALAIS (péage de Setques),BÉTHUNE N°6,,7.10,,,,,official-2026
SANEF,CALAIS (péage de Setques),CAMBRAI N°14,,11.80,,,,,official-2026
SANEF,CALAIS (péage de Setques),COMPIÈGNE OUEST N°10,,18.50,,,,,official-2026
SANEF,CALAIS (péage de Setques),GARE TGV N°53,,12.60,,,,,official-2026
SANEF,CALAIS (péage de Setques),GUIGNICOURT N°14,,21.10,,,,,official-2026
SANEF,CALAIS (péage de Setques),HORDAIN (péage d'Hordain) A2,,13.30,,,,,official-2026
SANEF,CALAIS (péage de Setques),LA FÈRE N°12,,16.90,,,,,official-2026
SANEF,CALAIS (péage de Setques),LAON N°13,,19.70,,,,,official-2026
SANEF,CALAIS (péage de Setques),LILLE / DOURGES (péage de Fresnes),,10.20,,,,,official-2026
SANEF,CALAIS (péage de Setques),LILLERS N°5,,5.50,,,,,official-2026
SANEF,CALAIS (péage de Setques),LIÉVIN N°6.2,,8.70,,,,,official-2026
SANEF,CALAIS (péage de Setques),MARQUION N°8,,11.70,,,,,official-2026
SANEF,CALAIS (péage de Setques),MASNIÈRES N°9,,12.30,,,,,official-2026
SANEF,CALAIS (péage de Setques),NŒUX-LES-MINES N°6.1 A26 NORD,,8.00,,,,,official-2026
SANEF,CALAIS (péage de Setques),PARIS / ROISSY (péage de Chamant),,25.20,,,,,official-2026
SANEF,CALAIS (péage de Setques),PONT-SAINTE-MAXENCE N°9,,19.00,,,,,official-2026
SANEF,CALAIS (péage de Setques),PÉRONNE / VALLEE DE LA SOMME N°13,,12.40,,,,,official-2026
SANEF,CALAIS (péage de Setques),REIMS (péage de Courcy),,26.60,,,,,official-2026
SANEF,CALAIS (péage de Setques),RESSONS N°11,,17.70,,,,,official-2026
SANEF,CALAIS (péage de Setques),ROYE N°12,,15.00,,,,,official-2026
SANEF,CALAIS (péage de Setques),SAINT-OMER N°3,,2.80,,,,,official-2026
SANEF,CALAIS (péage de Setques),SAINT-QUENTIN NORD N°10,,15.40,,,,,official-2026
SANEF,CALAIS (péage de Setques),SAINT-QUENTIN SUD N°11,,15.90,,,,,official-2026
SANEF,CALAIS (péage de Setques),SENLIS N°8,,20.20,,,,,official-2026
SANEF,CALAIS (péage de Setques),VILLERS-BRETONNEUX N°52,,13.70,,,,,official-2026
SANEF,CAMBRAI N°14,AIRE-SUR-LA-LYS N°4,,8.00,,,,,official-2026
SANEF,CAMBRAI N°14,ALBERT N°13.1,,2.60,,,,,official-2026
SANEF,CAMBRAI N°14,AMIENS EST (péage de Jules Verne) A29,,7.70,,,,,official-2026
SANEF,CAMBRAI N°14,ARRAS EST (A1) N°15,,2.80,,,,,official-2026
SANEF,CAMBRAI N°14,ARRAS NORD (A26) N°7,,3.30,,,,,official-2026
SANEF,CAMBRAI N°14,ATHIES N°54,,4.40,,,,,official-2026
SANEF,CAMBRAI N°14,BAPAUME N°14 A1,,4.00,,,,,official-2026
SANEF,CAMBRAI N°14,BÉTHUNE N°6,,5.20,,,,,official-2026
SANEF,CAMBRAI N°14,CALAIS (péage de Setques),,11.80,,,,,official-2026
SANEF,CAMBRAI N°14,COMPIÈGNE OUEST N°10,,8.50,,,,,official-2026
SANEF,CAMBRAI N°14,GARE TGV N°53,,3.60,,,,,official-2026
SANEF,CAMBRAI N°14,GUIGNICOURT N°14,,9.10,,,,,official-2026
SANEF,CAMBRAI N°14,HORDAIN (péage d'Hordain) A2,,1.20,,,,,official-2026
SANEF,CAMBRAI N°14,LA FÈRE N°12,,5.20,,,,,official-2026
SANEF,CAMBRAI N°14,LAON N°13,,7.10,,,,,official-2026
SANEF,CAMBRAI N°14,LILLE / DOURGES (péage de Fresnes),,3.60,,,,,official-2026
SANEF,CAMBRAI N°14,LILLERS N°5,,5.80,,,,,official-2026
SANEF,CAMBRAI N°14,LIÉVIN N°6.2,,4.30,,,,,official-2026
SANEF,CAMBRAI N°14,MARQUION N°8,,0.90,,,,,official-2026
SANEF,CAMBRAI N°14,MASNIÈRES N°9,,1.20,,,,,official-2026
SANEF,CAMBRAI N°14,NŒUX-LES-MINES N°6.1 A26 NORD,,4.70,,,,,official-2026
SANEF,CAMBRAI N°14,PARIS / ROISSY (péage de Chamant),,14.90,,,,,official-2026
SANEF,CAMBRAI N°14,PONT-SAINTE-MAXENCE N°9,,9.00,,,,,official-2026
SANEF,CAMBRAI N°14,PÉRONNE / VALLEE DE LA SOMME N°13,,3.40,,,,,official-2026
SANEF,CAMBRAI N°14,REIMS (péage de Courcy),,12.50,,,,,official-2026
SANEF,CAMBRAI N°14,RESSONS N°11,,6.80,,,,,official-2026
SANEF,CAMBRAI N°14,ROYE N°12,,5.10,,,,,official-2026
SANEF,CAMBRAI N°14,SAINT-OMER N°3,,8.70,,,,,official-2026
SANEF,CAMBRAI N°14,SAINT-QUENTIN NORD N°10,,3.10,,,,,official-2026
SANEF,CAMBRAI N°14,SAINT-QUENTIN SUD N°11,,4.20,,,,,official-2026
SANEF,CAMBRAI N°14,SENLIS N°8,,10.40,,,,,official-2026
SANEF,CAMBRAI N°14,VILLERS-BRETONNEUX N°52,,5.20,,,,,official-2026
SANEF,COMPIÈGNE OUEST N°10,AIRE-SUR-LA-LYS N°4,,14.30,,,,,official-2026
SANEF,COMPIÈGNE OUEST N°10,ALBERT N°13.1,,5.30,,,,,official-2026
SANEF,COMPIÈGNE OUEST N°10,AMIENS EST (péage de Jules Verne) A29,,7.90,,,,,official-2026
SANEF,COMPIÈGNE OUEST N°10,ARRAS EST (A1) N°15,,9.10,,,,,official-2026
SANEF,COMPIÈGNE OUEST N°10,ARRAS NORD (A26) N°7,,9.40,,,,,official-2026
SANEF,COMPIÈGNE OUEST N°10,ATHIES N°54,,5.00,,,,,official-2026
SANEF,COMPIÈGNE OUEST N°10,BAPAUME N°14 A1,,6.60,,,,,official-2026
SANEF,COMPIÈGNE OUEST N°10,BÉTHUNE N°6,,11.10,,,,,official-2026
SANEF,COMPIÈGNE OUEST N°10,CALAIS (péage de Setques),,18.50,,,,,official-2026
SANEF,COMPIÈGNE OUEST N°10,CAMBRAI N°14,,8.50,,,,,official-2026
SANEF,COMPIÈGNE OUEST N°10,GARE TGV N°53,,4.30,,,,,official-2026
SANEF,COMPIÈGNE OUEST N°10,GUIGNICOURT N°14,,12.10,,,,,official-2026
SANEF,COMPIÈGNE OUEST N°10,HORDAIN (péage d'Hordain) A2,,10.50,,,,,official-2026
SANEF,COMPIÈGNE OUEST N°10,LA FÈRE N°12,,8.60,,,,,official-2026
SANEF,COMPIÈGNE OUEST N°10,LAON N°13,,9.50,,,,,official-2026
SANEF,COMPIÈGNE OUEST N°10,LILLE / DOURGES (péage de Fresnes),,12.40,,,,,official-2026
SANEF,COMPIÈGNE OUEST N°10,LILLERS N°5,,12.80,,,,,official-2026
SANEF,COMPIÈGNE OUEST N°10,LIÉVIN N°6.2,,10.60,,,,,official-2026
SANEF,COMPIÈGNE OUEST N°10,MARQUION N°8,,8.40,,,,,official-2026
SANEF,COMPIÈGNE OUEST N°10,MASNIÈRES N°9,,8.40,,,,,official-2026
SANEF,COMPIÈGNE OUEST N°10,NŒUX-LES-MINES N°6.1 A26 NORD,,10.80,,,,,official-2026
SANEF,COMPIÈGNE OUEST N°10,PARIS / ROISSY (péage de Chamant),,4.90,,,,,official-2026
SANEF,COMPIÈGNE OUEST N°10,PONT-SAINTE-MAXENCE N°9,,0.70,,,,,official-2026
SANEF,COMPIÈGNE OUEST N°10,PÉRONNE / VALLEE DE LA SOMME N°13,,4.60,,,,,official-2026
SANEF,COMPIÈGNE OUEST N°10,REIMS (péage de Courcy),,14.40,,,,,official-2026
SANEF,COMPIÈGNE OUEST N°10,RESSONS N°11,,1.00,,,,,official-2026
SANEF,COMPIÈGNE OUEST N°10,ROYE N°12,,2.90,,,,,official-2026
SANEF,COMPIÈGNE OUEST N°10,SAINT-OMER N°3,,15.50,,,,,official-2026
SANEF,COMPIÈGNE OUEST N°10,SAINT-QUENTIN NORD N°10,,8.00,,,,,official-2026
SANEF,COMPIÈGNE OUEST N°10,SAINT-QUENTIN SUD N°11,,7.50,,,,,official-2026
SANEF,COMPIÈGNE OUEST N°10,SENLIS N°8,,1.90,,,,,official-2026
SANEF,COMPIÈGNE OUEST N°10,VILLERS-BRETONNEUX N°52,,5.70,,,,,official-2026
SANEF,ESSERTAUX N°17,ABBEVILLE EST N°22,,5.30,,,,,official-2026
SANEF,ESSERTAUX N°17,ABBEVILLE NORD N°23,,6.40,,,,,official-2026
SANEF,ESSERTAUX N°17,AMIENS NORD N°20,,2.20,,,,,official-2026
SANEF,ESSERTAUX N°17,AMIENS OUEST N°19,,1.70,,,,,official-2026
SANEF,ESSERTAUX N°17,AMIENS SUD (péage de Dury),,1.60,,,,,official-2026
SANEF,ESSERTAUX N°17,AUMALE N°12,,4.70,,,,,official-2026
SANEF,ESSERTAUX N°17,BEAUVAIS CENTRE N°14,,3.90,,,,,official-2026
SANEF,ESSERTAUX N°17,BEAUVAIS NORD N°15,,3.10,,,,,official-2026
SANEF,ESSERTAUX N°17,BERCK N°25,,10.30,,,,,official-2026
SANEF,ESSERTAUX N°17,BOULOGNE EST (péage d'Herquelingue),,15.20,,,,,official-2026
SANEF,ESSERTAUX N°17,BOULOGNE SUD N°28,,12.90,,,,,official-2026
SANEF,ESSERTAUX N°17,ETAPLES / LE TOUQUET N°26,,11.30,,,,,official-2026
SANEF,ESSERTAUX N°17,HARDIVILLERS N°16,,1.30,,,,,official-2026
SANEF,ESSERTAUX N°17,L'ISLE-ADAM (péage d'Amblainville),,8.10,,,,,official-2026
SANEF,ESSERTAUX N°17,LA CÔTE PICARDE N°24 A16,,8.30,,,,,official-2026
SANEF,ESSERTAUX N°17,MÉRU N°13,,5.10,,,,,official-2026
SANEF,ESSERTAUX N°17,NEUFCHÂTEL-EN-BRAY (A28),,6.20,,,,,official-2026
SANEF,ESSERTAUX N°17,NEUFCHÂTEL-HARDELOT N°27,,11.80,,,,,official-2026
SANEF,ESSERTAUX N°17,POIX-DE-PICARDIE N°13 A29,,3.00,,,,,official-2026
SANEF,ESSERTAUX N°17,SALOUËL N°18,,1.20,,,,,official-2026
SANEF,ESSERTAUX N°17,VALLÉE DE LA NIÈVRE N°21,,4.00,,,,,official-2026
SANEF,ETAPLES / LE TOUQUET N°26,ABBEVILLE EST N°22,,6.50,,,,,official-2026
SANEF,ETAPLES / LE TOUQUET N°26,ABBEVILLE NORD N°23,,5.20,,,,,official-2026
SANEF,ETAPLES / LE TOUQUET N°26,AMIENS NORD N°20,,9.90,,,,,official-2026
SANEF,ETAPLES / LE TOUQUET N°26,AMIENS OUEST N°19,,9.90,,,,,official-2026
SANEF,ETAPLES / LE TOUQUET N°26,AMIENS SUD (péage de Dury),,11.00,,,,,official-2026
SANEF,ETAPLES / LE TOUQUET N°26,AUMALE N°12,,11.40,,,,,official-2026
SANEF,ETAPLES / LE TOUQUET N°26,BEAUVAIS CENTRE N°14,,15.70,,,,,official-2026
SANEF,ETAPLES / LE TOUQUET N°26,BEAUVAIS NORD N°15,,15.70,,,,,official-2026
SANEF,ETAPLES / LE TOUQUET N°26,BERCK N°25,,1.20,,,,,official-2026
SANEF,ETAPLES / LE TOUQUET N°26,BOULOGNE EST (péage d'Herquelingue),,3.50,,,,,official-2026
SANEF,ETAPLES / LE TOUQUET N°26,BOULOGNE SUD N°28,,1.70,,,,,official-2026
SANEF,ETAPLES / LE TOUQUET N°26,ESSERTAUX N°17,,11.30,,,,,official-2026
SANEF,ETAPLES / LE TOUQUET N°26,HARDIVILLERS N°16,,12.40,,,,,official-2026
SANEF,ETAPLES / LE TOUQUET N°26,L'ISLE-ADAM (péage d'Amblainville),,21.00,,,,,official-2026
SANEF,ETAPLES / LE TOUQUET N°26,LA CÔTE PICARDE N°24 A16,,3.10,,,,,official-2026
SANEF,ETAPLES / LE TOUQUET N°26,MÉRU N°13,,17.30,,,,,official-2026
SANEF,ETAPLES / LE TOUQUET N°26,NEUFCHÂTEL-EN-BRAY (A28),,12.70,,,,,official-2026
SANEF,ETAPLES / LE TOUQUET N°26,NEUFCHÂTEL-HARDELOT N°27,,1.20,,,,,official-2026
SANEF,ETAPLES / LE TOUQUET N°26,POIX-DE-PICARDIE N°13 A29,,9.90,,,,,official-2026
SANEF,ETAPLES / LE TOUQUET N°26,SALOUËL N°18,,9.90,,,,,official-2026
SANEF,ETAPLES / LE TOUQUET N°26,VALLÉE DE LA NIÈVRE N°21,,7.50,,,,,official-2026
SANEF,GARE TGV N°53,AIRE-SUR-LA-LYS N°4,,9.10,,,,,official-2026
SANEF,GARE TGV N°53,ALBERT N°13.1,,1.00,,,,,official-2026
SANEF,GARE TGV N°53,AMIENS EST (péage de Jules Verne) A29,,3.20,,,,,official-2026
SANEF,GARE TGV N°53,ARRAS EST (A1) N°15,,3.90,,,,,official-2026
SANEF,GARE TGV N°53,ARRAS NORD (A26) N°7,,4.70,,,,,official-2026
SANEF,GARE TGV N°53,ATHIES N°54,,1.00,,,,,official-2026
SANEF,GARE TGV N°53,BAPAUME N°14 A1,,2.50,,,,,official-2026
SANEF,GARE TGV N°53,BÉTHUNE N°6,,7.10,,,,,official-2026
SANEF,GARE TGV N°53,CALAIS (péage de Setques),,12.60,,,,,official-2026
SANEF,GARE TGV N°53,CAMBRAI N°14,,3.60,,,,,official-2026
SANEF,GARE TGV N°53,COMPIÈGNE OUEST N°10,,4.30,,,,,official-2026
SANEF,GARE TGV N°53,GUIGNICOURT N°14,,7.40,,,,,official-2026
SANEF,GARE TGV N°53,HORDAIN (péage d'Hordain) A2,,4.80,,,,,official-2026
SANEF,GARE TGV N°53,LA FÈRE N°12,,4.50,,,,,official-2026
SANEF,GARE TGV N°53,LAON N°13,,5.60,,,,,official-2026
SANEF,GARE TGV N°53,LILLE / DOURGES (péage de Fresnes),,5.50,,,,,official-2026
SANEF,GARE TGV N°53,LILLERS N°5,,7.70,,,,,official-2026
SANEF,GARE TGV N°53,LIÉVIN N°6.2,,5.80,,,,,official-2026
SANEF,GARE TGV N°53,MARQUION N°8,,5.00,,,,,official-2026
SANEF,GARE TGV N°53,MASNIÈRES N°9,,4.10,,,,,official-2026
SANEF,GARE TGV N°53,NŒUX-LES-MINES N°6.1 A26 NORD,,6.50,,,,,official-2026
SANEF,GARE TGV N°53,PARIS / ROISSY (péage de Chamant),,8.70,,,,,official-2026
SANEF,GARE TGV N°53,PONT-SAINTE-MAXENCE N°9,,4.60,,,,,official-2026
SANEF,GARE TGV N°53,PÉRONNE / VALLEE DE LA SOMME N°13,,0.30,,,,,official-2026
SANEF,GARE TGV N°53,REIMS (péage de Courcy),,10.70,,,,,official-2026
SANEF,GARE TGV N°53,RESSONS N°11,,3.00,,,,,official-2026
SANEF,GARE TGV N°53,ROYE N°12,,1.30,,,,,official-2026
SANEF,GARE TGV N°53,SAINT-OMER N°3,,10.10,,,,,official-2026
SANEF,GARE TGV N°53,SAINT-QUENTIN NORD N°10,,3.10,,,,,official-2026
SANEF,GARE TGV N°53,SAINT-QUENTIN SUD N°11,,3.00,,,,,official-2026
SANEF,GARE TGV N°53,SENLIS N°8,,5.90,,,,,official-2026
SANEF,GARE TGV N°53,VILLERS-BRETONNEUX N°52,,1.60,,,,,official-2026
SANEF,GUIGNICOURT N°14,AIRE-SUR-LA-LYS N°4,,16.00,,,,,official-2026
SANEF,GUIGNICOURT N°14,ALBERT N°13.1,,9.20,,,,,official-2026
SANEF,GUIGNICOURT N°14,AMIENS EST (péage de Jules Verne) A29,,10.90,,,,,official-2026
SANEF,GUIGNICOURT N°14,ARRAS EST (A1) N°15,,10.90,,,,,official-2026
SANEF,GUIGNICOURT N°14,ARRAS NORD (A26) N°7,,12.40,,,,,official-2026
SANEF,GUIGNICOURT N°14,ATHIES N°54,,6.20,,,,,official-2026
SANEF,GUIGNICOURT N°14,BAPAUME N°14 A1,,11.30,,,,,official-2026
SANEF,GUIGNICOURT N°14,BÉTHUNE N°6,,14.50,,,,,official-2026
SANEF,GUIGNICOURT N°14,CALAIS (péage de Setques),,21.10,,,,,official-2026
SANEF,GUIGNICOURT N°14,CAMBRAI N°14,,9.10,,,,,official-2026
SANEF,GUIGNICOURT N°14,COMPIÈGNE OUEST N°10,,12.10,,,,,official-2026
SANEF,GUIGNICOURT N°14,GARE TGV N°53,,7.40,,,,,official-2026
SANEF,GUIGNICOURT N°14,HORDAIN (péage d'Hordain) A2,,10.50,,,,,official-2026
SANEF,GUIGNICOURT N°14,LA FÈRE N°12,,3.80,,,,,official-2026
SANEF,GUIGNICOURT N°14,LAON N°13,,2.20,,,,,official-2026
SANEF,GUIGNICOURT N°14,LILLE / DOURGES (péage de Fresnes),,12.50,,,,,official-2026
SANEF,GUIGNICOURT N°14,LILLERS N°5,,14.60,,,,,official-2026
SANEF,GUIGNICOURT N°14,LIÉVIN N°6.2,,13.30,,,,,official-2026
SANEF,GUIGNICOURT N°14,MARQUION N°8,,9.40,,,,,official-2026
SANEF,GUIGNICOURT N°14,MASNIÈRES N°9,,8.30,,,,,official-2026
SANEF,GUIGNICOURT N°14,NŒUX-LES-MINES N°6.1 A26 NORD,,13.60,,,,,official-2026
SANEF,GUIGNICOURT N°14,PARIS / ROISSY (péage de Chamant),,15.90,,,,,official-2026
SANEF,GUIGNICOURT N°14,PONT-SAINTE-MAXENCE N°9,,12.50,,,,,official-2026
SANEF,GUIGNICOURT N°14,PÉRONNE / VALLEE DE LA SOMME N°13,,8.20,,,,,official-2026
SANEF,GUIGNICOURT N°14,REIMS (péage de Courcy),,2.40,,,,,official-2026
SANEF,GUIGNICOURT N°14,RESSONS N°11,,10.50,,,,,official-2026
SANEF,GUIGNICOURT N°14,ROYE N°12,,9.60,,,,,official-2026
SANEF,GUIGNICOURT N°14,SAINT-OMER N°3,,18.40,,,,,official-2026
SANEF,GUIGNICOURT N°14,SAINT-QUENTIN NORD N°10,,6.20,,,,,official-2026
SANEF,GUIGNICOURT N°14,SAINT-QUENTIN SUD N°11,,6.00,,,,,official-2026
SANEF,GUIGNICOURT N°14,SENLIS N°8,,13.50,,,,,official-2026
SANEF,GUIGNICOURT N°14,VILLERS-BRETONNEUX N°52,,9.40,,,,,official-2026
SANEF,HARDIVILLERS N°16,ABBEVILLE EST N°22,,6.90,,,,,official-2026
SANEF,HARDIVILLERS N°16,ABBEVILLE NORD N°23,,7.90,,,,,official-2026
SANEF,HARDIVILLERS N°16,AMIENS NORD N°20,,3.50,,,,,official-2026
SANEF,HARDIVILLERS N°16,AMIENS OUEST N°19,,2.90,,,,,official-2026
SANEF,HARDIVILLERS N°16,AMIENS SUD (péage de Dury),,3.10,,,,,official-2026
SANEF,HARDIVILLERS N°16,AUMALE N°12,,5.70,,,,,official-2026
SANEF,HARDIVILLERS N°16,BEAUVAIS CENTRE N°14,,2.20,,,,,official-2026
SANEF,HARDIVILLERS N°16,BEAUVAIS NORD N°15,,1.60,,,,,official-2026
SANEF,HARDIVILLERS N°16,BERCK N°25,,11.70,,,,,official-2026
SANEF,HARDIVILLERS N°16,BOULOGNE EST (péage d'Herquelingue),,16.30,,,,,official-2026
SANEF,HARDIVILLERS N°16,BOULOGNE SUD N°28,,14.80,,,,,official-2026
SANEF,HARDIVILLERS N°16,ESSERTAUX N°17,,1.30,,,,,official-2026
SANEF,HARDIVILLERS N°16,ETAPLES / LE TOUQUET N°26,,12.40,,,,,official-2026
SANEF,HARDIVILLERS N°16,L'ISLE-ADAM (péage d'Amblainville),,6.90,,,,,official-2026
SANEF,HARDIVILLERS N°16,LA CÔTE PICARDE N°24 A16,,9.40,,,,,official-2026
SANEF,HARDIVILLERS N°16,MÉRU N°13,,4.10,,,,,official-2026
SANEF,HARDIVILLERS N°16,NEUFCHÂTEL-EN-BRAY (A28),,8.10,,,,,official-2026
SANEF,HARDIVILLERS N°16,NEUFCHÂTEL-HARDELOT N°27,,13.90,,,,,official-2026
SANEF,HARDIVILLERS N°16,POIX-DE-PICARDIE N°13 A29,,4.50,,,,,official-2026
SANEF,HARDIVILLERS N°16,SALOUËL N°18,,2.70,,,,,official-2026
SANEF,HARDIVILLERS N°16,VALLÉE DE LA NIÈVRE N°21,,4.80,,,,,official-2026
SANEF,HORDAIN (péage d'Hordain) A2,AIRE-SUR-LA-LYS N°4,,8.70,,,,,official-2026
SANEF,HORDAIN (péage d'Hordain) A2,ALBERT N°13.1,,4.40,,,,,official-2026
SANEF,HORDAIN (péage d'Hordain) A2,AMIENS EST (péage de Jules Verne) A29,,9.50,,,,,official-2026
SANEF,HORDAIN (péage d'Hordain) A2,ARRAS EST (A1) N°15,,4.30,,,,,official-2026
SANEF,HORDAIN (péage d'Hordain) A2,ARRAS NORD (A26) N°7,,4.60,,,,,official-2026
SANEF,HORDAIN (péage d'Hordain) A2,ATHIES N°54,,5.70,,,,,official-2026
SANEF,HORDAIN (péage d'Hordain) A2,BAPAUME N°14 A1,,5.20,,,,,official-2026
SANEF,HORDAIN (péage d'Hordain) A2,BÉTHUNE N°6,,6.30,,,,,official-2026
SANEF,HORDAIN (péage d'Hordain) A2,CALAIS (péage de Setques),,13.30,,,,,official-2026
SANEF,HORDAIN (péage d'Hordain) A2,CAMBRAI N°14,,1.20,,,,,official-2026
SANEF,HORDAIN (péage d'Hordain) A2,COMPIÈGNE OUEST N°10,,10.50,,,,,official-2026
SANEF,HORDAIN (péage d'Hordain) A2,GARE TGV N°53,,4.80,,,,,official-2026
SANEF,HORDAIN (péage d'Hordain) A2,GUIGNICOURT N°14,,10.50,,,,,official-2026
SANEF,HORDAIN (péage d'Hordain) A2,LA FÈRE N°12,,6.90,,,,,official-2026
SANEF,HORDAIN (péage d'Hordain) A2,LAON N°13,,8.60,,,,,official-2026
SANEF,HORDAIN (péage d'Hordain) A2,LILLE / DOURGES (péage de Fresnes),,4.80,,,,,official-2026
SANEF,HORDAIN (péage d'Hordain) A2,LILLERS N°5,,7.40,,,,,official-2026
SANEF,HORDAIN (péage d'Hordain) A2,LIÉVIN N°6.2,,5.00,,,,,official-2026
SANEF,HORDAIN (péage d'Hordain) A2,MARQUION N°8,,2.10,,,,,official-2026
SANEF,HORDAIN (péage d'Hordain) A2,MASNIÈRES N°9,,2.30,,,,,official-2026
SANEF,HORDAIN (péage d'Hordain) A2,NŒUX-LES-MINES N°6.1 A26 NORD,,5.60,,,,,official-2026
SANEF,HORDAIN (péage d'Hordain) A2,PARIS / ROISSY (péage de Chamant),,16.30,,,,,official-2026
SANEF,HORDAIN (péage d'Hordain) A2,PONT-SAINTE-MAXENCE N°9,,10.80,,,,,official-2026
SANEF,HORDAIN (péage d'Hordain) A2,PÉRONNE / VALLEE DE LA SOMME N°13,,4.70,,,,,official-2026
SANEF,HORDAIN (péage d'Hordain) A2,REIMS (péage de Courcy),,14.60,,,,,official-2026
SANEF,HORDAIN (péage d'Hordain) A2,RESSONS N°11,,9.00,,,,,official-2026
SANEF,HORDAIN (péage d'Hordain) A2,ROYE N°12,,7.40,,,,,official-2026
SANEF,HORDAIN (péage d'Hordain) A2,SAINT-OMER N°3,,10.60,,,,,official-2026
SANEF,HORDAIN (péage d'Hordain) A2,SAINT-QUENTIN NORD N°10,,4.90,,,,,official-2026
SANEF,HORDAIN (péage d'Hordain) A2,SAINT-QUENTIN SUD N°11,,5.30,,,,,official-2026
SANEF,HORDAIN (péage d'Hordain) A2,SENLIS N°8,,12.90,,,,,official-2026
SANEF,HORDAIN (péage d'Hordain) A2,VILLERS-BRETONNEUX N°52,,7.20,,,,,official-2026
SANEF,L'ISLE-ADAM (péage d'Amblainville),ABBEVILLE EST N°22,,14.80,,,,,official-2026
SANEF,L'ISLE-ADAM (péage d'Amblainville),ABBEVILLE NORD N°23,,15.90,,,,,official-2026
SANEF,L'ISLE-ADAM (péage d'Amblainville),AMIENS NORD N°20,,10.60,,,,,official-2026
SANEF,L'ISLE-ADAM (péage d'Amblainville),AMIENS OUEST N°19,,9.70,,,,,official-2026
SANEF,L'ISLE-ADAM (péage d'Amblainville),AMIENS SUD (péage de Dury),,10.20,,,,,official-2026
SANEF,L'ISLE-ADAM (péage d'Amblainville),AUMALE N°12,,12.40,,,,,official-2026
SANEF,L'ISLE-ADAM (péage d'Amblainville),BEAUVAIS CENTRE N°14,,4.30,,,,,official-2026
SANEF,L'ISLE-ADAM (péage d'Amblainville),BEAUVAIS NORD N°15,,5.10,,,,,official-2026
SANEF,L'ISLE-ADAM (péage d'Amblainville),BERCK N°25,,19.30,,,,,official-2026
SANEF,L'ISLE-ADAM (péage d'Amblainville),BOULOGNE EST (péage d'Herquelingue),,25.00,,,,,official-2026
SANEF,L'ISLE-ADAM (péage d'Amblainville),BOULOGNE SUD N°28,,23.80,,,,,official-2026
SANEF,L'ISLE-ADAM (péage d'Amblainville),ESSERTAUX N°17,,8.10,,,,,official-2026
SANEF,L'ISLE-ADAM (péage d'Amblainville),ETAPLES / LE TOUQUET N°26,,21.00,,,,,official-2026
SANEF,L'ISLE-ADAM (péage d'Amblainville),HARDIVILLERS N°16,,6.90,,,,,official-2026
SANEF,L'ISLE-ADAM (péage d'Amblainville),LA CÔTE PICARDE N°24 A16,,16.90,,,,,official-2026
SANEF,L'ISLE-ADAM (péage d'Amblainville),MÉRU N°13,,1.90,,,,,official-2026
SANEF,L'ISLE-ADAM (péage d'Amblainville),NEUFCHÂTEL-EN-BRAY (A28),,14.90,,,,,official-2026
SANEF,L'ISLE-ADAM (péage d'Amblainville),NEUFCHÂTEL-HARDELOT N°27,,21.80,,,,,official-2026
SANEF,L'ISLE-ADAM (péage d'Amblainville),POIX-DE-PICARDIE N°13 A29,,10.70,,,,,official-2026
SANEF,L'ISLE-ADAM (péage d'Amblainville),SALOUËL N°18,,9.60,,,,,official-2026
SANEF,L'ISLE-ADAM (péage d'Amblainville),VALLÉE DE LA NIÈVRE N°21,,11.90,,,,,official-2026
SANEF,LA CÔTE PICARDE N°24 A16,ABBEVILLE EST N°22,,2.70,,,,,official-2026
SANEF,LA CÔTE PICARDE N°24 A16,ABBEVILLE NORD N°23,,1.80,,,,,official-2026
SANEF,LA CÔTE PICARDE N°24 A16,AMIENS NORD N°20,,6.50,,,,,official-2026
SANEF,LA CÔTE PICARDE N°24 A16,AMIENS OUEST N°19,,6.50,,,,,official-2026
SANEF,LA CÔTE PICARDE N°24 A16,AMIENS SUD (péage de Dury),,7.60,,,,,official-2026
SANEF,LA CÔTE PICARDE N°24 A16,AUMALE N°12,,9.20,,,,,official-2026
SANEF,LA CÔTE PICARDE N°24 A16,BEAUVAIS CENTRE N°14,,11.80,,,,,official-2026
SANEF,LA CÔTE PICARDE N°24 A16,BEAUVAIS NORD N°15,,11.70,,,,,official-2026
SANEF,LA CÔTE PICARDE N°24 A16,BERCK N°25,,1.90,,,,,official-2026
SANEF,LA CÔTE PICARDE N°24 A16,BOULOGNE EST (péage d'Herquelingue),,6.80,,,,,official-2026
SANEF,LA CÔTE PICARDE N°24 A16,BOULOGNE SUD N°28,,5.10,,,,,official-2026
SANEF,LA CÔTE PICARDE N°24 A16,ESSERTAUX N°17,,8.30,,,,,official-2026
SANEF,LA CÔTE PICARDE N°24 A16,ETAPLES / LE TOUQUET N°26,,3.10,,,,,official-2026
SANEF,LA CÔTE PICARDE N°24 A16,HARDIVILLERS N°16,,9.40,,,,,official-2026
SANEF,LA CÔTE PICARDE N°24 A16,L'ISLE-ADAM (péage d'Amblainville),,16.90,,,,,official-2026
SANEF,LA CÔTE PICARDE N°24 A16,MÉRU N°13,,13.80,,,,,official-2026
SANEF,LA CÔTE PICARDE N°24 A16,NEUFCHÂTEL-EN-BRAY (A28),,10.10,,,,,official-2026
SANEF,LA CÔTE PICARDE N°24 A16,NEUFCHÂTEL-HARDELOT N°27,,4.30,,,,,official-2026
SANEF,LA CÔTE PICARDE N°24 A16,POIX-DE-PICARDIE N°13 A29,,7.90,,,,,official-2026
SANEF,LA CÔTE PICARDE N°24 A16,SALOUËL N°18,,7.20,,,,,official-2026
SANEF,LA CÔTE PICARDE N°24 A16,VALLÉE DE LA NIÈVRE N°21,,4.10,,,,,official-2026
SANEF,LA FÈRE N°12,AIRE-SUR-LA-LYS N°4,,11.90,,,,,official-2026
SANEF,LA FÈRE N°12,ALBERT N°13.1,,5.50,,,,,official-2026
SANEF,LA FÈRE N°12,AMIENS EST (péage de Jules Verne) A29,,7.20,,,,,official-2026
SANEF,LA FÈRE N°12,ARRAS EST (A1) N°15,,7.00,,,,,official-2026
SANEF,LA FÈRE N°12,ARRAS NORD (A26) N°7,,8.30,,,,,official-2026
SANEF,LA FÈRE N°12,ATHIES N°54,,2.80,,,,,official-2026
SANEF,LA FÈRE N°12,BAPAUME N°14 A1,,7.70,,,,,official-2026
SANEF,LA FÈRE N°12,BÉTHUNE N°6,,9.80,,,,,official-2026
SANEF,LA FÈRE N°12,CALAIS (péage de Setques),,16.90,,,,,official-2026
SANEF,LA FÈRE N°12,CAMBRAI N°14,,5.20,,,,,official-2026
SANEF,LA FÈRE N°12,COMPIÈGNE OUEST N°10,,8.60,,,,,official-2026
SANEF,LA FÈRE N°12,GARE TGV N°53,,4.50,,,,,official-2026
SANEF,LA FÈRE N°12,GUIGNICOURT N°14,,3.80,,,,,official-2026
SANEF,LA FÈRE N°12,HORDAIN (péage d'Hordain) A2,,6.90,,,,,official-2026
SANEF,LA FÈRE N°12,LAON N°13,,1.30,,,,,official-2026
SANEF,LA FÈRE N°12,LILLE / DOURGES (péage de Fresnes),,8.90,,,,,official-2026
SANEF,LA FÈRE N°12,LILLERS N°5,,10.30,,,,,official-2026
SANEF,LA FÈRE N°12,LIÉVIN N°6.2,,9.30,,,,,official-2026
SANEF,LA FÈRE N°12,MARQUION N°8,,5.30,,,,,official-2026
SANEF,LA FÈRE N°12,MASNIÈRES N°9,,4.20,,,,,official-2026
SANEF,LA FÈRE N°12,NŒUX-LES-MINES N°6.1 A26 NORD,,9.30,,,,,official-2026
SANEF,LA FÈRE N°12,PARIS / ROISSY (péage de Chamant),,12.80,,,,,official-2026
SANEF,LA FÈRE N°12,PONT-SAINTE-MAXENCE N°9,,8.90,,,,,official-2026
SANEF,LA FÈRE N°12,PÉRONNE / VALLEE DE LA SOMME N°13,,4.70,,,,,official-2026
SANEF,LA FÈRE N°12,REIMS (péage de Courcy),,6.80,,,,,official-2026
SANEF,LA FÈRE N°12,RESSONS N°11,,7.10,,,,,official-2026
SANEF,LA FÈRE N°12,ROYE N°12,,5.80,,,,,official-2026
SANEF,LA FÈRE N°12,SAINT-OMER N°3,,13.90,,,,,official-2026
SANEF,LA FÈRE N°12,SAINT-QUENTIN NORD N°10,,2.00,,,,,official-2026
SANEF,LA FÈRE N°12,SAINT-QUENTIN SUD N°11,,1.50,,,,,official-2026
SANEF,LA FÈRE N°12,SENLIS N°8,,10.50,,,,,official-2026
SANEF,LA FÈRE N°12,VILLERS-BRETONNEUX N°52,,5.50,,,,,official-2026
SANEF,LAON N°13,AIRE-SUR-LA-LYS N°4,,14.90,,,,,official-2026
SANEF,LAON N°13,ALBERT N°13.1,,6.80,,,,,official-2026
SANEF,LAON N°13,AMIENS EST (péage de Jules Verne) A29,,9.50,,,,,official-2026
SANEF,LAON N°13,ARRAS EST (A1) N°15,,8.80,,,,,official-2026
SANEF,LAON N°13,ARRAS NORD (A26) N°7,,10.20,,,,,official-2026
SANEF,LAON N°13,ATHIES N°54,,4.60,,,,,official-2026
SANEF,LAON N°13,BAPAUME N°14 A1,,10.00,,,,,official-2026
SANEF,LAON N°13,BÉTHUNE N°6,,11.90,,,,,official-2026
SANEF,LAON N°13,CALAIS (péage de Setques),,19.70,,,,,official-2026
SANEF,LAON N°13,CAMBRAI N°14,,7.10,,,,,official-2026
SANEF,LAON N°13,COMPIÈGNE OUEST N°10,,9.50,,,,,official-2026
SANEF,LAON N°13,GARE TGV N°53,,5.60,,,,,official-2026
SANEF,LAON N°13,GUIGNICOURT N°14,,2.20,,,,,official-2026
SANEF,LAON N°13,HORDAIN (péage d'Hordain) A2,,8.60,,,,,official-2026
SANEF,LAON N°13,LA FÈRE N°12,,1.30,,,,,official-2026
SANEF,LAON N°13,LILLE / DOURGES (péage de Fresnes),,11.10,,,,,official-2026
SANEF,LAON N°13,LILLERS N°5,,12.70,,,,,official-2026
SANEF,LAON N°13,LIÉVIN N°6.2,,11.00,,,,,official-2026
SANEF,LAON N°13,MARQUION N°8,,7.10,,,,,official-2026
SANEF,LAON N°13,MASNIÈRES N°9,,5.80,,,,,official-2026
SANEF,LAON N°13,NŒUX-LES-MINES N°6.1 A26 NORD,,11.70,,,,,official-2026
SANEF,LAON N°13,PARIS / ROISSY (péage de Chamant),,14.30,,,,,official-2026
SANEF,LAON N°13,PONT-SAINTE-MAXENCE N°9,,9.90,,,,,official-2026
SANEF,LAON N°13,PÉRONNE / VALLEE DE LA SOMME N°13,,5.80,,,,,official-2026
SANEF,LAON N°13,REIMS (péage de Courcy),,4.80,,,,,official-2026
SANEF,LAON N°13,RESSONS N°11,,8.60,,,,,official-2026
SANEF,LAON N°13,ROYE N°12,,7.20,,,,,official-2026
SANEF,LAON N°13,SAINT-OMER N°3,,15.60,,,,,official-2026
SANEF,LAON N°13,SAINT-QUENTIN NORD N°10,,3.90,,,,,official-2026
SANEF,LAON N°13,SAINT-QUENTIN SUD N°11,,2.90,,,,,official-2026
SANEF,LAON N°13,SENLIS N°8,,11.70,,,,,official-2026
SANEF,LAON N°13,VILLERS-BRETONNEUX N°52,,7.50,,,,,official-2026
SANEF,LILLE / DOURGES (péage de Fresnes),AIRE-SUR-LA-LYS N°4,,7.20,,,,,official-2026
SANEF,LILLE / DOURGES (péage de Fresnes),ALBERT N°13.1,,4.90,,,,,official-2026
SANEF,LILLE / DOURGES (péage de Fresnes),AMIENS EST (péage de Jules Verne) A29,,10.20,,,,,official-2026
SANEF,LILLE / DOURGES (péage de Fresnes),ARRAS EST (A1) N°15,,1.50,,,,,official-2026
SANEF,LILLE / DOURGES (péage de Fresnes),ARRAS NORD (A26) N°7,,1.60,,,,,official-2026
SANEF,LILLE / DOURGES (péage de Fresnes),ATHIES N°54,,7.10,,,,,official-2026
SANEF,LILLE / DOURGES (péage de Fresnes),BAPAUME N°14 A1,,3.60,,,,,official-2026
SANEF,LILLE / DOURGES (péage de Fresnes),BÉTHUNE N°6,,4.00,,,,,official-2026
SANEF,LILLE / DOURGES (péage de Fresnes),CALAIS (péage de Setques),,10.20,,,,,official-2026
SANEF,LILLE / DOURGES (péage de Fresnes),CAMBRAI N°14,,3.60,,,,,official-2026
SANEF,LILLE / DOURGES (péage de Fresnes),COMPIÈGNE OUEST N°10,,12.40,,,,,official-2026
SANEF,LILLE / DOURGES (péage de Fresnes),GARE TGV N°53,,5.50,,,,,official-2026
SANEF,LILLE / DOURGES (péage de Fresnes),GUIGNICOURT N°14,,12.50,,,,,official-2026
SANEF,LILLE / DOURGES (péage de Fresnes),HORDAIN (péage d'Hordain) A2,,4.80,,,,,official-2026
SANEF,LILLE / DOURGES (péage de Fresnes),LA FÈRE N°12,,8.90,,,,,official-2026
SANEF,LILLE / DOURGES (péage de Fresnes),LAON N°13,,11.10,,,,,official-2026
SANEF,LILLE / DOURGES (péage de Fresnes),LILLERS N°5,,4.80,,,,,official-2026
SANEF,LILLE / DOURGES (péage de Fresnes),LIÉVIN N°6.2,,2.60,,,,,official-2026
SANEF,LILLE / DOURGES (péage de Fresnes),MARQUION N°8,,2.90,,,,,official-2026
SANEF,LILLE / DOURGES (péage de Fresnes),MASNIÈRES N°9,,4.60,,,,,official-2026
SANEF,LILLE / DOURGES (péage de Fresnes),NŒUX-LES-MINES N°6.1 A26 NORD,,3.20,,,,,official-2026
SANEF,LILLE / DOURGES (péage de Fresnes),PARIS / ROISSY (péage de Chamant),,18.90,,,,,official-2026
SANEF,LILLE / DOURGES (péage de Fresnes),PONT-SAINTE-MAXENCE N°9,,12.70,,,,,official-2026
SANEF,LILLE / DOURGES (péage de Fresnes),PÉRONNE / VALLEE DE LA SOMME N°13,,5.50,,,,,official-2026
SANEF,LILLE / DOURGES (péage de Fresnes),REIMS (péage de Courcy),,18.50,,,,,official-2026
SANEF,LILLE / DOURGES (péage de Fresnes),RESSONS N°11,,10.30,,,,,official-2026
SANEF,LILLE / DOURGES (péage de Fresnes),ROYE N°12,,8.50,,,,,official-2026
SANEF,LILLE / DOURGES (péage de Fresnes),SAINT-OMER N°3,,7.80,,,,,official-2026
SANEF,LILLE / DOURGES (péage de Fresnes),SAINT-QUENTIN NORD N°10,,7.00,,,,,official-2026
SANEF,LILLE / DOURGES (péage de Fresnes),SAINT-QUENTIN SUD N°11,,7.90,,,,,official-2026
SANEF,LILLE / DOURGES (péage de Fresnes),SENLIS N°8,,14.60,,,,,official-2026
SANEF,LILLE / DOURGES (péage de Fresnes),VILLERS-BRETONNEUX N°52,,8.30,,,,,official-2026
SANEF,LILLERS N°5,AIRE-SUR-LA-LYS N°4,,1.60,,,,,official-2026
SANEF,LILLERS N°5,ALBERT N°13.1,,7.00,,,,,official-2026
SANEF,LILLERS N°5,AMIENS EST (péage de Jules Verne) A29,,11.40,,,,,official-2026
SANEF,LILLERS N°5,ARRAS EST (A1) N°15,,4.00,,,,,official-2026
SANEF,LILLERS N°5,ARRAS NORD (A26) N°7,,3.00,,,,,official-2026
SANEF,LILLERS N°5,ATHIES N°54,,8.70,,,,,official-2026
SANEF,LILLERS N°5,BAPAUME N°14 A1,,5.40,,,,,official-2026
SANEF,LILLERS N°5,BÉTHUNE N°6,,1.10,,,,,official-2026
SANEF,LILLERS N°5,CALAIS (péage de Setques),,5.50,,,,,official-2026
SANEF,LILLERS N°5,CAMBRAI N°14,,5.80,,,,,official-2026
SANEF,LILLERS N°5,COMPIÈGNE OUEST N°10,,12.80,,,,,official-2026
SANEF,LILLERS N°5,GARE TGV N°53,,7.70,,,,,official-2026
SANEF,LILLERS N°5,GUIGNICOURT N°14,,14.60,,,,,official-2026
SANEF,LILLERS N°5,HORDAIN (péage d'Hordain) A2,,7.40,,,,,official-2026
SANEF,LILLERS N°5,LA FÈRE N°12,,10.30,,,,,official-2026
SANEF,LILLERS N°5,LAON N°13,,12.70,,,,,official-2026
SANEF,LILLERS N°5,LILLE / DOURGES (péage de Fresnes),,4.80,,,,,official-2026
SANEF,LILLERS N°5,LIÉVIN N°6.2,,1.90,,,,,official-2026
SANEF,LILLERS N°5,MARQUION N°8,,5.50,,,,,official-2026
SANEF,LILLERS N°5,MASNIÈRES N°9,,6.40,,,,,official-2026
SANEF,LILLERS N°5,NŒUX-LES-MINES N°6.1 A26 NORD,,1.40,,,,,official-2026
SANEF,LILLERS N°5,PARIS / ROISSY (péage de Chamant),,19.50,,,,,official-2026
SANEF,LILLERS N°5,PONT-SAINTE-MAXENCE N°9,,13.70,,,,,official-2026
SANEF,LILLERS N°5,PÉRONNE / VALLEE DE LA SOMME N°13,,7.20,,,,,official-2026
SANEF,LILLERS N°5,REIMS (péage de Courcy),,20.00,,,,,official-2026
SANEF,LILLERS N°5,RESSONS N°11,,11.00,,,,,official-2026
SANEF,LILLERS N°5,ROYE N°12,,9.60,,,,,official-2026
SANEF,LILLERS N°5,SAINT-OMER N°3,,2.50,,,,,official-2026
SANEF,LILLERS N°5,SAINT-QUENTIN NORD N°10,,9.30,,,,,official-2026
SANEF,LILLERS N°5,SAINT-QUENTIN SUD N°11,,9.60,,,,,official-2026
SANEF,LILLERS N°5,SENLIS N°8,,15.10,,,,,official-2026
SANEF,LILLERS N°5,VILLERS-BRETONNEUX N°52,,9.60,,,,,official-2026
SANEF,LIÉVIN N°6.2,AIRE-SUR-LA-LYS N°4,,4.10,,,,,official-2026
SANEF,LIÉVIN N°6.2,ALBERT N°13.1,,4.80,,,,,official-2026
SANEF,LIÉVIN N°6.2,AMIENS EST (péage de Jules Verne) A29,,9.90,,,,,official-2026
SANEF,LIÉVIN N°6.2,ARRAS EST (A1) N°15,,2.00,,,,,official-2026
SANEF,LIÉVIN N°6.2,ARRAS NORD (A26) N°7,,1.00,,,,,official-2026
SANEF,LIÉVIN N°6.2,ATHIES N°54,,6.70,,,,,official-2026
SANEF,LIÉVIN N°6.2,BAPAUME N°14 A1,,3.80,,,,,official-2026
SANEF,LIÉVIN N°6.2,BÉTHUNE N°6,,1.00,,,,,official-2026
SANEF,LIÉVIN N°6.2,CALAIS (péage de Setques),,8.70,,,,,official-2026
SANEF,LIÉVIN N°6.2,CAMBRAI N°14,,4.30,,,,,official-2026
SANEF,LIÉVIN N°6.2,COMPIÈGNE OUEST N°10,,10.60,,,,,official-2026
SANEF,LIÉVIN N°6.2,GARE TGV N°53,,5.80,,,,,official-2026
SANEF,LIÉVIN N°6.2,GUIGNICOURT N°14,,13.30,,,,,official-2026
SANEF,LIÉVIN N°6.2,HORDAIN (péage d'Hordain) A2,,5.00,,,,,official-2026
SANEF,LIÉVIN N°6.2,LA FÈRE N°12,,9.30,,,,,official-2026
SANEF,LIÉVIN N°6.2,LAON N°13,,11.00,,,,,official-2026
SANEF,LIÉVIN N°6.2,LILLE / DOURGES (péage de Fresnes),,2.60,,,,,official-2026
SANEF,LIÉVIN N°6.2,LILLERS N°5,,1.90,,,,,official-2026
SANEF,LIÉVIN N°6.2,MARQUION N°8,,3.30,,,,,official-2026
SANEF,LIÉVIN N°6.2,MASNIÈRES N°9,,4.60,,,,,official-2026
SANEF,LIÉVIN N°6.2,NŒUX-LES-MINES N°6.1 A26 NORD,,0.50,,,,,official-2026
SANEF,LIÉVIN N°6.2,PARIS / ROISSY (péage de Chamant),,16.60,,,,,official-2026
SANEF,LIÉVIN N°6.2,PONT-SAINTE-MAXENCE N°9,,11.00,,,,,official-2026
SANEF,LIÉVIN N°6.2,PÉRONNE / VALLEE DE LA SOMME N°13,,5.50,,,,,official-2026
SANEF,LIÉVIN N°6.2,REIMS (péage de Courcy),,16.60,,,,,official-2026
SANEF,LIÉVIN N°6.2,RESSONS N°11,,9.10,,,,,official-2026
SANEF,LIÉVIN N°6.2,ROYE N°12,,7.90,,,,,official-2026
SANEF,LIÉVIN N°6.2,SAINT-OMER N°3,,4.60,,,,,official-2026
SANEF,LIÉVIN N°6.2,SAINT-QUENTIN NORD N°10,,7.10,,,,,official-2026
SANEF,LIÉVIN N°6.2,SAINT-QUENTIN SUD N°11,,7.90,,,,,official-2026
SANEF,LIÉVIN N°6.2,SENLIS N°8,,12.90,,,,,official-2026
SANEF,LIÉVIN N°6.2,VILLERS-BRETONNEUX N°52,,8.20,,,,,official-2026
SANEF,MARQUION N°8,AIRE-SUR-LA-LYS N°4,,8.00,,,,,official-2026
SANEF,MARQUION N°8,ALBERT N°13.1,,3.80,,,,,official-2026
SANEF,MARQUION N°8,AMIENS EST (péage de Jules Verne) A29,,9.10,,,,,official-2026
SANEF,MARQUION N°8,ARRAS EST (A1) N°15,,2.10,,,,,official-2026
SANEF,MARQUION N°8,ARRAS NORD (A26) N°7,,2.20,,,,,official-2026
SANEF,MARQUION N°8,ATHIES N°54,,4.70,,,,,official-2026
SANEF,MARQUION N°8,BAPAUME N°14 A1,,3.10,,,,,official-2026
SANEF,MARQUION N°8,BÉTHUNE N°6,,4.10,,,,,official-2026
SANEF,MARQUION N°8,CALAIS (péage de Setques),,11.70,,,,,official-2026
SANEF,MARQUION N°8,CAMBRAI N°14,,0.90,,,,,official-2026
SANEF,MARQUION N°8,COMPIÈGNE OUEST N°10,,8.40,,,,,official-2026
SANEF,MARQUION N°8,GARE TGV N°53,,5.00,,,,,official-2026
SANEF,MARQUION N°8,GUIGNICOURT N°14,,9.40,,,,,official-2026
SANEF,MARQUION N°8,HORDAIN (péage d'Hordain) A2,,2.10,,,,,official-2026
SANEF,MARQUION N°8,LA FÈRE N°12,,5.30,,,,,official-2026
SANEF,MARQUION N°8,LAON N°13,,7.10,,,,,official-2026
SANEF,MARQUION N°8,LILLE / DOURGES (péage de Fresnes),,2.90,,,,,official-2026
SANEF,MARQUION N°8,LILLERS N°5,,5.50,,,,,official-2026
SANEF,MARQUION N°8,LIÉVIN N°6.2,,3.30,,,,,official-2026
SANEF,MARQUION N°8,MASNIÈRES N°9,,1.20,,,,,official-2026
SANEF,MARQUION N°8,NŒUX-LES-MINES N°6.1 A26 NORD,,3.50,,,,,official-2026
SANEF,MARQUION N°8,PARIS / ROISSY (péage de Chamant),,12.90,,,,,official-2026
SANEF,MARQUION N°8,PONT-SAINTE-MAXENCE N°9,,8.90,,,,,official-2026
SANEF,MARQUION N°8,PÉRONNE / VALLEE DE LA SOMME N°13,,4.50,,,,,official-2026
SANEF,MARQUION N°8,REIMS (péage de Courcy),,13.30,,,,,official-2026
SANEF,MARQUION N°8,RESSONS N°11,,7.30,,,,,official-2026
SANEF,MARQUION N°8,ROYE N°12,,6.20,,,,,official-2026
SANEF,MARQUION N°8,SAINT-OMER N°3,,8.60,,,,,official-2026
SANEF,MARQUION N°8,SAINT-QUENTIN NORD N°10,,3.20,,,,,official-2026
SANEF,MARQUION N°8,SAINT-QUENTIN SUD N°11,,4.00,,,,,official-2026
SANEF,MARQUION N°8,SENLIS N°8,,10.30,,,,,official-2026
SANEF,MARQUION N°8,VILLERS-BRETONNEUX N°52,,7.30,,,,,official-2026
SANEF,MASNIÈRES N°9,AIRE-SUR-LA-LYS N°4,,8.80,,,,,official-2026
SANEF,MASNIÈRES N°9,ALBERT N°13.1,,2.80,,,,,official-2026
SANEF,MASNIÈRES N°9,AMIENS EST (péage de Jules Verne) A29,,7.40,,,,,official-2026
SANEF,MASNIÈRES N°9,ARRAS EST (A1) N°15,,3.50,,,,,official-2026
SANEF,MASNIÈRES N°9,ARRAS NORD (A26) N°7,,3.50,,,,,official-2026
SANEF,MASNIÈRES N°9,ATHIES N°54,,3.70,,,,,official-2026
SANEF,MASNIÈRES N°9,BAPAUME N°14 A1,,4.10,,,,,official-2026
SANEF,MASNIÈRES N°9,BÉTHUNE N°6,,5.80,,,,,official-2026
SANEF,MASNIÈRES N°9,CALAIS (péage de Setques),,12.30,,,,,official-2026
SANEF,MASNIÈRES N°9,CAMBRAI N°14,,1.20,,,,,official-2026
SANEF,MASNIÈRES N°9,COMPIÈGNE OUEST N°10,,8.40,,,,,official-2026
SANEF,MASNIÈRES N°9,GARE TGV N°53,,4.10,,,,,official-2026
SANEF,MASNIÈRES N°9,GUIGNICOURT N°14,,8.30,,,,,official-2026
SANEF,MASNIÈRES N°9,HORDAIN (péage d'Hordain) A2,,2.30,,,,,official-2026
SANEF,MASNIÈRES N°9,LA FÈRE N°12,,4.20,,,,,official-2026
SANEF,MASNIÈRES N°9,LAON N°13,,5.80,,,,,official-2026
SANEF,MASNIÈRES N°9,LILLE / DOURGES (péage de Fresnes),,4.60,,,,,official-2026
SANEF,MASNIÈRES N°9,LILLERS N°5,,6.40,,,,,official-2026
SANEF,MASNIÈRES N°9,LIÉVIN N°6.2,,4.60,,,,,official-2026
SANEF,MASNIÈRES N°9,MARQUION N°8,,1.20,,,,,official-2026
SANEF,MASNIÈRES N°9,NŒUX-LES-MINES N°6.1 A26 NORD,,5.10,,,,,official-2026
SANEF,MASNIÈRES N°9,PARIS / ROISSY (péage de Chamant),,12.70,,,,,official-2026
SANEF,MASNIÈRES N°9,PONT-SAINTE-MAXENCE N°9,,8.60,,,,,official-2026
SANEF,MASNIÈRES N°9,PÉRONNE / VALLEE DE LA SOMME N°13,,3.60,,,,,official-2026
SANEF,MASNIÈRES N°9,REIMS (péage de Courcy),,11.80,,,,,official-2026
SANEF,MASNIÈRES N°9,RESSONS N°11,,6.70,,,,,official-2026
SANEF,MASNIÈRES N°9,ROYE N°12,,5.10,,,,,official-2026
SANEF,MASNIÈRES N°9,SAINT-OMER N°3,,9.50,,,,,official-2026
SANEF,MASNIÈRES N°9,SAINT-QUENTIN NORD N°10,,2.00,,,,,official-2026
SANEF,MASNIÈRES N°9,SAINT-QUENTIN SUD N°11,,2.50,,,,,official-2026
SANEF,MASNIÈRES N°9,SENLIS N°8,,9.80,,,,,official-2026
SANEF,MASNIÈRES N°9,VILLERS-BRETONNEUX N°52,,5.50,,,,,official-2026
SANEF,MÉRU N°13,ABBEVILLE EST N°22,,10.90,,,,,official-2026
SANEF,MÉRU N°13,ABBEVILLE NORD N°23,,12.00,,,,,official-2026
SANEF,MÉRU N°13,AMIENS NORD N°20,,7.60,,,,,official-2026
SANEF,MÉRU N°13,AMIENS OUEST N°19,,7.10,,,,,official-2026
SANEF,MÉRU N°13,AMIENS SUD (péage de Dury),,7.20,,,,,official-2026
SANEF,MÉRU N°13,AUMALE N°12,,9.50,,,,,official-2026
SANEF,MÉRU N°13,BEAUVAIS CENTRE N°14,,2.00,,,,,official-2026
SANEF,MÉRU N°13,BEAUVAIS NORD N°15,,2.60,,,,,official-2026
SANEF,MÉRU N°13,BERCK N°25,,15.90,,,,,official-2026
SANEF,MÉRU N°13,BOULOGNE EST (péage d'Herquelingue),,21.90,,,,,official-2026
SANEF,MÉRU N°13,BOULOGNE SUD N°28,,19.70,,,,,official-2026
SANEF,MÉRU N°13,ESSERTAUX N°17,,5.10,,,,,official-2026
SANEF,MÉRU N°13,ETAPLES / LE TOUQUET N°26,,17.30,,,,,official-2026
SANEF,MÉRU N°13,HARDIVILLERS N°16,,4.10,,,,,official-2026
SANEF,MÉRU N°13,L'ISLE-ADAM (péage d'Amblainville),,1.90,,,,,official-2026
SANEF,MÉRU N°13,LA CÔTE PICARDE N°24 A16,,13.80,,,,,official-2026
SANEF,MÉRU N°13,NEUFCHÂTEL-EN-BRAY (A28),,11.00,,,,,official-2026
SANEF,MÉRU N°13,NEUFCHÂTEL-HARDELOT N°27,,18.20,,,,,official-2026
SANEF,MÉRU N°13,POIX-DE-PICARDIE N°13 A29,,8.00,,,,,official-2026
SANEF,MÉRU N°13,SALOUËL N°18,,6.70,,,,,official-2026
SANEF,MÉRU N°13,VALLÉE DE LA NIÈVRE N°21,,9.70,,,,,official-2026
SANEF,NEUFCHÂTEL-EN-BRAY (A28),ABBEVILLE EST N°22,,8.10,,,,,official-2026
SANEF,NEUFCHÂTEL-EN-BRAY (A28),ABBEVILLE NORD N°23,,8.90,,,,,official-2026
SANEF,NEUFCHÂTEL-EN-BRAY (A28),AMIENS NORD N°20,,6.20,,,,,official-2026
SANEF,NEUFCHÂTEL-EN-BRAY (A28),AMIENS OUEST N°19,,5.20,,,,,official-2026
SANEF,NEUFCHÂTEL-EN-BRAY (A28),AMIENS SUD (péage de Dury),,6.80,,,,,official-2026
SANEF,NEUFCHÂTEL-EN-BRAY (A28),AUMALE N°12,,1.20,,,,,official-2026
SANEF,NEUFCHÂTEL-EN-BRAY (A28),BEAUVAIS CENTRE N°14,,10.00,,,,,official-2026
SANEF,NEUFCHÂTEL-EN-BRAY (A28),BEAUVAIS NORD N°15,,9.70,,,,,official-2026
SANEF,NEUFCHÂTEL-EN-BRAY (A28),BERCK N°25,,12.60,,,,,official-2026
SANEF,NEUFCHÂTEL-EN-BRAY (A28),BOULOGNE EST (péage d'Herquelingue),,17.20,,,,,official-2026
SANEF,NEUFCHÂTEL-EN-BRAY (A28),BOULOGNE SUD N°28,,14.90,,,,,official-2026
SANEF,NEUFCHÂTEL-EN-BRAY (A28),ESSERTAUX N°17,,6.20,,,,,official-2026
SANEF,NEUFCHÂTEL-EN-BRAY (A28),ETAPLES / LE TOUQUET N°26,,12.70,,,,,official-2026
SANEF,NEUFCHÂTEL-EN-BRAY (A28),HARDIVILLERS N°16,,8.10,,,,,official-2026
SANEF,NEUFCHÂTEL-EN-BRAY (A28),L'ISLE-ADAM (péage d'Amblainville),,14.90,,,,,official-2026
SANEF,NEUFCHÂTEL-EN-BRAY (A28),LA CÔTE PICARDE N°24 A16,,10.10,,,,,official-2026
SANEF,NEUFCHÂTEL-EN-BRAY (A28),MÉRU N°13,,11.00,,,,,official-2026
SANEF,NEUFCHÂTEL-EN-BRAY (A28),NEUFCHÂTEL-HARDELOT N°27,,13.30,,,,,official-2026
SANEF,NEUFCHÂTEL-EN-BRAY (A28),POIX-DE-PICARDIE N°13 A29,,3.40,,,,,official-2026
SANEF,NEUFCHÂTEL-EN-BRAY (A28),SALOUËL N°18,,5.50,,,,,official-2026
SANEF,NEUFCHÂTEL-EN-BRAY (A28),VALLÉE DE LA NIÈVRE N°21,,7.00,,,,,official-2026
SANEF,NEUFCHÂTEL-HARDELOT N°27,ABBEVILLE EST N°22,,7.20,,,,,official-2026
SANEF,NEUFCHÂTEL-HARDELOT N°27,ABBEVILLE NORD N°23,,6.50,,,,,official-2026
SANEF,NEUFCHÂTEL-HARDELOT N°27,AMIENS NORD N°20,,10.90,,,,,official-2026
SANEF,NEUFCHÂTEL-HARDELOT N°27,AMIENS OUEST N°19,,10.90,,,,,official-2026
SANEF,NEUFCHÂTEL-HARDELOT N°27,AMIENS SUD (péage de Dury),,12.40,,,,,official-2026
SANEF,NEUFCHÂTEL-HARDELOT N°27,AUMALE N°12,,11.80,,,,,official-2026
SANEF,NEUFCHÂTEL-HARDELOT N°27,BEAUVAIS CENTRE N°14,,16.10,,,,,official-2026
SANEF,NEUFCHÂTEL-HARDELOT N°27,BEAUVAIS NORD N°15,,15.90,,,,,official-2026
SANEF,NEUFCHÂTEL-HARDELOT N°27,BERCK N°25,,2.20,,,,,official-2026
SANEF,NEUFCHÂTEL-HARDELOT N°27,BOULOGNE EST (péage d'Herquelingue),,1.90,,,,,official-2026
SANEF,NEUFCHÂTEL-HARDELOT N°27,BOULOGNE SUD N°28,,1.10,,,,,official-2026
SANEF,NEUFCHÂTEL-HARDELOT N°27,ESSERTAUX N°17,,11.80,,,,,official-2026
SANEF,NEUFCHÂTEL-HARDELOT N°27,ETAPLES / LE TOUQUET N°26,,1.20,,,,,official-2026
SANEF,NEUFCHÂTEL-HARDELOT N°27,HARDIVILLERS N°16,,13.90,,,,,official-2026
SANEF,NEUFCHÂTEL-HARDELOT N°27,L'ISLE-ADAM (péage d'Amblainville),,21.80,,,,,official-2026
SANEF,NEUFCHÂTEL-HARDELOT N°27,LA CÔTE PICARDE N°24 A16,,4.30,,,,,official-2026
SANEF,NEUFCHÂTEL-HARDELOT N°27,MÉRU N°13,,18.20,,,,,official-2026
SANEF,NEUFCHÂTEL-HARDELOT N°27,NEUFCHÂTEL-EN-BRAY (A28),,13.30,,,,,official-2026
SANEF,NEUFCHÂTEL-HARDELOT N°27,POIX-DE-PICARDIE N°13 A29,,11.40,,,,,official-2026
SANEF,NEUFCHÂTEL-HARDELOT N°27,SALOUËL N°18,,11.10,,,,,official-2026
SANEF,NEUFCHÂTEL-HARDELOT N°27,VALLÉE DE LA NIÈVRE N°21,,8.70,,,,,official-2026
SANEF,NŒUX-LES-MINES N°6.1 A26 NORD,AIRE-SUR-LA-LYS N°4,,3.40,,,,,official-2026
SANEF,NŒUX-LES-MINES N°6.1 A26 NORD,ALBERT N°13.1,,5.20,,,,,official-2026
SANEF,NŒUX-LES-MINES N°6.1 A26 NORD,AMIENS EST (péage de Jules Verne) A29,,10.40,,,,,official-2026
SANEF,NŒUX-LES-MINES N°6.1 A26 NORD,ARRAS EST (A1) N°15,,2.50,,,,,official-2026
SANEF,NŒUX-LES-MINES N°6.1 A26 NORD,ARRAS NORD (A26) N°7,,1.40,,,,,official-2026
SANEF,NŒUX-LES-MINES N°6.1 A26 NORD,ATHIES N°54,,7.10,,,,,official-2026
SANEF,NŒUX-LES-MINES N°6.1 A26 NORD,BAPAUME N°14 A1,,4.20,,,,,official-2026
SANEF,NŒUX-LES-MINES N°6.1 A26 NORD,BÉTHUNE N°6,,0.50,,,,,official-2026
SANEF,NŒUX-LES-MINES N°6.1 A26 NORD,CALAIS (péage de Setques),,8.00,,,,,official-2026
SANEF,NŒUX-LES-MINES N°6.1 A26 NORD,CAMBRAI N°14,,4.70,,,,,official-2026
SANEF,NŒUX-LES-MINES N°6.1 A26 NORD,COMPIÈGNE OUEST N°10,,10.80,,,,,official-2026
SANEF,NŒUX-LES-MINES N°6.1 A26 NORD,GARE TGV N°53,,6.50,,,,,official-2026
SANEF,NŒUX-LES-MINES N°6.1 A26 NORD,GUIGNICOURT N°14,,13.60,,,,,official-2026
SANEF,NŒUX-LES-MINES N°6.1 A26 NORD,HORDAIN (péage d'Hordain) A2,,5.60,,,,,official-2026
SANEF,NŒUX-LES-MINES N°6.1 A26 NORD,LA FÈRE N°12,,9.30,,,,,official-2026
SANEF,NŒUX-LES-MINES N°6.1 A26 NORD,LAON N°13,,11.70,,,,,official-2026
SANEF,NŒUX-LES-MINES N°6.1 A26 NORD,LILLE / DOURGES (péage de Fresnes),,3.20,,,,,official-2026
SANEF,NŒUX-LES-MINES N°6.1 A26 NORD,LILLERS N°5,,1.40,,,,,official-2026
SANEF,NŒUX-LES-MINES N°6.1 A26 NORD,LIÉVIN N°6.2,,0.50,,,,,official-2026
SANEF,NŒUX-LES-MINES N°6.1 A26 NORD,MARQUION N°8,,3.50,,,,,official-2026
SANEF,NŒUX-LES-MINES N°6.1 A26 NORD,MASNIÈRES N°9,,5.10,,,,,official-2026
SANEF,NŒUX-LES-MINES N°6.1 A26 NORD,PARIS / ROISSY (péage de Chamant),,17.20,,,,,official-2026
SANEF,NŒUX-LES-MINES N°6.1 A26 NORD,PONT-SAINTE-MAXENCE N°9,,11.80,,,,,official-2026
SANEF,NŒUX-LES-MINES N°6.1 A26 NORD,PÉRONNE / VALLEE DE LA SOMME N°13,,6.40,,,,,official-2026
SANEF,NŒUX-LES-MINES N°6.1 A26 NORD,REIMS (péage de Courcy),,17.50,,,,,official-2026
SANEF,NŒUX-LES-MINES N°6.1 A26 NORD,RESSONS N°11,,9.60,,,,,official-2026
SANEF,NŒUX-LES-MINES N°6.1 A26 NORD,ROYE N°12,,8.50,,,,,official-2026
SANEF,NŒUX-LES-MINES N°6.1 A26 NORD,SAINT-OMER N°3,,4.20,,,,,official-2026
SANEF,NŒUX-LES-MINES N°6.1 A26 NORD,SAINT-QUENTIN NORD N°10,,7.60,,,,,official-2026
SANEF,NŒUX-LES-MINES N°6.1 A26 NORD,SAINT-QUENTIN SUD N°11,,8.10,,,,,official-2026
SANEF,NŒUX-LES-MINES N°6.1 A26 NORD,SENLIS N°8,,13.20,,,,,official-2026
SANEF,NŒUX-LES-MINES N°6.1 A26 NORD,VILLERS-BRETONNEUX N°52,,8.30,,,,,official-2026
SANEF,PARIS / ROISSY (péage de Chamant),AIRE-SUR-LA-LYS N°4,,20.70,,,,,official-2026
SANEF,PARIS / ROISSY (péage de Chamant),ALBERT N°13.1,,11.00,,,,,official-2026
SANEF,PARIS / ROISSY (péage de Chamant),AMIENS EST (péage de Jules Verne) A29,,11.90,,,,,official-2026
SANEF,PARIS / ROISSY (péage de Chamant),ARRAS EST (A1) N°15,,15.60,,,,,official-2026
SANEF,PARIS / ROISSY (péage de Chamant),ARRAS NORD (A26) N°7,,16.10,,,,,official-2026
SANEF,PARIS / ROISSY (péage de Chamant),ATHIES N°54,,9.40,,,,,official-2026
SANEF,PARIS / ROISSY (péage de Chamant),BAPAUME N°14 A1,,12.90,,,,,official-2026
SANEF,PARIS / ROISSY (péage de Chamant),BÉTHUNE N°6,,18.70,,,,,official-2026
SANEF,PARIS / ROISSY (péage de Chamant),CALAIS (péage de Setques),,25.20,,,,,official-2026
SANEF,PARIS / ROISSY (péage de Chamant),CAMBRAI N°14,,14.90,,,,,official-2026
SANEF,PARIS / ROISSY (péage de Chamant),COMPIÈGNE OUEST N°10,,4.90,,,,,official-2026
SANEF,PARIS / ROISSY (péage de Chamant),GARE TGV N°53,,8.70,,,,,official-2026
SANEF,PARIS / ROISSY (péage de Chamant),GUIGNICOURT N°14,,15.90,,,,,official-2026
SANEF,PARIS / ROISSY (péage de Chamant),HORDAIN (péage d'Hordain) A2,,16.30,,,,,official-2026
SANEF,PARIS / ROISSY (péage de Chamant),LA FÈRE N°12,,12.80,,,,,official-2026
SANEF,PARIS / ROISSY (péage de Chamant),LAON N°13,,14.30,,,,,official-2026
SANEF,PARIS / ROISSY (péage de Chamant),LILLE / DOURGES (péage de Fresnes),,18.90,,,,,official-2026
SANEF,PARIS / ROISSY (péage de Chamant),LILLERS N°5,,19.50,,,,,official-2026
SANEF,PARIS / ROISSY (péage de Chamant),LIÉVIN N°6.2,,16.60,,,,,official-2026
SANEF,PARIS / ROISSY (péage de Chamant),MARQUION N°8,,12.90,,,,,official-2026
SANEF,PARIS / ROISSY (péage de Chamant),MASNIÈRES N°9,,12.70,,,,,official-2026
SANEF,PARIS / ROISSY (péage de Chamant),NŒUX-LES-MINES N°6.1 A26 NORD,,17.20,,,,,official-2026
SANEF,PARIS / ROISSY (péage de Chamant),PONT-SAINTE-MAXENCE N°9,,3.80,,,,,official-2026
SANEF,PARIS / ROISSY (péage de Chamant),PÉRONNE / VALLEE DE LA SOMME N°13,,10.60,,,,,official-2026
SANEF,PARIS / ROISSY (péage de Chamant),REIMS (péage de Courcy),,17.70,,,,,official-2026
SANEF,PARIS / ROISSY (péage de Chamant),RESSONS N°11,,6.20,,,,,official-2026
SANEF,PARIS / ROISSY (péage de Chamant),ROYE N°12,,8.80,,,,,official-2026
SANEF,PARIS / ROISSY (péage de Chamant),SAINT-OMER N°3,,22.50,,,,,official-2026
SANEF,PARIS / ROISSY (péage de Chamant),SAINT-QUENTIN NORD N°10,,13.60,,,,,official-2026
SANEF,PARIS / ROISSY (péage de Chamant),SAINT-QUENTIN SUD N°11,,12.60,,,,,official-2026
SANEF,PARIS / ROISSY (péage de Chamant),SENLIS N°8,,2.20,,,,,official-2026
SANEF,PARIS / ROISSY (péage de Chamant),VILLERS-BRETONNEUX N°52,,10.30,,,,,official-2026
SANEF,POIX-DE-PICARDIE N°13 A29,ABBEVILLE EST N°22,,5.40,,,,,official-2026
SANEF,POIX-DE-PICARDIE N°13 A29,ABBEVILLE NORD N°23,,6.00,,,,,official-2026
SANEF,POIX-DE-PICARDIE N°13 A29,AMIENS NORD N°20,,2.50,,,,,official-2026
SANEF,POIX-DE-PICARDIE N°13 A29,AMIENS OUEST N°19,,1.70,,,,,official-2026
SANEF,POIX-DE-PICARDIE N°13 A29,AMIENS SUD (péage de Dury),,2.80,,,,,official-2026
SANEF,POIX-DE-PICARDIE N°13 A29,AUMALE N°12,,1.70,,,,,official-2026
SANEF,POIX-DE-PICARDIE N°13 A29,BEAUVAIS CENTRE N°14,,6.30,,,,,official-2026
SANEF,POIX-DE-PICARDIE N°13 A29,BEAUVAIS NORD N°15,,5.70,,,,,official-2026
SANEF,POIX-DE-PICARDIE N°13 A29,BERCK N°25,,8.80,,,,,official-2026
SANEF,POIX-DE-PICARDIE N°13 A29,BOULOGNE EST (péage d'Herquelingue),,14.70,,,,,official-2026
SANEF,POIX-DE-PICARDIE N°13 A29,BOULOGNE SUD N°28,,11.70,,,,,official-2026
SANEF,POIX-DE-PICARDIE N°13 A29,ESSERTAUX N°17,,3.00,,,,,official-2026
SANEF,POIX-DE-PICARDIE N°13 A29,ETAPLES / LE TOUQUET N°26,,9.90,,,,,official-2026
SANEF,POIX-DE-PICARDIE N°13 A29,HARDIVILLERS N°16,,4.50,,,,,official-2026
SANEF,POIX-DE-PICARDIE N°13 A29,L'ISLE-ADAM (péage d'Amblainville),,10.70,,,,,official-2026
SANEF,POIX-DE-PICARDIE N°13 A29,LA CÔTE PICARDE N°24 A16,,7.90,,,,,official-2026
SANEF,POIX-DE-PICARDIE N°13 A29,MÉRU N°13,,8.00,,,,,official-2026
SANEF,POIX-DE-PICARDIE N°13 A29,NEUFCHÂTEL-EN-BRAY (A28),,3.40,,,,,official-2026
SANEF,POIX-DE-PICARDIE N°13 A29,NEUFCHÂTEL-HARDELOT N°27,,11.40,,,,,official-2026
SANEF,POIX-DE-PICARDIE N°13 A29,SALOUËL N°18,,1.70,,,,,official-2026
SANEF,POIX-DE-PICARDIE N°13 A29,VALLÉE DE LA NIÈVRE N°21,,4.10,,,,,official-2026
SANEF,PONT-SAINTE-MAXENCE N°9,AIRE-SUR-LA-LYS N°4,,15.30,,,,,official-2026
SANEF,PONT-SAINTE-MAXENCE N°9,ALBERT N°13.1,,5.80,,,,,official-2026
SANEF,PONT-SAINTE-MAXENCE N°9,AMIENS EST (péage de Jules Verne) A29,,8.50,,,,,official-2026
SANEF,PONT-SAINTE-MAXENCE N°9,ARRAS EST (A1) N°15,,9.10,,,,,official-2026
SANEF,PONT-SAINTE-MAXENCE N°9,ARRAS NORD (A26) N°7,,10.30,,,,,official-2026
SANEF,PONT-SAINTE-MAXENCE N°9,ATHIES N°54,,5.90,,,,,official-2026
SANEF,PONT-SAINTE-MAXENCE N°9,BAPAUME N°14 A1,,7.10,,,,,official-2026
SANEF,PONT-SAINTE-MAXENCE N°9,BÉTHUNE N°6,,12.60,,,,,official-2026
SANEF,PONT-SAINTE-MAXENCE N°9,CALAIS (péage de Setques),,19.00,,,,,official-2026
SANEF,PONT-SAINTE-MAXENCE N°9,CAMBRAI N°14,,9.00,,,,,official-2026
SANEF,PONT-SAINTE-MAXENCE N°9,COMPIÈGNE OUEST N°10,,0.70,,,,,official-2026
SANEF,PONT-SAINTE-MAXENCE N°9,GARE TGV N°53,,4.60,,,,,official-2026
SANEF,PONT-SAINTE-MAXENCE N°9,GUIGNICOURT N°14,,12.50,,,,,official-2026
SANEF,PONT-SAINTE-MAXENCE N°9,HORDAIN (péage d'Hordain) A2,,10.80,,,,,official-2026
SANEF,PONT-SAINTE-MAXENCE N°9,LA FÈRE N°12,,8.90,,,,,official-2026
SANEF,PONT-SAINTE-MAXENCE N°9,LAON N°13,,9.90,,,,,official-2026
SANEF,PONT-SAINTE-MAXENCE N°9,LILLE / DOURGES (péage de Fresnes),,12.70,,,,,official-2026
SANEF,PONT-SAINTE-MAXENCE N°9,LILLERS N°5,,13.70,,,,,official-2026
SANEF,PONT-SAINTE-MAXENCE N°9,LIÉVIN N°6.2,,11.00,,,,,official-2026
SANEF,PONT-SAINTE-MAXENCE N°9,MARQUION N°8,,8.90,,,,,official-2026
SANEF,PONT-SAINTE-MAXENCE N°9,MASNIÈRES N°9,,8.60,,,,,official-2026
SANEF,PONT-SAINTE-MAXENCE N°9,NŒUX-LES-MINES N°6.1 A26 NORD,,11.80,,,,,official-2026
SANEF,PONT-SAINTE-MAXENCE N°9,PARIS / ROISSY (péage de Chamant),,3.80,,,,,official-2026
SANEF,PONT-SAINTE-MAXENCE N°9,PÉRONNE / VALLEE DE LA SOMME N°13,,5.30,,,,,official-2026
SANEF,PONT-SAINTE-MAXENCE N°9,REIMS (péage de Courcy),,14.70,,,,,official-2026
SANEF,PONT-SAINTE-MAXENCE N°9,RESSONS N°11,,1.70,,,,,official-2026
SANEF,PONT-SAINTE-MAXENCE N°9,ROYE N°12,,3.90,,,,,official-2026
SANEF,PONT-SAINTE-MAXENCE N°9,SAINT-OMER N°3,,16.40,,,,,official-2026
SANEF,PONT-SAINTE-MAXENCE N°9,SAINT-QUENTIN NORD N°10,,8.70,,,,,official-2026
SANEF,PONT-SAINTE-MAXENCE N°9,SAINT-QUENTIN SUD N°11,,8.60,,,,,official-2026
SANEF,PONT-SAINTE-MAXENCE N°9,SENLIS N°8,,1.50,,,,,official-2026
SANEF,PONT-SAINTE-MAXENCE N°9,VILLERS-BRETONNEUX N°52,,6.30,,,,,official-2026
SANEF,PÉRONNE / VALLEE DE LA SOMME N°13,AIRE-SUR-LA-LYS N°4,,9.00,,,,,official-2026
SANEF,PÉRONNE / VALLEE DE LA SOMME N°13,ALBERT N°13.1,,0.70,,,,,official-2026
SANEF,PÉRONNE / VALLEE DE LA SOMME N°13,AMIENS EST (péage de Jules Verne) A29,,3.60,,,,,official-2026
SANEF,PÉRONNE / VALLEE DE LA SOMME N°13,ARRAS EST (A1) N°15,,3.90,,,,,official-2026
SANEF,PÉRONNE / VALLEE DE LA SOMME N°13,ARRAS NORD (A26) N°7,,4.50,,,,,official-2026
SANEF,PÉRONNE / VALLEE DE LA SOMME N°13,ATHIES N°54,,1.20,,,,,official-2026
SANEF,PÉRONNE / VALLEE DE LA SOMME N°13,BAPAUME N°14 A1,,2.10,,,,,official-2026
SANEF,PÉRONNE / VALLEE DE LA SOMME N°13,BÉTHUNE N°6,,7.00,,,,,official-2026
SANEF,PÉRONNE / VALLEE DE LA SOMME N°13,CALAIS (péage de Setques),,12.40,,,,,official-2026
SANEF,PÉRONNE / VALLEE DE LA SOMME N°13,CAMBRAI N°14,,3.40,,,,,official-2026
SANEF,PÉRONNE / VALLEE DE LA SOMME N°13,COMPIÈGNE OUEST N°10,,4.60,,,,,official-2026
SANEF,PÉRONNE / VALLEE DE LA SOMME N°13,GARE TGV N°53,,0.30,,,,,official-2026
SANEF,PÉRONNE / VALLEE DE LA SOMME N°13,GUIGNICOURT N°14,,8.20,,,,,official-2026
SANEF,PÉRONNE / VALLEE DE LA SOMME N°13,HORDAIN (péage d'Hordain) A2,,4.70,,,,,official-2026
SANEF,PÉRONNE / VALLEE DE LA SOMME N°13,LA FÈRE N°12,,4.70,,,,,official-2026
SANEF,PÉRONNE / VALLEE DE LA SOMME N°13,LAON N°13,,5.80,,,,,official-2026
SANEF,PÉRONNE / VALLEE DE LA SOMME N°13,LILLE / DOURGES (péage de Fresnes),,5.50,,,,,official-2026
SANEF,PÉRONNE / VALLEE DE LA SOMME N°13,LILLERS N°5,,7.20,,,,,official-2026
SANEF,PÉRONNE / VALLEE DE LA SOMME N°13,LIÉVIN N°6.2,,5.50,,,,,official-2026
SANEF,PÉRONNE / VALLEE DE LA SOMME N°13,MARQUION N°8,,4.50,,,,,official-2026
SANEF,PÉRONNE / VALLEE DE LA SOMME N°13,MASNIÈRES N°9,,3.60,,,,,official-2026
SANEF,PÉRONNE / VALLEE DE LA SOMME N°13,NŒUX-LES-MINES N°6.1 A26 NORD,,6.40,,,,,official-2026
SANEF,PÉRONNE / VALLEE DE LA SOMME N°13,PARIS / ROISSY (péage de Chamant),,10.60,,,,,official-2026
SANEF,PÉRONNE / VALLEE DE LA SOMME N°13,PONT-SAINTE-MAXENCE N°9,,5.30,,,,,official-2026
SANEF,PÉRONNE / VALLEE DE LA SOMME N°13,REIMS (péage de Courcy),,10.40,,,,,official-2026
SANEF,PÉRONNE / VALLEE DE LA SOMME N°13,RESSONS N°11,,3.80,,,,,official-2026
SANEF,PÉRONNE / VALLEE DE LA SOMME N°13,ROYE N°12,,1.50,,,,,official-2026
SANEF,PÉRONNE / VALLEE DE LA SOMME N°13,SAINT-OMER N°3,,9.80,,,,,official-2026
SANEF,PÉRONNE / VALLEE DE LA SOMME N°13,SAINT-QUENTIN NORD N°10,,3.60,,,,,official-2026
SANEF,PÉRONNE / VALLEE DE LA SOMME N°13,SAINT-QUENTIN SUD N°11,,3.70,,,,,official-2026
SANEF,PÉRONNE / VALLEE DE LA SOMME N°13,SENLIS N°8,,7.00,,,,,official-2026
SANEF,PÉRONNE / VALLEE DE LA SOMME N°13,VILLERS-BRETONNEUX N°52,,2.00,,,,,official-2026
SANEF,REIMS (péage de Courcy),AIRE-SUR-LA-LYS N°4,,21.50,,,,,official-2026
SANEF,REIMS (péage de Courcy),ALBERT N°13.1,,12.00,,,,,official-2026
SANEF,REIMS (péage de Courcy),AMIENS EST (péage de Jules Verne) A29,,14.80,,,,,official-2026
SANEF,REIMS (péage de Courcy),ARRAS EST (A1) N°15,,14.50,,,,,official-2026
SANEF,REIMS (péage de Courcy),ARRAS NORD (A26) N°7,,16.10,,,,,official-2026
SANEF,REIMS (péage de Courcy),ATHIES N°54,,9.50,,,,,official-2026
SANEF,REIMS (péage de Courcy),BAPAUME N°14 A1,,14.70,,,,,official-2026
SANEF,REIMS (péage de Courcy),BÉTHUNE N°6,,18.20,,,,,official-2026
SANEF,REIMS (péage de Courcy),CALAIS (péage de Setques),,26.60,,,,,official-2026
SANEF,REIMS (péage de Courcy),CAMBRAI N°14,,12.50,,,,,official-2026
SANEF,REIMS (péage de Courcy),COMPIÈGNE OUEST N°10,,14.40,,,,,official-2026
SANEF,REIMS (péage de Courcy),GARE TGV N°53,,10.70,,,,,official-2026
SANEF,REIMS (péage de Courcy),GUIGNICOURT N°14,,2.40,,,,,official-2026
SANEF,REIMS (péage de Courcy),HORDAIN (péage d'Hordain) A2,,14.60,,,,,official-2026
SANEF,REIMS (péage de Courcy),LA FÈRE N°12,,6.80,,,,,official-2026
SANEF,REIMS (péage de Courcy),LAON N°13,,4.80,,,,,official-2026
SANEF,REIMS (péage de Courcy),LILLE / DOURGES (péage de Fresnes),,18.50,,,,,official-2026
SANEF,REIMS (péage de Courcy),LILLERS N°5,,20.00,,,,,official-2026
SANEF,REIMS (péage de Courcy),LIÉVIN N°6.2,,16.60,,,,,official-2026
SANEF,REIMS (péage de Courcy),MARQUION N°8,,13.30,,,,,official-2026
SANEF,REIMS (péage de Courcy),MASNIÈRES N°9,,11.80,,,,,official-2026
SANEF,REIMS (péage de Courcy),NŒUX-LES-MINES N°6.1 A26 NORD,,17.50,,,,,official-2026
SANEF,REIMS (péage de Courcy),PARIS / ROISSY (péage de Chamant),,17.70,,,,,official-2026
SANEF,REIMS (péage de Courcy),PONT-SAINTE-MAXENCE N°9,,14.70,,,,,official-2026
SANEF,REIMS (péage de Courcy),PÉRONNE / VALLEE DE LA SOMME N°13,,10.40,,,,,official-2026
SANEF,REIMS (péage de Courcy),RESSONS N°11,,14.00,,,,,official-2026
SANEF,REIMS (péage de Courcy),ROYE N°12,,12.60,,,,,official-2026
SANEF,REIMS (péage de Courcy),SAINT-OMER N°3,,22.60,,,,,official-2026
SANEF,REIMS (péage de Courcy),SAINT-QUENTIN NORD N°10,,9.80,,,,,official-2026
SANEF,REIMS (péage de Courcy),SAINT-QUENTIN SUD N°11,,8.60,,,,,official-2026
SANEF,REIMS (péage de Courcy),SENLIS N°8,,15.10,,,,,official-2026
SANEF,REIMS (péage de Courcy),VILLERS-BRETONNEUX N°52,,13.20,,,,,official-2026
SANEF,RESSONS N°11,AIRE-SUR-LA-LYS N°4,,12.50,,,,,official-2026
SANEF,RESSONS N°11,ALBERT N°13.1,,4.20,,,,,official-2026
SANEF,RESSONS N°11,AMIENS EST (péage de Jules Verne) A29,,6.50,,,,,official-2026
SANEF,RESSONS N°11,ARRAS EST (A1) N°15,,7.20,,,,,official-2026
SANEF,RESSONS N°11,ARRAS NORD (A26) N°7,,8.50,,,,,official-2026
SANEF,RESSONS N°11,ATHIES N°54,,4.20,,,,,official-2026
SANEF,RESSONS N°11,BAPAUME N°14 A1,,5.30,,,,,official-2026
SANEF,RESSONS N°11,BÉTHUNE N°6,,10.20,,,,,official-2026
SANEF,RESSONS N°11,CALAIS (péage de Setques),,17.70,,,,,official-2026
SANEF,RESSONS N°11,CAMBRAI N°14,,6.80,,,,,official-2026
SANEF,RESSONS N°11,COMPIÈGNE OUEST N°10,,1.00,,,,,official-2026
SANEF,RESSONS N°11,GARE TGV N°53,,3.00,,,,,official-2026
SANEF,RESSONS N°11,GUIGNICOURT N°14,,10.50,,,,,official-2026
SANEF,RESSONS N°11,HORDAIN (péage d'Hordain) A2,,9.00,,,,,official-2026
SANEF,RESSONS N°11,LA FÈRE N°12,,7.10,,,,,official-2026
SANEF,RESSONS N°11,LAON N°13,,8.60,,,,,official-2026
SANEF,RESSONS N°11,LILLE / DOURGES (péage de Fresnes),,10.30,,,,,official-2026
SANEF,RESSONS N°11,LILLERS N°5,,11.00,,,,,official-2026
SANEF,RESSONS N°11,LIÉVIN N°6.2,,9.10,,,,,official-2026
SANEF,RESSONS N°11,MARQUION N°8,,7.30,,,,,official-2026
SANEF,RESSONS N°11,MASNIÈRES N°9,,6.70,,,,,official-2026
SANEF,RESSONS N°11,NŒUX-LES-MINES N°6.1 A26 NORD,,9.60,,,,,official-2026
SANEF,RESSONS N°11,PARIS / ROISSY (péage de Chamant),,6.20,,,,,official-2026
SANEF,RESSONS N°11,PONT-SAINTE-MAXENCE N°9,,1.70,,,,,official-2026
SANEF,RESSONS N°11,PÉRONNE / VALLEE DE LA SOMME N°13,,3.80,,,,,official-2026
SANEF,RESSONS N°11,REIMS (péage de Courcy),,14.00,,,,,official-2026
SANEF,RESSONS N°11,ROYE N°12,,1.70,,,,,official-2026
SANEF,RESSONS N°11,SAINT-OMER N°3,,13.80,,,,,official-2026
SANEF,RESSONS N°11,SAINT-QUENTIN NORD N°10,,6.80,,,,,official-2026
SANEF,RESSONS N°11,SAINT-QUENTIN SUD N°11,,6.10,,,,,official-2026
SANEF,RESSONS N°11,SENLIS N°8,,3.10,,,,,official-2026
SANEF,RESSONS N°11,VILLERS-BRETONNEUX N°52,,4.70,,,,,official-2026
SANEF,ROYE N°12,AIRE-SUR-LA-LYS N°4,,11.10,,,,,official-2026
SANEF,ROYE N°12,ALBERT N°13.1,,2.40,,,,,official-2026
SANEF,ROYE N°12,AMIENS EST (péage de Jules Verne) A29,,4.50,,,,,official-2026
SANEF,ROYE N°12,ARRAS EST (A1) N°15,,5.70,,,,,official-2026
SANEF,ROYE N°12,ARRAS NORD (A26) N°7,,6.00,,,,,official-2026
SANEF,ROYE N°12,ATHIES N°54,,2.20,,,,,official-2026
SANEF,ROYE N°12,BAPAUME N°14 A1,,4.00,,,,,official-2026
SANEF,ROYE N°12,BÉTHUNE N°6,,8.70,,,,,official-2026
SANEF,ROYE N°12,CALAIS (péage de Setques),,15.00,,,,,official-2026
SANEF,ROYE N°12,CAMBRAI N°14,,5.10,,,,,official-2026
SANEF,ROYE N°12,COMPIÈGNE OUEST N°10,,2.90,,,,,official-2026
SANEF,ROYE N°12,GARE TGV N°53,,1.30,,,,,official-2026
SANEF,ROYE N°12,GUIGNICOURT N°14,,9.60,,,,,official-2026
SANEF,ROYE N°12,HORDAIN (péage d'Hordain) A2,,7.40,,,,,official-2026
SANEF,ROYE N°12,LA FÈRE N°12,,5.80,,,,,official-2026
SANEF,ROYE N°12,LAON N°13,,7.20,,,,,official-2026
SANEF,ROYE N°12,LILLE / DOURGES (péage de Fresnes),,8.50,,,,,official-2026
SANEF,ROYE N°12,LILLERS N°5,,9.60,,,,,official-2026
SANEF,ROYE N°12,LIÉVIN N°6.2,,7.90,,,,,official-2026
SANEF,ROYE N°12,MARQUION N°8,,6.20,,,,,official-2026
SANEF,ROYE N°12,MASNIÈRES N°9,,5.10,,,,,official-2026
SANEF,ROYE N°12,NŒUX-LES-MINES N°6.1 A26 NORD,,8.50,,,,,official-2026
SANEF,ROYE N°12,PARIS / ROISSY (péage de Chamant),,8.80,,,,,official-2026
SANEF,ROYE N°12,PONT-SAINTE-MAXENCE N°9,,3.90,,,,,official-2026
SANEF,ROYE N°12,PÉRONNE / VALLEE DE LA SOMME N°13,,1.50,,,,,official-2026
SANEF,ROYE N°12,REIMS (péage de Courcy),,12.60,,,,,official-2026
SANEF,ROYE N°12,RESSONS N°11,,1.70,,,,,official-2026
SANEF,ROYE N°12,SAINT-OMER N°3,,11.70,,,,,official-2026
SANEF,ROYE N°12,SAINT-QUENTIN NORD N°10,,4.80,,,,,official-2026
SANEF,ROYE N°12,SAINT-QUENTIN SUD N°11,,4.60,,,,,official-2026
SANEF,ROYE N°12,SENLIS N°8,,6.00,,,,,official-2026
SANEF,ROYE N°12,VILLERS-BRETONNEUX N°52,,3.00,,,,,official-2026
SANEF,SAINT-OMER N°3,AIRE-SUR-LA-LYS N°4,,0.80,,,,,official-2026
SANEF,SAINT-OMER N°3,ALBERT N°13.1,,9.40,,,,,official-2026
SANEF,SAINT-OMER N°3,AMIENS EST (péage de Jules Verne) A29,,13.70,,,,,official-2026
SANEF,SAINT-OMER N°3,ARRAS EST (A1) N°15,,6.60,,,,,official-2026
SANEF,SAINT-OMER N°3,ARRAS NORD (A26) N°7,,6.20,,,,,official-2026
SANEF,SAINT-OMER N°3,ATHIES N°54,,10.60,,,,,official-2026
SANEF,SAINT-OMER N°3,BAPAUME N°14 A1,,8.40,,,,,official-2026
SANEF,SAINT-OMER N°3,BÉTHUNE N°6,,3.80,,,,,official-2026
SANEF,SAINT-OMER N°3,CALAIS (péage de Setques),,2.80,,,,,official-2026
SANEF,SAINT-OMER N°3,CAMBRAI N°14,,8.70,,,,,official-2026
SANEF,SAINT-OMER N°3,COMPIÈGNE OUEST N°10,,15.50,,,,,official-2026
SANEF,SAINT-OMER N°3,GARE TGV N°53,,10.10,,,,,official-2026
SANEF,SAINT-OMER N°3,GUIGNICOURT N°14,,18.40,,,,,official-2026
SANEF,SAINT-OMER N°3,HORDAIN (péage d'Hordain) A2,,10.60,,,,,official-2026
SANEF,SAINT-OMER N°3,LA FÈRE N°12,,13.90,,,,,official-2026
SANEF,SAINT-OMER N°3,LAON N°13,,15.60,,,,,official-2026
SANEF,SAINT-OMER N°3,LILLE / DOURGES (péage de Fresnes),,7.80,,,,,official-2026
SANEF,SAINT-OMER N°3,LILLERS N°5,,2.50,,,,,official-2026
SANEF,SAINT-OMER N°3,LIÉVIN N°6.2,,4.60,,,,,official-2026
SANEF,SAINT-OMER N°3,MARQUION N°8,,8.60,,,,,official-2026
SANEF,SAINT-OMER N°3,MASNIÈRES N°9,,9.50,,,,,official-2026
SANEF,SAINT-OMER N°3,NŒUX-LES-MINES N°6.1 A26 NORD,,4.20,,,,,official-2026
SANEF,SAINT-OMER N°3,PARIS / ROISSY (péage de Chamant),,22.50,,,,,official-2026
SANEF,SAINT-OMER N°3,PONT-SAINTE-MAXENCE N°9,,16.40,,,,,official-2026
SANEF,SAINT-OMER N°3,PÉRONNE / VALLEE DE LA SOMME N°13,,9.80,,,,,official-2026
SANEF,SAINT-OMER N°3,REIMS (péage de Courcy),,22.60,,,,,official-2026
SANEF,SAINT-OMER N°3,RESSONS N°11,,13.80,,,,,official-2026
SANEF,SAINT-OMER N°3,ROYE N°12,,11.70,,,,,official-2026
SANEF,SAINT-OMER N°3,SAINT-QUENTIN NORD N°10,,11.70,,,,,official-2026
SANEF,SAINT-OMER N°3,SAINT-QUENTIN SUD N°11,,12.40,,,,,official-2026
SANEF,SAINT-OMER N°3,SENLIS N°8,,18.20,,,,,official-2026
SANEF,SAINT-OMER N°3,VILLERS-BRETONNEUX N°52,,10.90,,,,,official-2026
SANEF,SAINT-QUENTIN NORD N°10,AIRE-SUR-LA-LYS N°4,,11.00,,,,,official-2026
SANEF,SAINT-QUENTIN NORD N°10,ALBERT N°13.1,,4.50,,,,,official-2026
SANEF,SAINT-QUENTIN NORD N°10,AMIENS EST (péage de Jules Verne) A29,,6.50,,,,,official-2026
SANEF,SAINT-QUENTIN NORD N°10,ARRAS EST (A1) N°15,,5.40,,,,,official-2026
SANEF,SAINT-QUENTIN NORD N°10,ARRAS NORD (A26) N°7,,6.20,,,,,official-2026
SANEF,SAINT-QUENTIN NORD N°10,ATHIES N°54,,1.80,,,,,official-2026
SANEF,SAINT-QUENTIN NORD N°10,BAPAUME N°14 A1,,6.10,,,,,official-2026
SANEF,SAINT-QUENTIN NORD N°10,BÉTHUNE N°6,,8.00,,,,,official-2026
SANEF,SAINT-QUENTIN NORD N°10,CALAIS (péage de Setques),,15.40,,,,,official-2026
SANEF,SAINT-QUENTIN NORD N°10,CAMBRAI N°14,,3.10,,,,,official-2026
SANEF,SAINT-QUENTIN NORD N°10,COMPIÈGNE OUEST N°10,,8.00,,,,,official-2026
SANEF,SAINT-QUENTIN NORD N°10,GARE TGV N°53,,3.10,,,,,official-2026
SANEF,SAINT-QUENTIN NORD N°10,GUIGNICOURT N°14,,6.20,,,,,official-2026
SANEF,SAINT-QUENTIN NORD N°10,HORDAIN (péage d'Hordain) A2,,4.90,,,,,official-2026
SANEF,SAINT-QUENTIN NORD N°10,LA FÈRE N°12,,2.00,,,,,official-2026
SANEF,SAINT-QUENTIN NORD N°10,LAON N°13,,3.90,,,,,official-2026
SANEF,SAINT-QUENTIN NORD N°10,LILLE / DOURGES (péage de Fresnes),,7.00,,,,,official-2026
SANEF,SAINT-QUENTIN NORD N°10,LILLERS N°5,,9.30,,,,,official-2026
SANEF,SAINT-QUENTIN NORD N°10,LIÉVIN N°6.2,,7.10,,,,,official-2026
SANEF,SAINT-QUENTIN NORD N°10,MARQUION N°8,,3.20,,,,,official-2026
SANEF,SAINT-QUENTIN NORD N°10,MASNIÈRES N°9,,2.00,,,,,official-2026
SANEF,SAINT-QUENTIN NORD N°10,NŒUX-LES-MINES N°6.1 A26 NORD,,7.60,,,,,official-2026
SANEF,SAINT-QUENTIN NORD N°10,PARIS / ROISSY (péage de Chamant),,13.60,,,,,official-2026
SANEF,SAINT-QUENTIN NORD N°10,PONT-SAINTE-MAXENCE N°9,,8.70,,,,,official-2026
SANEF,SAINT-QUENTIN NORD N°10,PÉRONNE / VALLEE DE LA SOMME N°13,,3.60,,,,,official-2026
SANEF,SAINT-QUENTIN NORD N°10,REIMS (péage de Courcy),,9.80,,,,,official-2026
SANEF,SAINT-QUENTIN NORD N°10,RESSONS N°11,,6.80,,,,,official-2026
SANEF,SAINT-QUENTIN NORD N°10,ROYE N°12,,4.80,,,,,official-2026
SANEF,SAINT-QUENTIN NORD N°10,SAINT-OMER N°3,,11.70,,,,,official-2026
SANEF,SAINT-QUENTIN NORD N°10,SAINT-QUENTIN SUD N°11,,0.80,,,,,official-2026
SANEF,SAINT-QUENTIN NORD N°10,SENLIS N°8,,10.10,,,,,official-2026
SANEF,SAINT-QUENTIN NORD N°10,VILLERS-BRETONNEUX N°52,,4.80,,,,,official-2026
SANEF,SAINT-QUENTIN SUD N°11,AIRE-SUR-LA-LYS N°4,,11.60,,,,,official-2026
SANEF,SAINT-QUENTIN SUD N°11,ALBERT N°13.1,,4.30,,,,,official-2026
SANEF,SAINT-QUENTIN SUD N°11,AMIENS EST (péage de Jules Verne) A29,,5.80,,,,,official-2026
SANEF,SAINT-QUENTIN SUD N°11,ARRAS EST (A1) N°15,,6.00,,,,,official-2026
SANEF,SAINT-QUENTIN SUD N°11,ARRAS NORD (A26) N°7,,7.00,,,,,official-2026
SANEF,SAINT-QUENTIN SUD N°11,ATHIES N°54,,1.80,,,,,official-2026
SANEF,SAINT-QUENTIN SUD N°11,BAPAUME N°14 A1,,6.50,,,,,official-2026
SANEF,SAINT-QUENTIN SUD N°11,BÉTHUNE N°6,,8.90,,,,,official-2026
SANEF,SAINT-QUENTIN SUD N°11,CALAIS (péage de Setques),,15.90,,,,,official-2026
SANEF,SAINT-QUENTIN SUD N°11,CAMBRAI N°14,,4.20,,,,,official-2026
SANEF,SAINT-QUENTIN SUD N°11,COMPIÈGNE OUEST N°10,,7.50,,,,,official-2026
SANEF,SAINT-QUENTIN SUD N°11,GARE TGV N°53,,3.00,,,,,official-2026
SANEF,SAINT-QUENTIN SUD N°11,GUIGNICOURT N°14,,6.00,,,,,official-2026
SANEF,SAINT-QUENTIN SUD N°11,HORDAIN (péage d'Hordain) A2,,5.30,,,,,official-2026
SANEF,SAINT-QUENTIN SUD N°11,LA FÈRE N°12,,1.50,,,,,official-2026
SANEF,SAINT-QUENTIN SUD N°11,LAON N°13,,2.90,,,,,official-2026
SANEF,SAINT-QUENTIN SUD N°11,LILLE / DOURGES (péage de Fresnes),,7.90,,,,,official-2026
SANEF,SAINT-QUENTIN SUD N°11,LILLERS N°5,,9.60,,,,,official-2026
SANEF,SAINT-QUENTIN SUD N°11,LIÉVIN N°6.2,,7.90,,,,,official-2026
SANEF,SAINT-QUENTIN SUD N°11,MARQUION N°8,,4.00,,,,,official-2026
SANEF,SAINT-QUENTIN SUD N°11,MASNIÈRES N°9,,2.50,,,,,official-2026
SANEF,SAINT-QUENTIN SUD N°11,NŒUX-LES-MINES N°6.1 A26 NORD,,8.10,,,,,official-2026
SANEF,SAINT-QUENTIN SUD N°11,PARIS / ROISSY (péage de Chamant),,12.60,,,,,official-2026
SANEF,SAINT-QUENTIN SUD N°11,PONT-SAINTE-MAXENCE N°9,,8.60,,,,,official-2026
SANEF,SAINT-QUENTIN SUD N°11,PÉRONNE / VALLEE DE LA SOMME N°13,,3.70,,,,,official-2026
SANEF,SAINT-QUENTIN SUD N°11,REIMS (péage de Courcy),,8.60,,,,,official-2026
SANEF,SAINT-QUENTIN SUD N°11,RESSONS N°11,,6.10,,,,,official-2026
SANEF,SAINT-QUENTIN SUD N°11,ROYE N°12,,4.60,,,,,official-2026
SANEF,SAINT-QUENTIN SUD N°11,SAINT-OMER N°3,,12.40,,,,,official-2026
SANEF,SAINT-QUENTIN SUD N°11,SAINT-QUENTIN NORD N°10,,0.80,,,,,official-2026
SANEF,SAINT-QUENTIN SUD N°11,SENLIS N°8,,9.40,,,,,official-2026
SANEF,SAINT-QUENTIN SUD N°11,VILLERS-BRETONNEUX N°52,,4.60,,,,,official-2026
SANEF,SALOUËL N°18,ABBEVILLE EST N°22,,4.20,,,,,official-2026
SANEF,SALOUËL N°18,ABBEVILLE NORD N°23,,5.10,,,,,official-2026
SANEF,SALOUËL N°18,AMIENS NORD N°20,,0.90,,,,,official-2026
SANEF,SALOUËL N°18,AMIENS OUEST N°19,,0.50,,,,,official-2026
SANEF,SALOUËL N°18,AMIENS SUD (péage de Dury),,0.90,,,,,official-2026
SANEF,SALOUËL N°18,AUMALE N°12,,3.60,,,,,official-2026
SANEF,SALOUËL N°18,BEAUVAIS CENTRE N°14,,5.10,,,,,official-2026
SANEF,SALOUËL N°18,BEAUVAIS NORD N°15,,4.60,,,,,official-2026
SANEF,SALOUËL N°18,BERCK N°25,,9.30,,,,,official-2026
SANEF,SALOUËL N°18,BOULOGNE EST (péage d'Herquelingue),,13.90,,,,,official-2026
SANEF,SALOUËL N°18,BOULOGNE SUD N°28,,11.50,,,,,official-2026
SANEF,SALOUËL N°18,ESSERTAUX N°17,,1.20,,,,,official-2026
SANEF,SALOUËL N°18,ETAPLES / LE TOUQUET N°26,,9.90,,,,,official-2026
SANEF,SALOUËL N°18,HARDIVILLERS N°16,,2.70,,,,,official-2026
SANEF,SALOUËL N°18,L'ISLE-ADAM (péage d'Amblainville),,9.60,,,,,official-2026
SANEF,SALOUËL N°18,LA CÔTE PICARDE N°24 A16,,7.20,,,,,official-2026
SANEF,SALOUËL N°18,MÉRU N°13,,6.70,,,,,official-2026
SANEF,SALOUËL N°18,NEUFCHÂTEL-EN-BRAY (A28),,5.50,,,,,official-2026
SANEF,SALOUËL N°18,NEUFCHÂTEL-HARDELOT N°27,,11.10,,,,,official-2026
SANEF,SALOUËL N°18,POIX-DE-PICARDIE N°13 A29,,1.70,,,,,official-2026
SANEF,SALOUËL N°18,VALLÉE DE LA NIÈVRE N°21,,2.80,,,,,official-2026
SANEF,SENLIS N°8,AIRE-SUR-LA-LYS N°4,,16.90,,,,,official-2026
SANEF,SENLIS N°8,ALBERT N°13.1,,7.30,,,,,official-2026
SANEF,SENLIS N°8,AMIENS EST (péage de Jules Verne) A29,,9.80,,,,,official-2026
SANEF,SENLIS N°8,ARRAS EST (A1) N°15,,11.50,,,,,official-2026
SANEF,SENLIS N°8,ARRAS NORD (A26) N°7,,12.10,,,,,official-2026
SANEF,SENLIS N°8,ATHIES N°54,,6.90,,,,,official-2026
SANEF,SENLIS N°8,BAPAUME N°14 A1,,8.80,,,,,official-2026
SANEF,SENLIS N°8,BÉTHUNE N°6,,14.40,,,,,official-2026
SANEF,SENLIS N°8,CALAIS (péage de Setques),,20.20,,,,,official-2026
SANEF,SENLIS N°8,CAMBRAI N°14,,10.40,,,,,official-2026
SANEF,SENLIS N°8,COMPIÈGNE OUEST N°10,,1.90,,,,,official-2026
SANEF,SENLIS N°8,GARE TGV N°53,,5.90,,,,,official-2026
SANEF,SENLIS N°8,GUIGNICOURT N°14,,13.50,,,,,official-2026
SANEF,SENLIS N°8,HORDAIN (péage d'Hordain) A2,,12.90,,,,,official-2026
SANEF,SENLIS N°8,LA FÈRE N°12,,10.50,,,,,official-2026
SANEF,SENLIS N°8,LAON N°13,,11.70,,,,,official-2026
SANEF,SENLIS N°8,LILLE / DOURGES (péage de Fresnes),,14.60,,,,,official-2026
SANEF,SENLIS N°8,LILLERS N°5,,15.10,,,,,official-2026
SANEF,SENLIS N°8,LIÉVIN N°6.2,,12.90,,,,,official-2026
SANEF,SENLIS N°8,MARQUION N°8,,10.30,,,,,official-2026
SANEF,SENLIS N°8,MASNIÈRES N°9,,9.80,,,,,official-2026
SANEF,SENLIS N°8,NŒUX-LES-MINES N°6.1 A26 NORD,,13.20,,,,,official-2026
SANEF,SENLIS N°8,PARIS / ROISSY (péage de Chamant),,2.20,,,,,official-2026
SANEF,SENLIS N°8,PONT-SAINTE-MAXENCE N°9,,1.50,,,,,official-2026
SANEF,SENLIS N°8,PÉRONNE / VALLEE DE LA SOMME N°13,,7.00,,,,,official-2026
SANEF,SENLIS N°8,REIMS (péage de Courcy),,15.10,,,,,official-2026
SANEF,SENLIS N°8,RESSONS N°11,,3.10,,,,,official-2026
SANEF,SENLIS N°8,ROYE N°12,,6.00,,,,,official-2026
SANEF,SENLIS N°8,SAINT-OMER N°3,,18.20,,,,,official-2026
SANEF,SENLIS N°8,SAINT-QUENTIN NORD N°10,,10.10,,,,,official-2026
SANEF,SENLIS N°8,SAINT-QUENTIN SUD N°11,,9.40,,,,,official-2026
SANEF,SENLIS N°8,VILLERS-BRETONNEUX N°52,,8.20,,,,,official-2026
SANEF,VALLÉE DE LA NIÈVRE N°21,ABBEVILLE EST N°22,,1.60,,,,,official-2026
SANEF,VALLÉE DE LA NIÈVRE N°21,ABBEVILLE NORD N°23,,2.30,,,,,official-2026
SANEF,VALLÉE DE LA NIÈVRE N°21,AMIENS NORD N°20,,1.70,,,,,official-2026
SANEF,VALLÉE DE LA NIÈVRE N°21,AMIENS OUEST N°19,,2.20,,,,,official-2026
SANEF,VALLÉE DE LA NIÈVRE N°21,AMIENS SUD (péage de Dury),,3.20,,,,,official-2026
SANEF,VALLÉE DE LA NIÈVRE N°21,AUMALE N°12,,5.20,,,,,official-2026
SANEF,VALLÉE DE LA NIÈVRE N°21,BEAUVAIS CENTRE N°14,,7.90,,,,,official-2026
SANEF,VALLÉE DE LA NIÈVRE N°21,BEAUVAIS NORD N°15,,7.10,,,,,official-2026
SANEF,VALLÉE DE LA NIÈVRE N°21,BERCK N°25,,6.40,,,,,official-2026
SANEF,VALLÉE DE LA NIÈVRE N°21,BOULOGNE EST (péage d'Herquelingue),,11.50,,,,,official-2026
SANEF,VALLÉE DE LA NIÈVRE N°21,BOULOGNE SUD N°28,,9.60,,,,,official-2026
SANEF,VALLÉE DE LA NIÈVRE N°21,ESSERTAUX N°17,,4.00,,,,,official-2026
SANEF,VALLÉE DE LA NIÈVRE N°21,ETAPLES / LE TOUQUET N°26,,7.50,,,,,official-2026
SANEF,VALLÉE DE LA NIÈVRE N°21,HARDIVILLERS N°16,,4.80,,,,,official-2026
SANEF,VALLÉE DE LA NIÈVRE N°21,L'ISLE-ADAM (péage d'Amblainville),,11.90,,,,,official-2026
SANEF,VALLÉE DE LA NIÈVRE N°21,LA CÔTE PICARDE N°24 A16,,4.10,,,,,official-2026
SANEF,VALLÉE DE LA NIÈVRE N°21,MÉRU N°13,,9.70,,,,,official-2026
SANEF,VALLÉE DE LA NIÈVRE N°21,NEUFCHÂTEL-EN-BRAY (A28),,7.00,,,,,official-2026
SANEF,VALLÉE DE LA NIÈVRE N°21,NEUFCHÂTEL-HARDELOT N°27,,8.70,,,,,official-2026
SANEF,VALLÉE DE LA NIÈVRE N°21,POIX-DE-PICARDIE N°13 A29,,4.10,,,,,official-2026
SANEF,VALLÉE DE LA NIÈVRE N°21,SALOUËL N°18,,2.80,,,,,official-2026
SANEF,VILLERS-BRETONNEUX N°52,AIRE-SUR-LA-LYS N°4,,10.40,,,,,official-2026
SANEF,VILLERS-BRETONNEUX N°52,ALBERT N°13.1,,2.80,,,,,official-2026
SANEF,VILLERS-BRETONNEUX N°52,AMIENS EST (péage de Jules Verne) A29,,1.20,,,,,official-2026
SANEF,VILLERS-BRETONNEUX N°52,ARRAS EST (A1) N°15,,5.50,,,,,official-2026
SANEF,VILLERS-BRETONNEUX N°52,ARRAS NORD (A26) N°7,,6.30,,,,,official-2026
SANEF,VILLERS-BRETONNEUX N°52,ATHIES N°54,,2.80,,,,,official-2026
SANEF,VILLERS-BRETONNEUX N°52,BAPAUME N°14 A1,,4.10,,,,,official-2026
SANEF,VILLERS-BRETONNEUX N°52,BÉTHUNE N°6,,8.50,,,,,official-2026
SANEF,VILLERS-BRETONNEUX N°52,CALAIS (péage de Setques),,13.70,,,,,official-2026
SANEF,VILLERS-BRETONNEUX N°52,CAMBRAI N°14,,5.20,,,,,official-2026
SANEF,VILLERS-BRETONNEUX N°52,COMPIÈGNE OUEST N°10,,5.70,,,,,official-2026
SANEF,VILLERS-BRETONNEUX N°52,GARE TGV N°53,,1.60,,,,,official-2026
SANEF,VILLERS-BRETONNEUX N°52,GUIGNICOURT N°14,,9.40,,,,,official-2026
SANEF,VILLERS-BRETONNEUX N°52,HORDAIN (péage d'Hordain) A2,,7.20,,,,,official-2026
SANEF,VILLERS-BRETONNEUX N°52,LA FÈRE N°12,,5.50,,,,,official-2026
SANEF,VILLERS-BRETONNEUX N°52,LAON N°13,,7.50,,,,,official-2026
SANEF,VILLERS-BRETONNEUX N°52,LILLE / DOURGES (péage de Fresnes),,8.30,,,,,official-2026
SANEF,VILLERS-BRETONNEUX N°52,LILLERS N°5,,9.60,,,,,official-2026
SANEF,VILLERS-BRETONNEUX N°52,LIÉVIN N°6.2,,8.20,,,,,official-2026
SANEF,VILLERS-BRETONNEUX N°52,MARQUION N°8,,7.30,,,,,official-2026
SANEF,VILLERS-BRETONNEUX N°52,MASNIÈRES N°9,,5.50,,,,,official-2026
SANEF,VILLERS-BRETONNEUX N°52,NŒUX-LES-MINES N°6.1 A26 NORD,,8.30,,,,,official-2026
SANEF,VILLERS-BRETONNEUX N°52,PARIS / ROISSY (péage de Chamant),,10.30,,,,,official-2026
SANEF,VILLERS-BRETONNEUX N°52,PONT-SAINTE-MAXENCE N°9,,6.30,,,,,official-2026
SANEF,VILLERS-BRETONNEUX N°52,PÉRONNE / VALLEE DE LA SOMME N°13,,2.00,,,,,official-2026
SANEF,VILLERS-BRETONNEUX N°52,REIMS (péage de Courcy),,13.20,,,,,official-2026
SANEF,VILLERS-BRETONNEUX N°52,RESSONS N°11,,4.70,,,,,official-2026
SANEF,VILLERS-BRETONNEUX N°52,ROYE N°12,,3.00,,,,,official-2026
SANEF,VILLERS-BRETONNEUX N°52,SAINT-OMER N°3,,10.90,,,,,official-2026
SANEF,VILLERS-BRETONNEUX N°52,SAINT-QUENTIN NORD N°10,,4.80,,,,,official-2026
SANEF,VILLERS-BRETONNEUX N°52,SAINT-QUENTIN SUD N°11,,4.60,,,,,official-2026
SANEF,VILLERS-BRETONNEUX N°52,SENLIS N°8,,8.20,,,,,official-2026
