operator,name_from,name_to,vehicle_class,price,distance,effective_from,effective_to,season_start,season_end,source_id
APRR,FLEURY-EN-BIERE,URY,1,2.00,34.07,2026-02-01,2027-01-31,,,aprr-class1-2026
SANEF,ABBEVILLE EST N°22,ABBEVILLE NORD N°23,1,1.10,,2026-02-01,2027-01-31,,,sanef-class1-2026
SANEF,ABBEVILLE EST N°22,AMIENS NORD N°20,1,3.90,,2026-02-01,2027-01-31,,,sanef-class1-2026
SANEF,ABBEVILLE EST N°22,AMIENS OUEST N°19,1,4.10,,2026-02-01,2027-01-31,,,sanef-class1-2026
SANEF,ABBEVILLE EST N°22,AMIENS SUD (péage de Dury),1,5.20,,2026-02-01,2027-01-31,,,sanef-class1-2026
SANEF,ABBEVILLE EST N°22,AUMALE N°12,1,7.00,,2026-02-01,2027-01-31,,,sanef-class1-2026
SANEF,ABBEVILLE EST N°22,BEAUVAIS CENTRE N°14,1,9.40,,2026-02-01,2027-01-31,,,sanef-class1-2026
SANEF,ABBEVILLE EST N°22,BEAUVAIS NORD N°15,1,9.30,,2026-02-01,2027-01-31,,,sanef-class1-2026
SANEF,ABBEVILLE EST N°22,BERCK N°25,1,4.90,,2026-02-01,2027-01-31,,,sanef-class1-2026
SANEF,ABBEVILLE EST N°22,BOULOGNE EST (péage d'Herquelingue),1,10.30,,2026-02-01,2027-01-31,,,sanef-class1-2026
SANEF,ABBEVILLE EST N°22,BOULOGNE SUD N°28,1,8.50,,2026-02-01,2027-01-31,,,sanef-class1-2026
SANEF,ABBEVILLE EST N°22,ESSERTAUX N°17,1,5.30,,2026-02-01,2027-01-31,,,sanef-class1-2026
SANEF,ABBEVILLE EST N°22,ETAPLES / LE TOUQUET N°26,1,6.50,,2026-02-01,2027-01-31,,,sanef-class1-2026
SANEF,ABBEVILLE EST N°22,HARDIVILLERS N°16,1,6.90,,2026-02-01,2027-01-31,,,sanef-class1-2026
SANEF,ABBEVILLE EST N°22,L'ISLE-ADAM (péage d'Amblainville),1,14.80,,2026-02-01,2027-01-31,,,sanef-class1-2026
SANEF,ABBEVILLE EST N°22,LA CÔTE PICARDE N°24 A16,1,2.70,,2026-02-01,2027-01-31,,,sanef-class1-2026
SANEF,ABBEVILLE EST N°22,MÉRU N°13,1,10.90,,2026-02-01,2027-01-31,,,sanef-class1-2026
SANEF,ABBEVILLE EST N°22,NEUFCHÂTEL-EN-BRAY (A28),1,8.10,,2026-02-01,2027-01-31,,,sanef-class1-2026
SANEF,ABBEVILLE EST N°22,NEUFCHÂTEL-HARDELOT N°27,1,7.20,,2026-02-01,2027-01-31,,,sanef-class1-2026
SANEF,ABBEVILLE EST N°22,POIX-DE-PICARDIE N°13 A29,1,5.40,,2026-02-01,2027-01-31,,,sanef-class1-2026
SANEF,ABBEVILLE EST N°22,SALOUËL N°18,1,4.20,,2026-02-01,2027-01-31,,,sanef-class1-2026
SANEF,ABBEVILLE EST N°22,VALLÉE DE LA NIÈVRE N°21,1,1.60,,2026-02-01,2027-01-31,,,sanef-class1-2026
SANEF,ABBEVILLE NORD N°23,ABBEVILLE EST N°22,1,1.10,,2026-02-01,2027-01-31,,,sanef-class1-2026
SANEF,ABBEVILLE NORD N°23,AMIENS NORD N°20,1,4.50,,2026-02-01,2027-01-31,,,sanef-class1-2026
SANEF,ABBEVILLE NORD N°23,AMIENS OUEST N°19,1,4.80,,2026-02-01,2027-01-31,,,sanef-class1-2026
SANEF,ABBEVILLE NORD N°23,AMIENS SUD (péage de Dury),1,6.00,,2026-02-01,2027-01-31,,,sanef-class1-2026
SANEF,ABBEVILLE NORD N°23,AUMALE N°12,1,7.30,,2026-02-01,2027-01-31,,,sanef-class1-2026
SANEF,ABBEVILLE NORD N°23,BEAUVAIS CENTRE N°14,1,10.70,,2026-02-01,2027-01-31,,,sanef-class1-2026
SANEF,ABBEVILLE NORD N°23,BEAUVAIS NORD N°15,1,10.50,,2026-02-01,2027-01-31,,,sanef-class1-2026
SANEF,ABBEVILLE NORD N°23,BERCK N°25,1,4.10,,2026-02-01,2027-01-31,,,sanef-class1-2026
SANEF,ABBEVILLE NORD N°23,BOULOGNE EST (péage d'Herquelingue),1,9.30,,2026-02-01,2027-01-31,,,sanef-class1-2026
SANEF,ABBEVILLE NORD N°23,BOULOGNE SUD N°28,1,7.70,,2026-02-01,2027-01-31,,,sanef-class1-2026
SANEF,ABBEVILLE NORD N°23,ESSERTAUX N°17,1,6.40,,2026-02-01,2027-01-31,,,sanef-class1-2026
SANEF,ABBEVILLE NORD N°23,ETAPLES / LE TOUQUET N°26,1,5.20,,2026-02-01,2027-01-31,,,sanef-class1-2026
SANEF,ABBEVILLE NORD N°23,HARDIVILLERS N°16,1,7.90,,2026-02-01,2027-01-31,,,sanef-class1-2026
SANEF,ABBEVILLE NORD N°23,L'ISLE-ADAM (péage d'Amblainville),1,15.90,,2026-02-01,2027-01-31,,,sanef-class1-2026
SANEF,ABBEVILLE NORD N°23,LA CÔTE PICARDE N°24 A16,1,1.80,,2026-02-01,2027-01-31,,,sanef-class1-2026
SANEF,ABBEVILLE NORD N°23,MÉRU N°13,1,12.00,,2026-02-01,2027-01-31,,,sanef-class1-2026
SANEF,ABBEVILLE NORD N°23,NEUFCHÂTEL-EN-BRAY (A28),1,8.90,,2026-02-01,2027-01-31,,,sanef-class1-2026
SANEF,ABBEVILLE NORD N°23,NEUFCHÂTEL-HARDELOT N°27,1,6.50,,2026-02-01,2027-01-31,,,sanef-class1-2026
SANEF,ABBEVILLE NORD N°23,POIX-DE-PICARDIE N°13 A29,1,6.00,,2026-02-01,2027-01-31,,,sanef-class1-2026
SANEF,ABBEVILLE NORD N°23,SALOUËL N°18,1,5.10,,2026-02-01,2027-01-31,,,sanef-class1-2026
SANEF,ABBEVILLE NORD N°23,VALLÉE DE LA NIÈVRE N°21,1,2.30,,2026-02-01,2027-01-31,,,sanef-class1-2026
SANEF,AIRE-SUR-LA-LYS N°4,ALBERT N°13.1,1,8.70,,2026-02-01,2027-01-31,,,sanef-class1-2026
SANEF,AIRE-SUR-LA-LYS N°4,AMIENS EST (péage de Jules Verne) A29,1,13.60,,2026-02-01,2027-01-31,,,sanef-class1-2026
SANEF,AIRE-SUR-LA-LYS N°4,ARRAS EST (A1) N°15,1,5.70,,2026-02-01,2027-01-31,,,sanef-class1-2026
SANEF,AIRE-SUR-LA-LYS N°4,ARRAS NORD (A26) N°7,1,4.80,,2026-02-01,2027-01-31,,,sanef-class1-2026
SANEF,AIRE-SUR-LA-LYS N°4,ATHIES N°54,1,10.10,,2026-02-01,2027-01-31,,,sanef-class1-2026
SANEF,AIRE-SUR-LA-LYS N°4,BAPAUME N°14 A1,1,7.80,,2026-02-01,2027-01-31,,,sanef-class1-2026
SANEF,AIRE-SUR-LA-LYS N°4,BÉTHUNE N°6,1,2.80,,2026-02-01,2027-01-31,,,sanef-class1-2026
SANEF,AIRE-SUR-LA-LYS N°4,CALAIS (péage de Setques),1,3.30,,2026-02-01,2027-01-31,,,sanef-class1-2026
SANEF,AIRE-SUR-LA-LYS N°4,CAMBRAI N°14,1,8.00,,2026-02-01,2027-01-31,,,sanef-class1-2026
SANEF,AIRE-SUR-LA-LYS N°4,COMPIÈGNE OUEST N°10,1,14.30,,2026-02-01,2027-01-31,,,sanef-class1-2026
SANEF,AIRE-SUR-LA-LYS N°4,GARE TGV N°53,1,9.10,,2026-02-01,2027-01-31,,,sanef-class1-2026
SANEF,AIRE-SUR-LA-LYS N°4,GUIGNICOURT N°14,1,16.00,,2026-02-01,2027-01-31,,,sanef-class1-2026
SANEF,AIRE-SUR-LA-LYS N°4,HORDAIN (péage d'Hordain) A2,1,8.70,,2026-02-01,2027-01-31,,,sanef-class1-2026
SANEF,AIRE-SUR-LA-LYS N°4,LA FÈRE N°12,1,11.90,,2026-02-01,2027-01-31,,,sanef-class1-2026
SANEF,AIRE-SUR-LA-LYS N°4,LAON N°13,1,14.90,,2026-02-01,2027-01-31,,,sanef-class1-2026
SANEF,AIRE-SUR-LA-LYS N°4,LILLE / DOURGES (péage de Fresnes),1,7.20,,2026-02-01,2027-01-31,,,sanef-class1-2026
SANEF,AIRE-SUR-LA-LYS N°4,LILLERS N°5,1,1.60,,2026-02-01,2027-01-31,,,sanef-class1-2026
SANEF,AIRE-SUR-LA-LYS N°4,LIÉVIN N°6.2,1,4.10,,2026-02-01,2027-01-31,,,sanef-class1-2026
SANEF,AIRE-SUR-LA-LYS N°4,MARQUION N°8,1,8.00,,2026-02-01,2027-01-31,,,sanef-class1-2026
SANEF,AIRE-SUR-LA-LYS N°4,MASNIÈRES N°9,1,8.80,,2026-02-01,2027-01-31,,,sanef-class1-2026
SANEF,AIRE-SUR-LA-LYS N°4,NŒUX-LES-MINES N°6.1 A26 NORD,1,3.40,,2026-02-01,2027-01-31,,,sanef-class1-2026
SANEF,AIRE-SUR-LA-LYS N°4,PARIS / ROISSY (péage de Chamant),1,20.70,,2026-02-01,2027-01-31,,,sanef-class1-2026
SANEF,AIRE-SUR-LA-LYS N°4,PONT-SAINTE-MAXENCE N°9,1,15.30,,2026-02-01,2027-01-31,,,sanef-class1-2026
SANEF,AIRE-SUR-LA-LYS N°4,PÉRONNE / VALLEE DE LA SOMME N°13,1,9.00,,2026-02-01,2027-01-31,,,sanef-class1-2026
SANEF,AIRE-SUR-LA-LYS N°4,REIMS (péage de Courcy),1,21.50,,2026-02-01,2027-01-31,,,sanef-class1-2026
SANEF,AIRE-SUR-LA-LYS N°4,RESSONS N°11,1,12.50,,2026-02-01,2027-01-31,,,sanef-class1-2026
SANEF,AIRE-SUR-LA-LYS N°4,ROYE N°12,1,11.10,,2026-02-01,2027-01-31,,,sanef-class1-2026
SANEF,AIRE-SUR-LA-LYS N°4,SAINT-OMER N°3,1,0.80,,2026-02-01,2027-01-31,,,sanef-class1-2026
SANEF,AIRE-SUR-LA-LYS N°4,SAINT-QUENTIN NORD N°10,1,11.00,,2026-02-01,2027-01-31,,,sanef-class1-2026
SANEF,AIRE-SUR-LA-LYS N°4,SAINT-QUENTIN SUD N°11,1,11.60,,2026-02-01,2027-01-31,,,sanef-class1-2026
SANEF,AIRE-SUR-LA-LYS N°4,SENLIS N°8,1,16.90,,2026-02-01,2027-01-31,,,sanef-class1-2026
SANEF,AIRE-SUR-LA-LYS N°4,VILLERS-BRETONNEUX N°52,1,10.40,,2026-02-01,2027-01-31,,,sanef-class1-2026
SANEF,ALBERT N°13.1,AIRE-SUR-LA-LYS N°4,1,8.70,,2026-02-01,2027-01-31,,,sanef-class1-2026
SANEF,ALBERT N°13.1,AMIENS EST (péage de Jules Verne) A29,1,4.10,,2026-02-01,2027-01-31,,,sanef-class1-2026
SANEF,ALBERT N°13.1,ARRAS EST (A1) N°15,1,2.80,,2026-02-01,2027-01-31,,,sanef-class1-2026
SANEF,ALBERT N°13.1,ARRAS NORD (A26) N°7,1,4.10,,2026-02-01,2027-01-31,,,sanef-class1-2026
SANEF,ALBERT N°13.1,ATHIES N°54,1,1.90,,2026-02-01,2027-01-31,,,sanef-class1-2026
SANEF,ALBERT N°13.1,BAPAUME N°14 A1,1,1.20,,2026-02-01,2027-01-31,,,sanef-class1-2026
SANEF,ALBERT N°13.1,BÉTHUNE N°6,1,5.70,,2026-02-01,2027-01-31,,,sanef-class1-2026
SANEF,ALBERT N°13.1,CALAIS (péage de Setques),1,12.10,,2026-02-01,2027-01-31,,,sanef-class1-2026
SANEF,ALBERT N°13.1,CAMBRAI N°14,1,2.60,,2026-02-01,2027-01-31,,,sanef-class1-2026
SANEF,ALBERT N°13.1,COMPIÈGNE OUEST N°10,1,5.30,,2026-02-01,2027-01-31,,,sanef-class1-2026
SANEF,ALBERT N°13.1,GARE TGV N°53,1,1.00,,2026-02-01,2027-01-31,,,sanef-class1-2026
SANEF,ALBERT N°13.1,GUIGNICOURT N°14,1,9.20,,2026-02-01,2027-01-31,,,sanef-class1-2026
SANEF,ALBERT N°13.1,HORDAIN (péage d'Hordain) A2,1,4.40,,2026-02-01,2027-01-31,,,sanef-class1-2026
SANEF,ALBERT N°13.1,LA FÈRE N°12,1,5.50,,2026-02-01,2027-01-31,,,sanef-class1-2026
SANEF,ALBERT N°13.1,LAON N°13,1,6.80,,2026-02-01,2027-01-31,,,sanef-class1-2026
SANEF,ALBERT N°13.1,LILLE / DOURGES (péage de Fresnes),1,4.90,,2026-02-01,2027-01-31,,,sanef-class1-2026
SANEF,ALBERT N°13.1,LILLERS N°5,1,7.00,,2026-02-01,2027-01-31,,,sanef-class1-2026
SANEF,ALBERT N°13.1,LIÉVIN N°6.2,1,4.80,,2026-02-01,2027-01-31,,,sanef-class1-2026
SANEF,ALBERT N°13.1,MARQUION N°8,1,3.80,,2026-02-01,2027-01-31,,,sanef-class1-2026
SANEF,ALBERT N°13.1,MASNIÈRES N°9,1,2.80,,2026-02-01,2027-01-31,,,sanef-class1-2026
SANEF,ALBERT N°13.1,NŒUX-LES-MINES N°6.1 A26 NORD,1,5.20,,2026-02-01,2027-01-31,,,sanef-class1-2026
SANEF,ALBERT N°13.1,PARIS / ROISSY (péage de Chamant),1,11.00,,2026-02-01,2027-01-31,,,sanef-class1-2026
SANEF,ALBERT N°13.1,PONT-SAINTE-MAXENCE N°9,1,5.80,,2026-02-01,2027-01-31,,,sanef-class1-2026
SANEF,ALBERT N°13.1,PÉRONNE / VALLEE DE LA SOMME N°13,1,0.70,,2026-02-01,2027-01-31,,,sanef-class1-2026
SANEF,ALBERT N°13.1,REIMS (péage de Courcy),1,12.00,,2026-02-01,2027-01-31,,,sanef-class1-2026
SANEF,ALBERT N°13.1,RESSONS N°11,1,4.20,,2026-02-01,2027-01-31,,,sanef-class1-2026
SANEF,ALBERT N°13.1,ROYE N°12,1,2.40,,2026-02-01,2027-01-31,,,sanef-class1-2026
SANEF,ALBERT N°13.1,SAINT-OMER N°3,1,9.40,,2026-02-01,2027-01-31,,,sanef-class1-2026
SANEF,ALBERT N°13.1,SAINT-QUENTIN NORD N°10,1,4.50,,2026-02-01,2027-01-31,,,sanef-class1-2026
SANEF,ALBERT N°13.1,SAINT-QUENTIN SUD N°11,1,4.30,,2026-02-01,2027-01-31,,,sanef-class1-2026
SANEF,ALBERT N°13.1,SENLIS N°8,1,7.30,,2026-02-01,2027-01-31,,,sanef-class1-2026
SANEF,ALBERT N°13.1,VILLERS-BRETONNEUX N°52,1,2.80,,2026-02-01,2027-01-31,,,sanef-class1-2026
SANEF,AMIENS EST (péage de Jules Verne) A29,AIRE-SUR-LA-LYS N°4,1,13.60,,2026-02-01,2027-01-31,,,sanef-class1-2026
SANEF,AMIENS EST (péage de Jules Verne) A29,ALBERT N°13.1,1,4.10,,2026-02-01,2027-01-31,,,sanef-class1-2026
SANEF,AMIENS EST (péage de Jules Verne) A29,ARRAS EST (A1) N°15,1,7.90,,2026-02-01,2027-01-31,,,sanef-class1-2026
SANEF,AMIENS EST (péage de Jules Verne) A29,ARRAS NORD (A26) N°7,1,8.70,,2026-02-01,2027-01-31,,,sanef-class1-2026
SANEF,AMIENS EST (péage de Jules Verne) A29,ATHIES N°54,1,4.60,,2026-02-01,2027-01-31,,,sanef-class1-2026
SANEF,AMIENS EST (péage de Jules Verne) A29,BAPAUME N°14 A1,1,5.70,,2026-02-01,2027-01-31,,,sanef-class1-2026
SANEF,AMIENS EST (péage de Jules Verne) A29,BÉTHUNE N°6,1,10.70,,2026-02-01,2027-01-31,,,sanef-class1-2026
SANEF,AMIENS EST (péage de Jules Verne) A29,CALAIS (péage de Setques),1,16.70,,2026-02-01,2027-01-31,,,sanef-class1-2026
SANEF,AMIENS EST (péage de Jules Verne) A29,CAMBRAI N°14,1,7.70,,2026-02-01,2027-01-31,,,sanef-class1-2026
SANEF,AMIENS EST (péage de Jules Verne) A29,COMPIÈGNE OUEST N°10,1,7.90,,2026-02-01,2027-01-31,,,sanef-class1-2026
SANEF,AMIENS EST (péage de Jules Verne) A29,GARE TGV N°53,1,3.20,,2026-02-01,2027-01-31,,,sanef-class1-2026
SANEF,AMIENS EST (péage de Jules Verne) A29,GUIGNICOURT N°14,1,10.90,,2026-02-01,2027-01-31,,,sanef-class1-2026
SANEF,AMIENS EST (péage de Jules Verne) A29,HORDAIN (péage d'Hordain) A2,1,9.50,,2026-02-01,2027-01-31,,,sanef-class1-2026
SANEF,AMIENS EST (péage de Jules Verne) A29,LA FÈRE N°12,1,7.20,,2026-02-01,2027-01-31,,,sanef-class1-2026
SANEF,AMIENS EST (péage de Jules Verne) A29,LAON N°13,1,9.50,,2026-02-01,2027-01-31,,,sanef-class1-2026
SANEF,AMIENS EST (péage de Jules Verne) A29,LILLE / DOURGES (péage de Fresnes),1,10.20,,2026-02-01,2027-01-31,,,sanef-class1-2026
SANEF,AMIENS EST (péage de Jules Verne) A29,LILLERS N°5,1,11.40,,2026-02-01,2027-01-31,,,sanef-class1-2026
SANEF,AMIENS EST (péage de Jules Verne) A29,LIÉVIN N°6.2,1,9.90,,2026-02-01,2027-01-31,,,sanef-class1-2026
SANEF,AMIENS EST (péage de Jules Verne) A29,MARQUION N°8,1,9.10,,2026-02-01,2027-01-31,,,sanef-class1-2026
SANEF,AMIENS EST (péage de Jules Verne) A29,MASNIÈRES N°9,1,7.40,,2026-02-01,2027-01-31,,,sanef-class1-2026
SANEF,AMIENS EST (péage de Jules Verne) A29,NŒUX-LES-MINES N°6.1 A26 NORD,1,10.40,,2026-02-01,2027-01-31,,,sanef-class1-2026
SANEF,AMIENS EST (péage de Jules Verne) A29,PARIS / ROISSY (péage de Chamant),1,11.90,,2026-02-01,2027-01-31,,,sanef-class1-2026
SANEF,AMIENS EST (péage de Jules Verne) A29,PONT-SAINTE-MAXENCE N°9,1,8.50,,2026-02-01,2027-01-31,,,sanef-class1-2026
SANEF,AMIENS EST (péage de Jules Verne) A29,PÉRONNE / VALLEE DE LA SOMME N°13,1,3.60,,2026-02-01,2027-01-31,,,sanef-class1-2026
SANEF,AMIENS EST (péage de Jules Verne) A29,REIMS (péage de Courcy),1,14.80,,2026-02-01,2027-01-31,,,sanef-class1-2026
SANEF,AMIENS EST (péage de Jules Verne) A29,RESSONS N°11,1,6.50,,2026-02-01,2027-01-31,,,sanef-class1-2026
SANEF,AMIENS EST (péage de Jules Verne) A29,ROYE N°12,1,4.50,,2026-02-01,2027-01-31,,,sanef-class1-2026
SANEF,AMIENS EST (péage de Jules Verne) A29,SAINT-OMER N°3,1,13.70,,2026-02-01,2027-01-31,,,sanef-class1-2026
SANEF,AMIENS EST (péage de Jules Verne) A29,SAINT-QUENTIN NORD N°10,1,6.50,,2026-02-01,2027-01-31,,,sanef-class1-2026
SANEF,AMIENS EST (péage de Jules Verne) A29,SAINT-QUENTIN SUD N°11,1,5.80,,2026-02-01,2027-01-31,,,sanef-class1-2026
SANEF,AMIENS EST (péage de Jules Verne) A29,SENLIS N°8,1,9.80,,2026-02-01,2027-01-31,,,sanef-class1-2026
SANEF,AMIENS EST (péage de Jules Verne) A29,VILLERS-BRETONNEUX N°52,1,1.20,,2026-02-01,2027-01-31,,,sanef-class1-2026
SANEF,AMIENS NORD N°20,ABBEVILLE EST N°22,1,3.90,,2026-02-01,2027-01-31,,,sanef-class1-2026
SANEF,AMIENS NORD N°20,ABBEVILLE NORD N°23,1,4.50,,2026-02-01,2027-01-31,,,sanef-class1-2026
SANEF,AMIENS NORD N°20,AMIENS OUEST N°19,1,0.50,,2026-02-01,2027-01-31,,,sanef-class1-2026
SANEF,AMIENS NORD N°20,AMIENS SUD (péage de Dury),1,1.40,,2026-02-01,2027-01-31,,,sanef-class1-2026
SANEF,AMIENS NORD N°20,AUMALE N°12,1,4.30,,2026-02-01,2027-01-31,,,sanef-class1-2026
SANEF,AMIENS NORD N°20,BEAUVAIS CENTRE N°14,1,6.00,,2026-02-01,2027-01-31,,,sanef-class1-2026
SANEF,AMIENS NORD N°20,BEAUVAIS NORD N°15,1,5.20,,2026-02-01,2027-01-31,,,sanef-class1-2026
SANEF,AMIENS NORD N°20,BERCK N°25,1,8.60,,2026-02-01,2027-01-31,,,sanef-class1-2026
SANEF,AMIENS NORD N°20,BOULOGNE EST (péage d'Herquelingue),1,13.60,,2026-02-01,2027-01-31,,,sanef-class1-2026
SANEF,AMIENS NORD N°20,BOULOGNE SUD N°28,1,11.50,,2026-02-01,2027-01-31,,,sanef-class1-2026
SANEF,AMIENS NORD N°20,ESSERTAUX N°17,1,2.20,,2026-02-01,2027-01-31,,,sanef-class1-2026
SANEF,AMIENS NORD N°20,ETAPLES / LE TOUQUET N°26,1,9.90,,2026-02-01,2027-01-31,,,sanef-class1-2026
SANEF,AMIENS NORD N°20,HARDIVILLERS N°16,1,3.50,,2026-02-01,2027-01-31,,,sanef-class1-2026
SANEF,AMIENS NORD N°20,L'ISLE-ADAM (péage d'Amblainville),1,10.60,,2026-02-01,2027-01-31,,,sanef-class1-2026
SANEF,AMIENS NORD N°20,LA CÔTE PICARDE N°24 A16,1,6.50,,2026-02-01,2027-01-31,,,sanef-class1-2026
SANEF,AMIENS NORD N°20,MÉRU N°13,1,7.60,,2026-02-01,2027-01-31,,,sanef-class1-2026
SANEF,AMIENS NORD N°20,NEUFCHÂTEL-EN-BRAY (A28),1,6.20,,2026-02-01,2027-01-31,,,sanef-class1-2026
SANEF,AMIENS NORD N°20,NEUFCHÂTEL-HARDELOT N°27,1,10.90,,2026-02-01,2027-01-31,,,sanef-class1-2026
SANEF,AMIENS NORD N°20,POIX-DE-PICARDIE N°13 A29,1,2.50,,2026-02-01,2027-01-31,,,sanef-class1-2026
SANEF,AMIENS NORD N°20,SALOUËL N°18,1,0.90,,2026-02-01,2027-01-31,,,sanef-class1-2026
SANEF,AMIENS NORD N°20,VALLÉE DE LA NIÈVRE N°21,1,1.70,,2026-02-01,2027-01-31,,,sanef-class1-2026
SANEF,AMIENS OUEST N°19,ABBEVILLE EST N°22,1,4.10,,2026-02-01,2027-01-31,,,sanef-class1-2026
SANEF,AMIENS OUEST N°19,ABBEVILLE NORD N°23,1,4.80,,2026-02-01,2027-01-31,,,sanef-class1-2026
SANEF,AMIENS OUEST N°19,AMIENS NORD N°20,1,0.50,,2026-02-01,2027-01-31,,,sanef-class1-2026
SANEF,AMIENS OUEST N°19,AMIENS SUD (péage de Dury),1,1.00,,2026-02-01,2027-01-31,,,sanef-class1-2026
SANEF,AMIENS OUEST N°19,AUMALE N°12,1,3.40,,2026-02-01,2027-01-31,,,sanef-class1-2026
SANEF,AMIENS OUEST N°19,BEAUVAIS CENTRE N°14,1,5.80,,2026-02-01,2027-01-31,,,sanef-class1-2026
SANEF,AMIENS OUEST N°19,BEAUVAIS NORD N°15,1,4.90,,2026-02-01,2027-01-31,,,sanef-class1-2026
SANEF,AMIENS OUEST N°19,BERCK N°25,1,8.60,,2026-02-01,2027-01-31,,,sanef-class1-2026
SANEF,AMIENS OUEST N°19,BOULOGNE EST (péage d'Herquelingue),1,13.60,,2026-02-01,2027-01-31,,,sanef-class1-2026
SANEF,AMIENS OUEST N°19,BOULOGNE SUD N°28,1,11.50,,2026-02-01,2027-01-31,,,sanef-class1-2026
SANEF,AMIENS OUEST N°19,ESSERTAUX N°17,1,1.70,,2026-02-01,2027-01-31,,,sanef-class1-2026
SANEF,AMIENS OUEST N°19,ETAPLES / LE TOUQUET N°26,1,9.90,,2026-02-01,2027-01-31,,,sanef-class1-2026
SANEF,AMIENS OUEST N°19,HARDIVILLERS N°16,1,2.90,,2026-02-01,2027-01-31,,,sanef-class1-2026
SANEF,AMIENS OUEST N°19,L'ISLE-ADAM (péage d'Amblainville),1,9.70,,2026-02-01,2027-01-31,,,sanef-class1-2026
SANEF,AMIENS OUEST N°19,LA CÔTE PICARDE N°24 A16,1,6.50,,2026-02-01,2027-01-31,,,sanef-class1-2026
SANEF,AMIENS OUEST N°19,MÉRU N°13,1,7.10,,2026-02-01,2027-01-31,,,sanef-class1-2026
SANEF,AMIENS OUEST N°19,NEUFCHÂTEL-EN-BRAY (A28),1,5.20,,2026-02-01,2027-01-31,,,sanef-class1-2026
SANEF,AMIENS OUEST N°19,NEUFCHÂTEL-HARDELOT N°27,1,10.90,,2026-02-01,2027-01-31,,,sanef-class1-2026
SANEF,AMIENS OUEST N°19,POIX-DE-PICARDIE N°13 A29,1,1.70,,2026-02-01,2027-01-31,,,sanef-class1-2026
SANEF,AMIENS OUEST N°19,SALOUËL N°18,1,0.50,,2026-02-01,2027-01-31,,,sanef-class1-2026
SANEF,AMIENS OUEST N°19,VALLÉE DE LA NIÈVRE N°21,1,2.20,,2026-02-01,2027-01-31,,,sanef-class1-2026
SANEF,AMIENS SUD (péage de Dury),ABBEVILLE EST N°22,1,5.20,,2026-02-01,2027-01-31,,,sanef-class1-2026
SANEF,AMIENS SUD (péage de Dury),ABBEVILLE NORD N°23,1,6.00,,2026-02-01,2027-01-31,,,sanef-class1-2026
SANEF,AMIENS SUD (péage de Dury),AMIENS NORD N°20,1,1.40,,2026-02-01,2027-01-31,,,sanef-class1-2026
SANEF,AMIENS SUD (péage de Dury),AMIENS OUEST N°19,1,1.00,,2026-02-01,2027-01-31,,,sanef-class1-2026
SANEF,AMIENS SUD (péage de Dury),AUMALE N°12,1,4.80,,2026-02-01,2027-01-31,,,sanef-class1-2026
SANEF,AMIENS SUD (péage de Dury),BEAUVAIS CENTRE N°14,1,6.10,,2026-02-01,2027-01-31,,,sanef-class1-2026
SANEF,AMIENS SUD (péage de Dury),BEAUVAIS NORD N°15,1,4.90,,2026-02-01,2027-01-31,,,sanef-class1-2026
SANEF,AMIENS SUD (péage de Dury),BERCK N°25,1,9.80,,2026-02-01,2027-01-31,,,sanef-class1-2026
SANEF,AMIENS SUD (péage de Dury),BOULOGNE EST (péage d'Herquelingue),1,15.80,,2026-02-01,2027-01-31,,,sanef-class1-2026
SANEF,AMIENS SUD (péage de Dury),BOULOGNE SUD N°28,1,12.70,,2026-02-01,2027-01-31,,,sanef-class1-2026
SANEF,AMIENS SUD (péage de Dury),ESSERTAUX N°17,1,1.60,,2026-02-01,2027-01-31,,,sanef-class1-2026
SANEF,AMIENS SUD (péage de Dury),ETAPLES / LE TOUQUET N°26,1,11.00,,2026-02-01,2027-01-31,,,sanef-class1-2026
SANEF,AMIENS SUD (péage de Dury),HARDIVILLERS N°16,1,3.10,,2026-02-01,2027-01-31,,,sanef-class1-2026
SANEF,AMIENS SUD (péage de Dury),L'ISLE-ADAM (péage d'Amblainville),1,10.20,,2026-02-01,2027-01-31,,,sanef-class1-2026
SANEF,AMIENS SUD (péage de Dury),LA CÔTE PICARDE N°24 A16,1,7.60,,2026-02-01,2027-01-31,,,sanef-class1-2026
SANEF,AMIENS SUD (péage de Dury),MÉRU N°13,1,7.20,,2026-02-01,2027-01-31,,,sanef-class1-2026
SANEF,AMIENS SUD (péage de Dury),NEUFCHÂTEL-EN-BRAY (A28),1,6.80,,2026-02-01,2027-01-31,,,sanef-class1-2026
SANEF,AMIENS SUD (péage de Dury),NEUFCHÂTEL-HARDELOT N°27,1,12.40,,2026-02-01,2027-01-31,,,sanef-class1-2026
SANEF,AMIENS SUD (péage de Dury),POIX-DE-PICARDIE N°13 A29,1,2.80,,2026-02-01,2027-01-31,,,sanef-class1-2026
SANEF,AMIENS SUD (péage de Dury),SALOUËL N°18,1,0.90,,2026-02-01,2027-01-31,,,sanef-class1-2026
SANEF,AMIENS SUD (péage de Dury),VALLÉE DE LA NIÈVRE N°21,1,3.20,,2026-02-01,2027-01-31,,,sanef-class1-2026
SANEF,ARRAS EST (A1) N°15,AIRE-SUR-LA-LYS N°4,1,5.70,,2026-02-01,2027-01-31,,,sanef-class1-2026
SANEF,ARRAS EST (A1) N°15,ALBERT N°13.1,1,2.80,,2026-02-01,2027-01-31,,,sanef-class1-2026
SANEF,ARRAS EST (A1) N°15,AMIENS EST (péage de Jules Verne) A29,1,7.90,,2026-02-01,2027-01-31,,,sanef-class1-2026
SANEF,ARRAS EST (A1) N°15,ARRAS NORD (A26) N°7,1,1.00,,2026-02-01,2027-01-31,,,sanef-class1-2026
SANEF,ARRAS EST (A1) N°15,ATHIES N°54,1,4.80,,2026-02-01,2027-01-31,,,sanef-class1-2026
SANEF,ARRAS EST (A1) N°15,BAPAUME N°14 A1,1,1.50,,2026-02-01,2027-01-31,,,sanef-class1-2026
SANEF,ARRAS EST (A1) N°15,BÉTHUNE N°6,1,3.00,,2026-02-01,2027-01-31,,,sanef-class1-2026
SANEF,ARRAS EST (A1) N°15,CALAIS (péage de Setques),1,9.20,,2026-02-01,2027-01-31,,,sanef-class1-2026
SANEF,ARRAS EST (A1) N°15,CAMBRAI N°14,1,2.80,,2026-02-01,2027-01-31,,,sanef-class1-2026
SANEF,ARRAS EST (A1) N°15,COMPIÈGNE OUEST N°10,1,9.10,,2026-02-01,2027-01-31,,,sanef-class1-2026
SANEF,ARRAS EST (A1) N°15,GARE TGV N°53,1,3.90,,2026-02-01,2027-01-31,,,sanef-class1-2026
SANEF,ARRAS EST (A1) N°15,GUIGNICOURT N°14,1,10.90,,2026-02-01,2027-01-31,,,sanef-class1-2026
SANEF,ARRAS EST (A1) N°15,HORDAIN (péage d'Hordain) A2,1,4.30,,2026-02-01,2027-01-31,,,sanef-class1-2026
SANEF,ARRAS EST (A1) N°15,LA FÈRE N°12,1,7.00,,2026-02-01,2027-01-31,,,sanef-class1-2026
SANEF,ARRAS EST (A1) N°15,LAON N°13,1,8.80,,2026-02-01,2027-01-31,,,sanef-class1-2026
SANEF,ARRAS EST (A1) N°15,LILLE / DOURGES (péage de Fresnes),1,1.50,,2026-02-01,2027-01-31,,,sanef-class1-2026
SANEF,ARRAS EST (A1) N°15,LILLERS N°5,1,4.00,,2026-02-01,2027-01-31,,,sanef-class1-2026
SANEF,ARRAS EST (A1) N°15,LIÉVIN N°6.2,1,2.00,,2026-02-01,2027-01-31,,,sanef-class1-2026
SANEF,ARRAS EST (A1) N°15,MARQUION N°8,1,2.10,,2026-02-01,2027-01-31,,,sanef-class1-2026
SANEF,ARRAS EST (A1) N°15,MASNIÈRES N°9,1,3.50,,2026-02-01,2027-01-31,,,sanef-class1-2026
SANEF,ARRAS EST (A1) N°15,NŒUX-LES-MINES N°6.1 A26 NORD,1,2.50,,2026-02-01,2027-01-31,,,sanef-class1-2026
SANEF,ARRAS EST (A1) N°15,PARIS / ROISSY (péage de Chamant),1,15.60,,2026-02-01,2027-01-31,,,sanef-class1-2026
SANEF,ARRAS EST (A1) N°15,PONT-SAINTE-MAXENCE N°9,1,9.10,,2026-02-01,2027-01-31,,,sanef-class1-2026
SANEF,ARRAS EST (A1) N°15,PÉRONNE / VALLEE DE LA SOMME N°13,1,3.90,,2026-02-01,2027-01-31,,,sanef-class1-2026
SANEF,ARRAS EST (A1) N°15,REIMS (péage de Courcy),1,14.50,,2026-02-01,2027-01-31,,,sanef-class1-2026
SANEF,ARRAS EST (A1) N°15,RESSONS N°11,1,7.20,,2026-02-01,2027-01-31,,,sanef-class1-2026
SANEF,ARRAS EST (A1) N°15,ROYE N°12,1,5.70,,2026-02-01,2027-01-31,,,sanef-class1-2026
SANEF,ARRAS EST (A1) N°15,SAINT-OMER N°3,1,6.60,,2026-02-01,2027-01-31,,,sanef-class1-2026
SANEF,ARRAS EST (A1) N°15,SAINT-QUENTIN NORD N°10,1,5.40,,2026-02-01,2027-01-31,,,sanef-class1-2026
SANEF,ARRAS EST (A1) N°15,SAINT-QUENTIN SUD N°11,1,6.00,,2026-02-01,2027-01-31,,,sanef-class1-2026
SANEF,ARRAS EST (A1) N°15,SENLIS N°8,1,11.50,,2026-02-01,2027-01-31,,,sanef-class1-2026
SANEF,ARRAS EST (A1) N°15,VILLERS-BRETONNEUX N°52,1,5.50,,2026-02-01,2027-01-31,,,sanef-class1-2026
SANEF,ARRAS NORD (A26) N°7,AIRE-SUR-LA-LYS N°4,1,4.80,,2026-02-01,2027-01-31,,,sanef-class1-2026
SANEF,ARRAS NORD (A26) N°7,ALBERT N°13.1,1,4.10,,2026-02-01,2027-01-31,,,sanef-class1-2026
SANEF,ARRAS NORD (A26) N°7,AMIENS EST (péage de Jules Verne) A29,1,8.70,,2026-02-01,2027-01-31,,,sanef-class1-2026
SANEF,ARRAS NORD (A26) N°7,ARRAS EST (A1) N°15,1,1.00,,2026-02-01,2027-01-31,,,sanef-class1-2026
SANEF,ARRAS NORD (A26) N°7,ATHIES N°54,1,5.70,,2026-02-01,2027-01-31,,,sanef-class1-2026
SANEF,ARRAS NORD (A26) N°7,BAPAUME N°14 A1,1,2.60,,2026-02-01,2027-01-31,,,sanef-class1-2026
SANEF,ARRAS NORD (A26) N°7,BÉTHUNE N°6,1,2.00,,2026-02-01,2027-01-31,,,sanef-class1-2026
SANEF,ARRAS NORD (A26) N°7,CALAIS (péage de Setques),1,9.30,,2026-02-01,2027-01-31,,,sanef-class1-2026
SANEF,ARRAS NORD (A26) N°7,CAMBRAI N°14,1,3.30,,2026-02-01,2027-01-31,,,sanef-class1-2026
SANEF,ARRAS NORD (A26) N°7,COMPIÈGNE OUEST N°10,1,9.40,,2026-02-01,2027-01-31,,,sanef-class1-2026
SANEF,ARRAS NORD (A26) N°7,GARE TGV N°53,1,4.70,,2026-02-01,2027-01-31,,,sanef-class1-2026
SANEF,ARRAS NORD (A26) N°7,GUIGNICOURT N°14,1,12.40,,2026-02-01,2027-01-31,,,sanef-class1-2026
SANEF,ARRAS NORD (A26) N°7,HORDAIN (péage d'Hordain) A2,1,4.60,,2026-02-01,2027-01-31,,,sanef-class1-2026
SANEF,ARRAS NORD (A26) N°7,LA FÈRE N°12,1,8.30,,2026-02-01,2027-01-31,,,sanef-class1-2026
SANEF,ARRAS NORD (A26) N°7,LAON N°13,1,10.20,,2026-02-01,2027-01-31,,,sanef-class1-2026
SANEF,ARRAS NORD (A26) N°7,LILLE / DOURGES (péage de Fresnes),1,1.60,,2026-02-01,2027-01-31,,,sanef-class1-2026
SANEF,ARRAS NORD (A26) N°7,LILLERS N°5,1,3.00,,2026-02-01,2027-01-31,,,sanef-class1-2026
SANEF,ARRAS NORD (A26) N°7,LIÉVIN N°6.2,1,1.00,,2026-02-01,2027-01-31,,,sanef-class1-2026
SANEF,ARRAS NORD (A26) N°7,MARQUION N°8,1,2.20,,2026-02-01,2027-01-31,,,sanef-class1-2026
SANEF,ARRAS NORD (A26) N°7,MASNIÈRES N°9,1,3.50,,2026-02-01,2027-01-31,,,sanef-class1-2026
SANEF,ARRAS NORD (A26) N°7,NŒUX-LES-MINES N°6.1 A26 NORD,1,1.40,,2026-02-01,2027-01-31,,,sanef-class1-2026
SANEF,ARRAS NORD (A26) N°7,PARIS / ROISSY (péage de Chamant),1,16.10,,2026-02-01,2027-01-31,,,sanef-class1-2026
SANEF,ARRAS NORD (A26) N°7,PONT-SAINTE-MAXENCE N°9,1,10.30,,2026-02-01,2027-01-31,,,sanef-class1-2026
SANEF,ARRAS NORD (A26) N°7,PÉRONNE / VALLEE DE LA SOMME N°13,1,4.50,,2026-02-01,2027-01-31,,,sanef-class1-2026
SANEF,ARRAS NORD (A26) N°7,REIMS (péage de Courcy),1,16.10,,2026-02-01,2027-01-31,,,sanef-class1-2026
SANEF,ARRAS NORD (A26) N°7,RESSONS N°11,1,8.50,,2026-02-01,2027-01-31,,,sanef-class1-2026
SANEF,ARRAS NORD (A26) N°7,ROYE N°12,1,6.00,,2026-02-01,2027-01-31,,,sanef-class1-2026
SANEF,ARRAS NORD (A26) N°7,SAINT-OMER N°3,1,6.20,,2026-02-01,2027-01-31,,,sanef-class1-2026
SANEF,ARRAS NORD (A26) N°7,SAINT-QUENTIN NORD N°10,1,6.20,,2026-02-01,2027-01-31,,,sanef-class1-2026
SANEF,ARRAS NORD (A26) N°7,SAINT-QUENTIN SUD N°11,1,7.00,,2026-02-01,2027-01-31,,,sanef-class1-2026
SANEF,ARRAS NORD (A26) N°7,SENLIS N°8,1,12.10,,2026-02-01,2027-01-31,,,sanef-class1-2026
SANEF,ARRAS NORD (A26) N°7,VILLERS-BRETONNEUX N°52,1,6.30,,2026-02-01,2027-01-31,,,sanef-class1-2026
SANEF,ATHIES N°54,AIRE-SUR-LA-LYS N°4,1,10.10,,2026-02-01,2027-01-31,,,sanef-class1-2026
SANEF,ATHIES N°54,ALBERT N°13.1,1,1.90,,2026-02-01,2027-01-31,,,sanef-class1-2026
SANEF,ATHIES N°54,AMIENS EST (péage de Jules Verne) A29,1,4.60,,2026-02-01,2027-01-31,,,sanef-class1-2026
SANEF,ATHIES N°54,ARRAS EST (A1) N°15,1,4.80,,2026-02-01,2027-01-31,,,sanef-class1-2026
SANEF,ATHIES N°54,ARRAS NORD (A26) N°7,1,5.70,,2026-02-01,2027-01-31,,,sanef-class1-2026
SANEF,ATHIES N°54,BAPAUME N°14 A1,1,3.60,,2026-02-01,2027-01-31,,,sanef-class1-2026
SANEF,ATHIES N°54,BÉTHUNE N°6,1,7.70,,2026-02-01,2027-01-31,,,sanef-class1-2026
SANEF,ATHIES N°54,CALAIS (péage de Setques),1,14.40,,2026-02-01,2027-01-31,,,sanef-class1-2026
SANEF,ATHIES N°54,CAMBRAI N°14,1,4.40,,2026-02-01,2027-01-31,,,sanef-class1-2026
SANEF,ATHIES N°54,COMPIÈGNE OUEST N°10,1,5.00,,2026-02-01,2027-01-31,,,sanef-class1-2026
SANEF,ATHIES N°54,GARE TGV N°53,1,1.00,,2026-02-01,2027-01-31,,,sanef-class1-2026
SANEF,ATHIES N°54,GUIGNICOURT N°14,1,6.20,,2026-02-01,2027-01-31,,,sanef-class1-2026
SANEF,ATHIES N°54,HORDAIN (péage d'Hordain) A2,1,5.70,,2026-02-01,2027-01-31,,,sanef-class1-2026
SANEF,ATHIES N°54,LA FÈRE N°12,1,2.80,,2026-02-01,2027-01-31,,,sanef-class1-2026
SANEF,ATHIES N°54,LAON N°13,1,4.60,,2026-02-01,2027-01-31,,,sanef-class1-2026
SANEF,ATHIES N°54,LILLE / DOURGES (péage de Fresnes),1,7.10,,2026-02-01,2027-01-31,,,sanef-class1-2026
SANEF,ATHIES N°54,LILLERS N°5,1,8.70,,2026-02-01,2027-01-31,,,sanef-class1-2026
SANEF,ATHIES N°54,LIÉVIN N°6.2,1,6.70,,2026-02-01,2027-01-31,,,sanef-class1-2026
SANEF,ATHIES N°54,MARQUION N°8,1,4.70,,2026-02-01,2027-01-31,,,sanef-class1-2026
SANEF,ATHIES N°54,MASNIÈRES N°9,1,3.70,,2026-02-01,2027-01-31,,,sanef-class1-2026
SANEF,ATHIES N°54,NŒUX-LES-MINES N°6.1 A26 NORD,1,7.10,,2026-02-01,2027-01-31,,,sanef-class1-2026
SANEF,ATHIES N°54,PARIS / ROISSY (péage de Chamant),1,9.40,,2026-02-01,2027-01-31,,,sanef-class1-2026
SANEF,ATHIES N°54,PONT-SAINTE-MAXENCE N°9,1,5.90,,2026-02-01,2027-01-31,,,sanef-class1-2026
SANEF,ATHIES N°54,PÉRONNE / VALLEE DE LA SOMME N°13,1,1.20,,2026-02-01,2027-01-31,,,sanef-class1-2026
SANEF,ATHIES N°54,REIMS (péage de Courcy),1,9.50,,2026-02-01,2027-01-31,,,sanef-class1-2026
SANEF,ATHIES N°54,RESSONS N°11,1,4.20,,2026-02-01,2027-01-31,,,sanef-class1-2026
SANEF,ATHIES N°54,ROYE N°12,1,2.20,,2026-02-01,2027-01-31,,,sanef-class1-2026
SANEF,ATHIES N°54,SAINT-OMER N°3,1,10.60,,2026-02-01,2027-01-31,,,sanef-class1-2026
SANEF,ATHIES N°54,SAINT-QUENTIN NORD N°10,1,1.80,,2026-02-01,2027-01-31,,,sanef-class1-2026
SANEF,ATHIES N°54,SAINT-QUENTIN SUD N°11,1,1.80,,2026-02-01,2027-01-31,,,sanef-class1-2026
SANEF,ATHIES N°54,SENLIS N°8,1,6.90,,2026-02-01,2027-01-31,,,sanef-class1-2026
SANEF,ATHIES N°54,VILLERS-BRETONNEUX N°52,1,2.80,,2026-02-01,2027-01-31,,,sanef-class1-2026
SANEF,AUMALE N°12,ABBEVILLE EST N°22,1,7.00,,2026-02-01,2027-01-31,,,sanef-class1-2026
SANEF,AUMALE N°12,ABBEVILLE NORD N°23,1,7.30,,2026-02-01,2027-01-31,,,sanef-class1-2026
SANEF,AUMALE N°12,AMIENS NORD N°20,1,4.30,,2026-02-01,2027-01-31,,,sanef-class1-2026
SANEF,AUMALE N°12,AMIENS OUEST N°19,1,3.40,,2026-02-01,2027-01-31,,,sanef-class1-2026
SANEF,AUMALE N°12,AMIENS SUD (péage de Dury),1,4.80,,2026-02-01,2027-01-31,,,sanef-class1-2026
SANEF,AUMALE N°12,BEAUVAIS CENTRE N°14,1,8.20,,2026-02-01,2027-01-31,,,sanef-class1-2026
SANEF,AUMALE N°12,BEAUVAIS NORD N°15,1,7.00,,2026-02-01,2027-01-31,,,sanef-class1-2026
SANEF,AUMALE N°12,BERCK N°25,1,10.10,,2026-02-01,2027-01-31,,,sanef-class1-2026
SANEF,AUMALE N°12,BOULOGNE EST (péage d'Herquelingue),1,14.80,,2026-02-01,2027-01-31,,,sanef-class1-2026
SANEF,AUMALE N°12,BOULOGNE SUD N°28,1,13.10,,2026-02-01,2027-01-31,,,sanef-class1-2026
SANEF,AUMALE N°12,ESSERTAUX N°17,1,4.70,,2026-02-01,2027-01-31,,,sanef-class1-2026
SANEF,AUMALE N°12,ETAPLES / LE TOUQUET N°26,1,11.40,,2026-02-01,2027-01-31,,,sanef-class1-2026
SANEF,AUMALE N°12,HARDIVILLERS N°16,1,5.70,,2026-02-01,2027-01-31,,,sanef-class1-2026
SANEF,AUMALE N°12,L'ISLE-ADAM (péage d'Amblainville),1,12.40,,2026-02-01,2027-01-31,,,sanef-class1-2026
SANEF,AUMALE N°12,LA CÔTE PICARDE N°24 A16,1,9.20,,2026-02-01,2027-01-31,,,sanef-class1-2026
SANEF,AUMALE N°12,MÉRU N°13,1,9.50,,2026-02-01,2027-01-31,,,sanef-class1-2026
SANEF,AUMALE N°12,NEUFCHÂTEL-EN-BRAY (A28),1,1.20,,2026-02-01,2027-01-31,,,sanef-class1-2026
SANEF,AUMALE N°12,NEUFCHÂTEL-HARDELOT N°27,1,11.80,,2026-02-01,2027-01-31,,,sanef-class1-2026
SANEF,AUMALE N°12,POIX-DE-PICARDIE N°13 A29,1,1.70,,2026-02-01,2027-01-31,,,sanef-class1-2026
SANEF,AUMALE N°12,SALOUËL N°18,1,3.60,,2026-02-01,2027-01-31,,,sanef-class1-2026
SANEF,AUMALE N°12,VALLÉE DE LA NIÈVRE N°21,1,5.20,,2026-02-01,2027-01-31,,,sanef-class1-2026
SANEF,BAPAUME N°14 A1,AIRE-SUR-LA-LYS N°4,1,7.80,,2026-02-01,2027-01-31,,,sanef-class1-2026
SANEF,BAPAUME N°14 A1,ALBERT N°13.1,1,1.20,,2026-02-01,2027-01-31,,,sanef-class1-2026
SANEF,BAPAUME N°14 A1,AMIENS EST (péage de Jules Verne) A29,1,5.70,,2026-02-01,2027-01-31,,,sanef-class1-2026
SANEF,BAPAUME N°14 A1,ARRAS EST (A1) N°15,1,1.50,,2026-02-01,2027-01-31,,,sanef-class1-2026
SANEF,BAPAUME N°14 A1,ARRAS NORD (A26) N°7,1,2.60,,2026-02-01,2027-01-31,,,sanef-class1-2026
SANEF,BAPAUME N°14 A1,ATHIES N°54,1,3.60,,2026-02-01,2027-01-31,,,sanef-class1-2026
SANEF,BAPAUME N°14 A1,BÉTHUNE N°6,1,4.50,,2026-02-01,2027-01-31,,,sanef-class1-2026
SANEF,BAPAUME N°14 A1,CALAIS (péage de Setques),1,11.20,,2026-02-01,2027-01-31,,,sanef-class1-2026
SANEF,BAPAUME N°14 A1,CAMBRAI N°14,1,4.00,,2026-02-01,2027-01-31,,,sanef-class1-2026
SANEF,BAPAUME N°14 A1,COMPIÈGNE OUEST N°10,1,6.60,,2026-02-01,2027-01-31,,,sanef-class1-2026
SANEF,BAPAUME N°14 A1,GARE TGV N°53,1,2.50,,2026-02-01,2027-01-31,,,sanef-class1-2026
SANEF,BAPAUME N°14 A1,GUIGNICOURT N°14,1,11.30,,2026-02-01,2027-01-31,,,sanef-class1-2026
SANEF,BAPAUME N°14 A1,HORDAIN (péage d'Hordain) A2,1,5.20,,2026-02-01,2027-01-31,,,sanef-class1-2026
SANEF,BAPAUME N°14 A1,LA FÈRE N°12,1,7.70,,2026-02-01,2027-01-31,,,sanef-class1-2026
SANEF,BAPAUME N°14 A1,LAON N°13,1,10.00,,2026-02-01,2027-01-31,,,sanef-class1-2026
SANEF,BAPAUME N°14 A1,LILLE / DOURGES (péage de Fresnes),1,3.60,,2026-02-01,2027-01-31,,,sanef-class1-2026
SANEF,BAPAUME N°14 A1,LILLERS N°5,1,5.40,,2026-02-01,2027-01-31,,,sanef-class1-2026
SANEF,BAPAUME N°14 A1,LIÉVIN N°6.2,1,3.80,,2026-02-01,2027-01-31,,,sanef-class1-2026
SANEF,BAPAUME N°14 A1,MARQUION N°8,1,3.10,,2026-02-01,2027-01-31,,,sanef-class1-2026
SANEF,BAPAUME N°14 A1,MASNIÈRES N°9,1,4.10,,2026-02-01,2027-01-31,,,sanef-class1-2026
SANEF,BAPAUME N°14 A1,NŒUX-LES-MINES N°6.1 A26 NORD,1,4.20,,2026-02-01,2027-01-31,,,sanef-class1-2026
SANEF,BAPAUME N°14 A1,PARIS / ROISSY (péage de Chamant),1,12.90,,2026-02-01,2027-01-31,,,sanef-class1-2026
SANEF,BAPAUME N°14 A1,PONT-SAINTE-MAXENCE N°9,1,7.10,,2026-02-01,2027-01-31,,,sanef-class1-2026
SANEF,BAPAUME N°14 A1,PÉRONNE / VALLEE DE LA SOMME N°13,1,2.10,,2026-02-01,2027-01-31,,,sanef-class1-2026
SANEF,BAPAUME N°14 A1,REIMS (péage de Courcy),1,14.70,,2026-02-01,2027-01-31,,,sanef-class1-2026
SANEF,BAPAUME N°14 A1,RESSONS N°11,1,5.30,,2026-02-01,2027-01-31,,,sanef-class1-2026
SANEF,BAPAUME N°14 A1,ROYE N°12,1,4.00,,2026-02-01,2027-01-31,,,sanef-class1-2026
SANEF,BAPAUME N°14 A1,SAINT-OMER N°3,1,8.40,,2026-02-01,2027-01-31,,,sanef-class1-2026
SANEF,BAPAUME N°14 A1,SAINT-QUENTIN NORD N°10,1,6.10,,2026-02-01,2027-01-31,,,sanef-class1-2026
SANEF,BAPAUME N°14 A1,SAINT-QUENTIN SUD N°11,1,6.50,,2026-02-01,2027-01-31,,,sanef-class1-2026
SANEF,BAPAUME N°14 A1,SENLIS N°8,1,8.80,,2026-02-01,2027-01-31,,,sanef-class1-2026
SANEF,BAPAUME N°14 A1,VILLERS-BRETONNEUX N°52,1,4.10,,2026-02-01,2027-01-31,,,sanef-class1-2026
SANEF,BEAUVAIS CENTRE N°14,ABBEVILLE EST N°22,1,9.40,,2026-02-01,2027-01-31,,,sanef-class1-2026
SANEF,BEAUVAIS CENTRE N°14,ABBEVILLE NORD N°23,1,10.70,,2026-02-01,2027-01-31,,,sanef-class1-2026
SANEF,BEAUVAIS CENTRE N°14,AMIENS NORD N°20,1,6.00,,2026-02-01,2027-01-31,,,sanef-class1-2026
SANEF,BEAUVAIS CENTRE N°14,AMIENS OUEST N°19,1,5.80,,2026-02-01,2027-01-31,,,sanef-class1-2026
SANEF,BEAUVAIS CENTRE N°14,AMIENS SUD (péage de Dury),1,6.10,,2026-02-01,2027-01-31,,,sanef-class1-2026
SANEF,BEAUVAIS CENTRE N°14,AUMALE N°12,1,8.20,,2026-02-01,2027-01-31,,,sanef-class1-2026
SANEF,BEAUVAIS CENTRE N°14,BEAUVAIS NORD N°15,1,0.50,,2026-02-01,2027-01-31,,,sanef-class1-2026
SANEF,BEAUVAIS CENTRE N°14,BERCK N°25,1,14.80,,2026-02-01,2027-01-31,,,sanef-class1-2026
SANEF,BEAUVAIS CENTRE N°14,BOULOGNE EST (péage d'Herquelingue),1,20.30,,2026-02-01,2027-01-31,,,sanef-class1-2026
SANEF,BEAUVAIS CENTRE N°14,BOULOGNE SUD N°28,1,17.10,,2026-02-01,2027-01-31,,,sanef-class1-2026
SANEF,BEAUVAIS CENTRE N°14,ESSERTAUX N°17,1,3.90,,2026-02-01,2027-01-31,,,sanef-class1-2026
SANEF,BEAUVAIS CENTRE N°14,ETAPLES / LE TOUQUET N°26,1,15.70,,2026-02-01,2027-01-31,,,sanef-class1-2026
SANEF,BEAUVAIS CENTRE N°14,HARDIVILLERS N°16,1,2.20,,2026-02-01,2027-01-31,,,sanef-class1-2026
SANEF,BEAUVAIS CENTRE N°14,L'ISLE-ADAM (péage d'Amblainville),1,4.30,,2026-02-01,2027-01-31,,,sanef-class1-2026
SANEF,BEAUVAIS CENTRE N°14,LA CÔTE PICARDE N°24 A16,1,11.80,,2026-02-01,2027-01-31,,,sanef-class1-2026
SANEF,BEAUVAIS CENTRE N°14,MÉRU N°13,1,2.00,,2026-02-01,2027-01-31,,,sanef-class1-2026
SANEF,BEAUVAIS CENTRE N°14,NEUFCHÂTEL-EN-BRAY (A28),1,10.00,,2026-02-01,2027-01-31,,,sanef-class1-2026
SANEF,BEAUVAIS CENTRE N°14,NEUFCHÂTEL-HARDELOT N°27,1,16.10,,2026-02-01,2027-01-31,,,sanef-class1-2026
SANEF,BEAUVAIS CENTRE N°14,POIX-DE-PICARDIE N°13 A29,1,6.30,,2026-02-01,2027-01-31,,,sanef-class1-2026
SANEF,BEAUVAIS CENTRE N°14,SALOUËL N°18,1,5.10,,2026-02-01,2027-01-31,,,sanef-class1-2026
SANEF,BEAUVAIS CENTRE N°14,VALLÉE DE LA NIÈVRE N°21,1,7.90,,2026-02-01,2027-01-31,,,sanef-class1-2026
SANEF,BEAUVAIS NORD N°15,ABBEVILLE EST N°22,1,9.30,,2026-02-01,2027-01-31,,,sanef-class1-2026
SANEF,BEAUVAIS NORD N°15,ABBEVILLE NORD N°23,1,10.50,,2026-02-01,2027-01-31,,,sanef-class1-2026
SANEF,BEAUVAIS NORD N°15,AMIENS NORD N°20,1,5.20,,2026-02-01,2027-01-31,,,sanef-class1-2026
SANEF,BEAUVAIS NORD N°15,AMIENS OUEST N°19,1,4.90,,2026-02-01,2027-01-31,,,sanef-class1-2026
SANEF,BEAUVAIS NORD N°15,AMIENS SUD (péage de Dury),1,4.90,,2026-02-01,2027-01-31,,,sanef-class1-2026
SANEF,BEAUVAIS NORD N°15,AUMALE N°12,1,7.00,,2026-02-01,2027-01-31,,,sanef-class1-2026
SANEF,BEAUVAIS NORD N°15,BEAUVAIS CENTRE N°14,1,0.50,,2026-02-01,2027-01-31,,,sanef-class1-2026
SANEF,BEAUVAIS NORD N°15,BERCK N°25,1,14.80,,2026-02-01,2027-01-31,,,sanef-class1-2026
SANEF,BEAUVAIS NORD N°15,BOULOGNE EST (péage d'Herquelingue),1,20.10,,2026-02-01,2027-01-31,,,sanef-class1-2026
SANEF,BEAUVAIS NORD N°15,BOULOGNE SUD N°28,1,17.00,,2026-02-01,2027-01-31,,,sanef-class1-2026
SANEF,BEAUVAIS NORD N°15,ESSERTAUX N°17,1,3.10,,2026-02-01,2027-01-31,,,sanef-class1-2026
SANEF,BEAUVAIS NORD N°15,ETAPLES / LE TOUQUET N°26,1,15.70,,2026-02-01,2027-01-31,,,sanef-class1-2026
SANEF,BEAUVAIS NORD N°15,HARDIVILLERS N°16,1,1.60,,2026-02-01,2027-01-31,,,sanef-class1-2026
SANEF,BEAUVAIS NORD N°15,L'ISLE-ADAM (péage d'Amblainville),1,5.10,,2026-02-01,2027-01-31,,,sanef-class1-2026
SANEF,BEAUVAIS NORD N°15,LA CÔTE PICARDE N°24 A16,1,11.70,,2026-02-01,2027-01-31,,,sanef-class1-2026
SANEF,BEAUVAIS NORD N°15,MÉRU N°13,1,2.60,,2026-02-01,2027-01-31,,,sanef-class1-2026
SANEF,BEAUVAIS NORD N°15,NEUFCHÂTEL-EN-BRAY (A28),1,9.70,,2026-02-01,2027-01-31,,,sanef-class1-2026
SANEF,BEAUVAIS NORD N°15,NEUFCHÂTEL-HARDELOT N°27,1,15.90,,2026-02-01,2027-01-31,,,sanef-class1-2026
SANEF,BEAUVAIS NORD N°15,POIX-DE-PICARDIE N°13 A29,1,5.70,,2026-02-01,2027-01-31,,,sanef-class1-2026
SANEF,BEAUVAIS NORD N°15,SALOUËL N°18,1,4.60,,2026-02-01,2027-01-31,,,sanef-class1-2026
SANEF,BEAUVAIS NORD N°15,VALLÉE DE LA NIÈVRE N°21,1,7.10,,2026-02-01,2027-01-31,,,sanef-class1-2026
SANEF,BERCK N°25,ABBEVILLE EST N°22,1,4.90,,2026-02-01,2027-01-31,,,sanef-class1-2026
SANEF,BERCK N°25,ABBEVILLE NORD N°23,1,4.10,,2026-02-01,2027-01-31,,,sanef-class1-2026
SANEF,BERCK N°25,AMIENS NORD N°20,1,8.60,,2026-02-01,2027-01-31,,,sanef-class1-2026
SANEF,BERCK N°25,AMIENS OUEST N°19,1,8.60,,2026-02-01,2027-01-31,,,sanef-class1-2026
SANEF,BERCK N°25,AMIENS SUD (péage de Dury),1,9.80,,2026-02-01,2027-01-31,,,sanef-class1-2026
SANEF,BERCK N°25,AUMALE N°12,1,10.10,,2026-02-01,2027-01-31,,,sanef-class1-2026
SANEF,BERCK N°25,BEAUVAIS CENTRE N°14,1,14.80,,2026-02-01,2027-01-31,,,sanef-class1-2026
SANEF,BERCK N°25,BEAUVAIS NORD N°15,1,14.80,,2026-02-01,2027-01-31,,,sanef-class1-2026
SANEF,BERCK N°25,BOULOGNE EST (péage d'Herquelingue),1,4.70,,2026-02-01,2027-01-31,,,sanef-class1-2026
SANEF,BERCK N°25,BOULOGNE SUD N°28,1,3.40,,2026-02-01,2027-01-31,,,sanef-class1-2026
SANEF,BERCK N°25,ESSERTAUX N°17,1,10.30,,2026-02-01,2027-01-31,,,sanef-class1-2026
SANEF,BERCK N°25,ETAPLES / LE TOUQUET N°26,1,1.20,,2026-02-01,2027-01-31,,,sanef-class1-2026
SANEF,BERCK N°25,HARDIVILLERS N°16,1,11.70,,2026-02-01,2027-01-31,,,sanef-class1-2026
SANEF,BERCK N°25,L'ISLE-ADAM (péage d'Amblainville),1,19.30,,2026-02-01,2027-01-31,,,sanef-class1-2026
SANEF,BERCK N°25,LA CÔTE PICARDE N°24 A16,1,1.90,,2026-02-01,2027-01-31,,,sanef-class1-2026
SANEF,BERCK N°25,MÉRU N°13,1,15.90,,2026-02-01,2027-01-31,,,sanef-class1-2026
SANEF,BERCK N°25,NEUFCHÂTEL-EN-BRAY (A28),1,12.60,,2026-02-01,2027-01-31,,,sanef-class1-2026
SANEF,BERCK N°25,NEUFCHÂTEL-HARDELOT N°27,1,2.20,,2026-02-01,2027-01-31,,,sanef-class1-2026
SANEF,BERCK N°25,POIX-DE-PICARDIE N°13 A29,1,8.80,,2026-02-01,2027-01-31,,,sanef-class1-2026
SANEF,BERCK N°25,SALOUËL N°18,1,9.30,,2026-02-01,2027-01-31,,,sanef-class1-2026
SANEF,BERCK N°25,VALLÉE DE LA NIÈVRE N°21,1,6.40,,2026-02-01,2027-01-31,,,sanef-class1-2026
SANEF,BOULOGNE EST (péage d'Herquelingue),ABBEVILLE EST N°22,1,10.30,,2026-02-01,2027-01-31,,,sanef-class1-2026
SANEF,BOULOGNE EST (péage d'Herquelingue),ABBEVILLE NORD N°23,1,9.30,,2026-02-01,2027-01-31,,,sanef-class1-2026
SANEF,BOULOGNE EST (péage d'Herquelingue),AMIENS NORD N°20,1,13.60,,2026-02-01,2027-01-31,,,sanef-class1-2026
SANEF,BOULOGNE EST (péage d'Herquelingue),AMIENS OUEST N°19,1,13.60,,2026-02-01,2027-01-31,,,sanef-class1-2026
SANEF,BOULOGNE EST (péage d'Herquelingue),AMIENS SUD (péage de Dury),1,15.80,,2026-02-01,2027-01-31,,,sanef-class1-2026
SANEF,BOULOGNE EST (péage d'Herquelingue),AUMALE N°12,1,14.80,,2026-02-01,2027-01-31,,,sanef-class1-2026
SANEF,BOULOGNE EST (péage d'Herquelingue),BEAUVAIS CENTRE N°14,1,20.30,,2026-02-01,2027-01-31,,,sanef-class1-2026
SANEF,BOULOGNE EST (péage d'Herquelingue),BEAUVAIS NORD N°15,1,20.10,,2026-02-01,2027-01-31,,,sanef-class1-2026
SANEF,BOULOGNE EST (péage d'Herquelingue),BERCK N°25,1,4.70,,2026-02-01,2027-01-31,,,sanef-class1-2026
SANEF,BOULOGNE EST (péage d'Herquelingue),BOULOGNE SUD N°28,1,1.10,,2026-02-01,2027-01-31,,,sanef-class1-2026
SANEF,BOULOGNE EST (péage d'Herquelingue),ESSERTAUX N°17,1,15.20,,2026-02-01,2027-01-31,,,sanef-class1-2026
SANEF,BOULOGNE EST (péage d'Herquelingue),ETAPLES / LE TOUQUET N°26,1,3.50,,2026-02-01,2027-01-31,,,sanef-class1-2026
SANEF,BOULOGNE EST (péage d'Herquelingue),HARDIVILLERS N°16,1,16.30,,2026-02-01,2027-01-31,,,sanef-class1-2026
SANEF,BOULOGNE EST (péage d'Herquelingue),L'ISLE-ADAM (péage d'Amblainville),1,25.00,,2026-02-01,2027-01-31,,,sanef-class1-2026
SANEF,BOULOGNE EST (péage d'Herquelingue),LA CÔTE PICARDE N°24 A16,1,6.80,,2026-02-01,2027-01-31,,,sanef-class1-2026
SANEF,BOULOGNE EST (péage d'Herquelingue),MÉRU N°13,1,21.90,,2026-02-01,2027-01-31,,,sanef-class1-2026
SANEF,BOULOGNE EST (péage d'Herquelingue),NEUFCHÂTEL-EN-BRAY (A28),1,17.20,,2026-02-01,2027-01-31,,,sanef-class1-2026
SANEF,BOULOGNE EST (péage d'Herquelingue),NEUFCHÂTEL-HARDELOT N°27,1,1.90,,2026-02-01,2027-01-31,,,sanef-class1-2026
SANEF,BOULOGNE EST (péage d'Herquelingue),POIX-DE-PICARDIE N°13 A29,1,14.70,,2026-02-01,2027-01-31,,,sanef-class1-2026
SANEF,BOULOGNE EST (péage d'Herquelingue),SALOUËL N°18,1,13.90,,2026-02-01,2027-01-31,,,sanef-class1-2026
SANEF,BOULOGNE EST (péage d'Herquelingue),VALLÉE DE LA NIÈVRE N°21,1,11.50,,2026-02-01,2027-01-31,,,sanef-class1-2026
SANEF,BOULOGNE SUD N°28,ABBEVILLE EST N°22,1,8.50,,2026-02-01,2027-01-31,,,sanef-class1-2026
SANEF,BOULOGNE SUD N°28,ABBEVILLE NORD N°23,1,7.70,,2026-02-01,2027-01-31,,,sanef-class1-2026
SANEF,BOULOGNE SUD N°28,AMIENS NORD N°20,1,11.50,,2026-02-01,2027-01-31,,,sanef-class1-2026
SANEF,BOULOGNE SUD N°28,AMIENS OUEST N°19,1,11.50,,2026-02-01,2027-01-31,,,sanef-class1-2026
SANEF,BOULOGNE SUD N°28,AMIENS SUD (péage de Dury),1,12.70,,2026-02-01,2027-01-31,,,sanef-class1-2026
SANEF,BOULOGNE SUD N°28,AUMALE N°12,1,13.10,,2026-02-01,2027-01-31,,,sanef-class1-2026
SANEF,BOULOGNE SUD N°28,BEAUVAIS CENTRE N°14,1,17.10,,2026-02-01,2027-01-31,,,sanef-class1-2026
SANEF,BOULOGNE SUD N°28,BEAUVAIS NORD N°15,1,17.00,,2026-02-01,2027-01-31,,,sanef-class1-2026
SANEF,BOULOGNE SUD N°28,BERCK N°25,1,3.40,,2026-02-01,2027-01-31,,,sanef-class1-2026
SANEF,BOULOGNE SUD N°28,BOULOGNE EST (péage d'Herquelingue),1,1.10,,2026-02-01,2027-01-31,,,sanef-class1-2026
SANEF,BOULOGNE SUD N°28,ESSERTAUX N°17,1,12.90,,2026-02-01,2027-01-31,,,sanef-class1-2026
SANEF,BOULOGNE SUD N°28,ETAPLES / LE TOUQUET N°26,1,1.70,,2026-02-01,2027-01-31,,,sanef-class1-2026
SANEF,BOULOGNE SUD N°28,HARDIVILLERS N°16,1,14.80,,2026-02-01,2027-01-31,,,sanef-class1-2026
SANEF,BOULOGNE SUD N°28,L'ISLE-ADAM (péage d'Amblainville),1,23.80,,2026-02-01,2027-01-31,,,sanef-class1-2026
SANEF,BOULOGNE SUD N°28,LA CÔTE PICARDE N°24 A16,1,5.10,,2026-02-01,2027-01-31,,,sanef-class1-2026
SANEF,BOULOGNE SUD N°28,MÉRU N°13,1,19.70,,2026-02-01,2027-01-31,,,sanef-class1-2026
SANEF,BOULOGNE SUD N°28,NEUFCHÂTEL-EN-BRAY (A28),1,14.90,,2026-02-01,2027-01-31,,,sanef-class1-2026
SANEF,BOULOGNE SUD N°28,NEUFCHÂTEL-HARDELOT N°27,1,1.10,,2026-02-01,2027-01-31,,,sanef-class1-2026
SANEF,BOULOGNE SUD N°28,POIX-DE-PICARDIE N°13 A29,1,11.70,,2026-02-01,2027-01-31,,,sanef-class1-2026
SANEF,BOULOGNE SUD N°28,SALOUËL N°18,1,11.50,,2026-02-01,2027-01-31,,,sanef-class1-2026
SANEF,BOULOGNE SUD N°28,VALLÉE DE LA NIÈVRE N°21,1,9.60,,2026-02-01,2027-01-31,,,sanef-class1-2026
SANEF,BÉTHUNE N°6,AIRE-SUR-LA-LYS N°4,1,2.80,,2026-02-01,2027-01-31,,,sanef-class1-2026
SANEF,BÉTHUNE N°6,ALBERT N°13.1,1,5.70,,2026-02-01,2027-01-31,,,sanef-class1-2026
SANEF,BÉTHUNE N°6,AMIENS EST (péage de Jules Verne) A29,1,10.70,,2026-02-01,2027-01-31,,,sanef-class1-2026
SANEF,BÉTHUNE N°6,ARRAS EST (A1) N°15,1,3.00,,2026-02-01,2027-01-31,,,sanef-class1-2026
SANEF,BÉTHUNE N°6,ARRAS NORD (A26) N°7,1,2.00,,2026-02-01,2027-01-31,,,sanef-class1-2026
SANEF,BÉTHUNE N°6,ATHIES N°54,1,7.70,,2026-02-01,2027-01-31,,,sanef-class1-2026
SANEF,BÉTHUNE N°6,BAPAUME N°14 A1,1,4.50,,2026-02-01,2027-01-31,,,sanef-class1-2026
SANEF,BÉTHUNE N°6,CALAIS (péage de Setques),1,7.10,,2026-02-01,2027-01-31,,,sanef-class1-2026
SANEF,BÉTHUNE N°6,CAMBRAI N°14,1,5.20,,2026-02-01,2027-01-31,,,sanef-class1-2026
SANEF,BÉTHUNE N°6,COMPIÈGNE OUEST N°10,1,11.10,,2026-02-01,2027-01-31,,,sanef-class1-2026
SANEF,BÉTHUNE N°6,GARE TGV N°53,1,7.10,,2026-02-01,2027-01-31,,,sanef-class1-2026
SANEF,BÉTHUNE N°6,GUIGNICOURT N°14,1,14.50,,2026-02-01,2027-01-31,,,sanef-class1-2026
SANEF,BÉTHUNE N°6,HORDAIN (péage d'Hordain) A2,1,6.30,,2026-02-01,2027-01-31,,,sanef-class1-2026
SANEF,BÉTHUNE N°6,LA FÈRE N°12,1,9.80,,2026-02-01,2027-01-31,,,sanef-class1-2026
SANEF,BÉTHUNE N°6,LAON N°13,1,11.90,,2026-02-01,2027-01-31,,,sanef-class1-2026
SANEF,BÉTHUNE N°6,LILLE / DOURGES (péage de Fresnes),1,4.00,,2026-02-01,2027-01-31,,,sanef-class1-2026
SANEF,BÉTHUNE N°6,LILLERS N°5,1,1.10,,2026-02-01,2027-01-31,,,sanef-class1-2026
SANEF,BÉTHUNE N°6,LIÉVIN N°6.2,1,1.00,,2026-02-01,2027-01-31,,,sanef-class1-2026
SANEF,BÉTHUNE N°6,MARQUION N°8,1,4.10,,2026-02-01,2027-01-31,,,sanef-class1-2026
SANEF,BÉTHUNE N°6,MASNIÈRES N°9,1,5.80,,2026-02-01,2027-01-31,,,sanef-class1-2026
SANEF,BÉTHUNE N°6,NŒUX-LES-MINES N°6.1 A26 NORD,1,0.50,,2026-02-01,2027-01-31,,,sanef-class1-2026
SANEF,BÉTHUNE N°6,PARIS / ROISSY (péage de Chamant),1,18.70,,2026-02-01,2027-01-31,,,sanef-class1-2026
SANEF,BÉTHUNE N°6,PONT-SAINTE-MAXENCE N°9,1,12.60,,2026-02-01,2027-01-31,,,sanef-class1-2026
SANEF,BÉTHUNE N°6,PÉRONNE / VALLEE DE LA SOMME N°13,1,7.00,,2026-02-01,2027-01-31,,,sanef-class1-2026
SANEF,BÉTHUNE N°6,REIMS (péage de Courcy),1,18.20,,2026-02-01,2027-01-31,,,sanef-class1-2026
SANEF,BÉTHUNE N°6,RESSONS N°11,1,10.20,,2026-02-01,2027-01-31,,,sanef-class1-2026
SANEF,BÉTHUNE N°6,ROYE N°12,1,8.70,,2026-02-01,2027-01-31,,,sanef-class1-2026
SANEF,BÉTHUNE N°6,SAINT-OMER N°3,1,3.80,,2026-02-01,2027-01-31,,,sanef-class1-2026
SANEF,BÉTHUNE N°6,SAINT-QUENTIN NORD N°10,1,8.00,,2026-02-01,2027-01-31,,,sanef-class1-2026
SANEF,BÉTHUNE N°6,SAINT-QUENTIN SUD N°11,1,8.90,,2026-02-01,2027-01-31,,,sanef-class1-2026
SANEF,BÉTHUNE N°6,SENLIS N°8,1,14.40,,2026-02-01,2027-01-31,,,sanef-class1-2026
SANEF,BÉTHUNE N°6,VILLERS-BRETONNEUX N°52,1,8.50,,2026-02-01,2027-01-31,,,sanef-class1-2026
SANEF,CALAIS (péage de Setques),AIRE-SUR-LA-LYS N°4,1,3.30,,2026-02-01,2027-01-31,,,sanef-class1-2026
SANEF,CALAIS (péage de Setques),ALBERT N°13.1,1,12.10,,2026-02-01,2027-01-31,,,sanef-class1-2026
SANEF,CALAIS (péage de Setques),AMIENS EST (péage de Jules Verne) A29,1,16.70,,2026-02-01,2027-01-31,,,sanef-class1-2026
SANEF,CALAIS (péage de Setques),ARRAS EST (A1) N°15,1,9.20,,2026-02-01,2027-01-31,,,sanef-class1-2026
SANEF,CALAIS (péage de Setques),ARRAS NORD (A26) N°7,1,9.30,,2026-02-01,2027-01-31,,,sanef-class1-2026
SANEF,CALAIS (péage de Setques),ATHIES N°54,1,14.40,,2026-02-01,2027-01-31,,,sanef-class1-2026
SANEF,CALAIS (péage de Setques),BAPAUME N°14 A1,1,11.20,,2026-02-01,2027-01-31,,,sanef-class1-2026
SANEF,CALAIS (péage de Setques),BÉTHUNE N°6,1,7.10,,2026-02-01,2027-01-31,,,sanef-class1-2026
SANEF,CALAIS (péage de Setques),CAMBRAI N°14,1,11.80,,2026-02-01,2027-01-31,,,sanef-class1-2026
SANEF,CALAIS (péage de Setques),COMPIÈGNE OUEST N°10,1,18.50,,2026-02-01,2027-01-31,,,sanef-class1-2026
SANEF,CALAIS (péage de Setques),GARE TGV N°53,1,12.60,,2026-02-01,2027-01-31,,,sanef-class1-2026
SANEF,CALAIS (péage de Setques),GUIGNICOURT N°14,1,21.10,,2026-02-01,2027-01-31,,,sanef-class1-2026
SANEF,CALAIS (péage de Setques),HORDAIN (péage d'Hordain) A2,1,13.30,,2026-02-01,2027-01-31,,,sanef-class1-2026
SANEF,CALAIS (péage de Setques),LA FÈRE N°12,1,16.90,,2026-02-01,2027-01-31,,,sanef-class1-2026
SANEF,CALAIS (péage de Setques),LAON N°13,1,19.70,,2026-02-01,2027-01-31,,,sanef-class1-2026
SANEF,CALAIS (péage de Setques),LILLE / DOURGES (péage de Fresnes),1,10.20,,2026-02-01,2027-01-31,,,sanef-class1-2026
SANEF,CALAIS (péage de Setques),LILLERS N°5,1,5.50,,2026-02-01,2027-01-31,,,sanef-class1-2026
SANEF,CALAIS (péage de Setques),LIÉVIN N°6.2,1,8.70,,2026-02-01,2027-01-31,,,sanef-class1-2026
SANEF,CALAIS (péage de Setques),MARQUION N°8,1,11.70,,2026-02-01,2027-01-31,,,sanef-class1-2026
SANEF,CALAIS (péage de Setques),MASNIÈRES N°9,1,12.30,,2026-02-01,2027-01-31,,,sanef-class1-2026
SANEF,CALAIS (péage de Setques),NŒUX-LES-MINES N°6.1 A26 NORD,1,8.00,,2026-02-01,2027-01-31,,,sanef-class1-2026
SANEF,CALAIS (péage de Setques),PARIS / ROISSY (péage de Chamant),1,25.20,,2026-02-01,2027-01-31,,,sanef-class1-2026
SANEF,CALAIS (péage de Setques),PONT-SAINTE-MAXENCE N°9,1,19.00,,2026-02-01,2027-01-31,,,sanef-class1-2026
SANEF,CALAIS (péage de Setques),PÉRONNE / VALLEE DE LA SOMME N°13,1,12.40,,2026-02-01,2027-01-31,,,sanef-class1-2026
SANEF,CALAIS (péage de Setques),REIMS (péage de Courcy),1,26.60,,2026-02-01,2027-01-31,,,sanef-class1-2026
SANEF,CALAIS (péage de Setques),RESSONS N°11,1,17.70,,2026-02-01,2027-01-31,,,sanef-class1-2026
SANEF,CALAIS (péage de Setques),ROYE N°12,1,15.00,,2026-02-01,2027-01-31,,,sanef-class1-2026
SANEF,CALAIS (péage de Setques),SAINT-OMER N°3,1,2.80,,2026-02-01,2027-01-31,,,sanef-class1-2026
SANEF,CALAIS (péage de Setques),SAINT-QUENTIN NORD N°10,1,15.40,,2026-02-01,2027-01-31,,,sanef-class1-2026
SANEF,CALAIS (péage de Setques),SAINT-QUENTIN SUD N°11,1,15.90,,2026-02-01,2027-01-31,,,sanef-class1-2026
SANEF,CALAIS (péage de Setques),SENLIS N°8,1,20.20,,2026-02-01,2027-01-31,,,sanef-class1-2026
SANEF,CALAIS (péage de Setques),VILLERS-BRETONNEUX N°52,1,13.70,,2026-02-01,2027-01-31,,,sanef-class1-2026
SANEF,CAMBRAI N°14,AIRE-SUR-LA-LYS N°4,1,8.00,,2026-02-01,2027-01-31,,,sanef-class1-2026
SANEF,CAMBRAI N°14,ALBERT N°13.1,1,2.60,,2026-02-01,2027-01-31,,,sanef-class1-2026
SANEF,CAMBRAI N°14,AMIENS EST (péage de Jules Verne) A29,1,7.70,,2026-02-01,2027-01-31,,,sanef-class1-2026
SANEF,CAMBRAI N°14,ARRAS EST (A1) N°15,1,2.80,,2026-02-01,2027-01-31,,,sanef-class1-2026
SANEF,CAMBRAI N°14,ARRAS NORD (A26) N°7,1,3.30,,2026-02-01,2027-01-31,,,sanef-class1-2026
SANEF,CAMBRAI N°14,ATHIES N°54,1,4.40,,2026-02-01,2027-01-31,,,sanef-class1-2026
SANEF,CAMBRAI N°14,BAPAUME N°14 A1,1,4.00,,2026-02-01,2027-01-31,,,sanef-class1-2026
SANEF,CAMBRAI N°14,BÉTHUNE N°6,1,5.20,,2026-02-01,2027-01-31,,,sanef-class1-2026
SANEF,CAMBRAI N°14,CALAIS (péage de Setques),1,11.80,,2026-02-01,2027-01-31,,,sanef-class1-2026
SANEF,CAMBRAI N°14,COMPIÈGNE OUEST N°10,1,8.50,,2026-02-01,2027-01-31,,,sanef-class1-2026
SANEF,CAMBRAI N°14,GARE TGV N°53,1,3.60,,2026-02-01,2027-01-31,,,sanef-class1-2026
SANEF,CAMBRAI N°14,GUIGNICOURT N°14,1,9.10,,2026-02-01,2027-01-31,,,sanef-class1-2026
SANEF,CAMBRAI N°14,HORDAIN (péage d'Hordain) A2,1,1.20,,2026-02-01,2027-01-31,,,sanef-class1-2026
SANEF,CAMBRAI N°14,LA FÈRE N°12,1,5.20,,2026-02-01,2027-01-31,,,sanef-class1-2026
SANEF,CAMBRAI N°14,LAON N°13,1,7.10,,2026-02-01,2027-01-31,,,sanef-class1-2026
SANEF,CAMBRAI N°14,LILLE / DOURGES (péage de Fresnes),1,3.60,,2026-02-01,2027-01-31,,,sanef-class1-2026
SANEF,CAMBRAI N°14,LILLERS N°5,1,5.80,,2026-02-01,2027-01-31,,,sanef-class1-2026
SANEF,CAMBRAI N°14,LIÉVIN N°6.2,1,4.30,,2026-02-01,2027-01-31,,,sanef-class1-2026
SANEF,CAMBRAI N°14,MARQUION N°8,1,0.90,,2026-02-01,2027-01-31,,,sanef-class1-2026
SANEF,CAMBRAI N°14,MASNIÈRES N°9,1,1.20,,2026-02-01,2027-01-31,,,sanef-class1-2026
SANEF,CAMBRAI N°14,NŒUX-LES-MINES N°6.1 A26 NORD,1,4.70,,2026-02-01,2027-01-31,,,sanef-class1-2026
SANEF,CAMBRAI N°14,PARIS / ROISSY (péage de Chamant),1,14.90,,2026-02-01,2027-01-31,,,sanef-class1-2026
SANEF,CAMBRAI N°14,PONT-SAINTE-MAXENCE N°9,1,9.00,,2026-02-01,2027-01-31,,,sanef-class1-2026
SANEF,CAMBRAI N°14,PÉRONNE / VALLEE DE LA SOMME N°13,1,3.40,,2026-02-01,2027-01-31,,,sanef-class1-2026
SANEF,CAMBRAI N°14,REIMS (péage de Courcy),1,12.50,,2026-02-01,2027-01-31,,,sanef-class1-2026
SANEF,CAMBRAI N°14,RESSONS N°11,1,6.80,,2026-02-01,2027-01-31,,,sanef-class1-2026
SANEF,CAMBRAI N°14,ROYE N°12,1,5.10,,2026-02-01,2027-01-31,,,sanef-class1-2026
SANEF,CAMBRAI N°14,SAINT-OMER N°3,1,8.70,,2026-02-01,2027-01-31,,,sanef-class1-2026
SANEF,CAMBRAI N°14,SAINT-QUENTIN NORD N°10,1,3.10,,2026-02-01,2027-01-31,,,sanef-class1-2026
SANEF,CAMBRAI N°14,SAINT-QUENTIN SUD N°11,1,4.20,,2026-02-01,2027-01-31,,,sanef-class1-2026
SANEF,CAMBRAI N°14,SENLIS N°8,1,10.40,,2026-02-01,2027-01-31,,,sanef-class1-2026
SANEF,CAMBRAI N°14,VILLERS-BRETONNEUX N°52,1,5.20,,2026-02-01,2027-01-31,,,sanef-class1-2026
SANEF,COMPIÈGNE OUEST N°10,AIRE-SUR-LA-LYS N°4,1,14.30,,2026-02-01,2027-01-31,,,sanef-class1-2026
SANEF,COMPIÈGNE OUEST N°10,ALBERT N°13.1,1,5.30,,2026-02-01,2027-01-31,,,sanef-class1-2026
SANEF,COMPIÈGNE OUEST N°10,AMIENS EST (péage de Jules Verne) A29,1,7.90,,2026-02-01,2027-01-31,,,sanef-class1-2026
SANEF,COMPIÈGNE OUEST N°10,ARRAS EST (A1) N°15,1,9.10,,2026-02-01,2027-01-31,,,sanef-class1-2026
SANEF,COMPIÈGNE OUEST N°10,ARRAS NORD (A26) N°7,1,9.40,,2026-02-01,2027-01-31,,,sanef-class1-2026
SANEF,COMPIÈGNE OUEST N°10,ATHIES N°54,1,5.00,,2026-02-01,2027-01-31,,,sanef-class1-2026
SANEF,COMPIÈGNE OUEST N°10,BAPAUME N°14 A1,1,6.60,,2026-02-01,2027-01-31,,,sanef-class1-2026
SANEF,COMPIÈGNE OUEST N°10,BÉTHUNE N°6,1,11.10,,2026-02-01,2027-01-31,,,sanef-class1-2026
SANEF,COMPIÈGNE OUEST N°10,CALAIS (péage de Setques),1,18.50,,2026-02-01,2027-01-31,,,sanef-class1-2026
SANEF,COMPIÈGNE OUEST N°10,CAMBRAI N°14,1,8.50,,2026-02-01,2027-01-31,,,sanef-class1-2026
SANEF,COMPIÈGNE OUEST N°10,GARE TGV N°53,1,4.30,,2026-02-01,2027-01-31,,,sanef-class1-2026
SANEF,COMPIÈGNE OUEST N°10,GUIGNICOURT N°14,1,12.10,,2026-02-01,2027-01-31,,,sanef-class1-2026
SANEF,COMPIÈGNE OUEST N°10,HORDAIN (péage d'Hordain) A2,1,10.50,,2026-02-01,2027-01-31,,,sanef-class1-2026
SANEF,COMPIÈGNE OUEST N°10,LA FÈRE N°12,1,8.60,,2026-02-01,2027-01-31,,,sanef-class1-2026
SANEF,COMPIÈGNE OUEST N°10,LAON N°13,1,9.50,,2026-02-01,2027-01-31,,,sanef-class1-2026
SANEF,COMPIÈGNE OUEST N°10,LILLE / DOURGES (péage de Fresnes),1,12.40,,2026-02-01,2027-01-31,,,sanef-class1-2026
SANEF,COMPIÈGNE OUEST N°10,LILLERS N°5,1,12.80,,2026-02-01,2027-01-31,,,sanef-class1-2026
SANEF,COMPIÈGNE OUEST N°10,LIÉVIN N°6.2,1,10.60,,2026-02-01,2027-01-31,,,sanef-class1-2026
SANEF,COMPIÈGNE OUEST N°10,MARQUION N°8,1,8.40,,2026-02-01,2027-01-31,,,sanef-class1-2026
SANEF,COMPIÈGNE OUEST N°10,MASNIÈRES N°9,1,8.40,,2026-02-01,2027-01-31,,,sanef-class1-2026
SANEF,COMPIÈGNE OUEST N°10,NŒUX-LES-MINES N°6.1 A26 NORD,1,10.80,,2026-02-01,2027-01-31,,,sanef-class1-2026
SANEF,COMPIÈGNE OUEST N°10,PARIS / ROISSY (péage de Chamant),1,4.90,,2026-02-01,2027-01-31,,,sanef-class1-2026
SANEF,COMPIÈGNE OUEST N°10,PONT-SAINTE-MAXENCE N°9,1,0.70,,2026-02-01,2027-01-31,,,sanef-class1-2026
SANEF,COMPIÈGNE OUEST N°10,PÉRONNE / VALLEE DE LA SOMME N°13,1,4.60,,2026-02-01,2027-01-31,,,sanef-class1-2026
SANEF,COMPIÈGNE OUEST N°10,REIMS (péage de Courcy),1,14.40,,2026-02-01,2027-01-31,,,sanef-class1-2026
SANEF,COMPIÈGNE OUEST N°10,RESSONS N°11,1,1.00,,2026-02-01,2027-01-31,,,sanef-class1-2026
SANEF,COMPIÈGNE OUEST N°10,ROYE N°12,1,2.90,,2026-02-01,2027-01-31,,,sanef-class1-2026
SANEF,COMPIÈGNE OUEST N°10,SAINT-OMER N°3,1,15.50,,2026-02-01,2027-01-31,,,sanef-class1-2026
SANEF,COMPIÈGNE OUEST N°10,SAINT-QUENTIN NORD N°10,1,8.00,,2026-02-01,2027-01-31,,,sanef-class1-2026
SANEF,COMPIÈGNE OUEST N°10,SAINT-QUENTIN SUD N°11,1,7.50,,2026-02-01,2027-01-31,,,sanef-class1-2026
SANEF,COMPIÈGNE OUEST N°10,SENLIS N°8,1,1.90,,2026-02-01,2027-01-31,,,sanef-class1-2026
SANEF,COMPIÈGNE OUEST N°10,VILLERS-BRETONNEUX N°52,1,5.70,,2026-02-01,2027-01-31,,,sanef-class1-2026
SANEF,ESSERTAUX N°17,ABBEVILLE EST N°22,1,5.30,,2026-02-01,2027-01-31,,,sanef-class1-2026
SANEF,ESSERTAUX N°17,ABBEVILLE NORD N°23,1,6.40,,2026-02-01,2027-01-31,,,sanef-class1-2026
SANEF,ESSERTAUX N°17,AMIENS NORD N°20,1,2.20,,2026-02-01,2027-01-31,,,sanef-class1-2026
SANEF,ESSERTAUX N°17,AMIENS OUEST N°19,1,1.70,,2026-02-01,2027-01-31,,,sanef-class1-2026
SANEF,ESSERTAUX N°17,AMIENS SUD (péage de Dury),1,1.60,,2026-02-01,2027-01-31,,,sanef-class1-2026
SANEF,ESSERTAUX N°17,AUMALE N°12,1,4.70,,2026-02-01,2027-01-31,,,sanef-class1-2026
SANEF,ESSERTAUX N°17,BEAUVAIS CENTRE N°14,1,3.90,,2026-02-01,2027-01-31,,,sanef-class1-2026
SANEF,ESSERTAUX N°17,BEAUVAIS NORD N°15,1,3.10,,2026-02-01,2027-01-31,,,sanef-class1-2026
SANEF,ESSERTAUX N°17,BERCK N°25,1,10.30,,2026-02-01,2027-01-31,,,sanef-class1-2026
SANEF,ESSERTAUX N°17,BOULOGNE EST (péage d'Herquelingue),1,15.20,,2026-02-01,2027-01-31,,,sanef-class1-2026
SANEF,ESSERTAUX N°17,BOULOGNE SUD N°28,1,12.90,,2026-02-01,2027-01-31,,,sanef-class1-2026
SANEF,ESSERTAUX N°17,ETAPLES / LE TOUQUET N°26,1,11.30,,2026-02-01,2027-01-31,,,sanef-class1-2026
SANEF,ESSERTAUX N°17,HARDIVILLERS N°16,1,1.30,,2026-02-01,2027-01-31,,,sanef-class1-2026
SANEF,ESSERTAUX N°17,L'ISLE-ADAM (péage d'Amblainville),1,8.10,,2026-02-01,2027-01-31,,,sanef-class1-2026
SANEF,ESSERTAUX N°17,LA CÔTE PICARDE N°24 A16,1,8.30,,2026-02-01,2027-01-31,,,sanef-class1-2026
SANEF,ESSERTAUX N°17,MÉRU N°13,1,5.10,,2026-02-01,2027-01-31,,,sanef-class1-2026
SANEF,ESSERTAUX N°17,NEUFCHÂTEL-EN-BRAY (A28),1,6.20,,2026-02-01,2027-01-31,,,sanef-class1-2026
SANEF,ESSERTAUX N°17,NEUFCHÂTEL-HARDELOT N°27,1,11.80,,2026-02-01,2027-01-31,,,sanef-class1-2026
SANEF,ESSERTAUX N°17,POIX-DE-PICARDIE N°13 A29,1,3.00,,2026-02-01,2027-01-31,,,sanef-class1-2026
SANEF,ESSERTAUX N°17,SALOUËL N°18,1,1.20,,2026-02-01,2027-01-31,,,sanef-class1-2026
SANEF,ESSERTAUX N°17,VALLÉE DE LA NIÈVRE N°21,1,4.00,,2026-02-01,2027-01-31,,,sanef-class1-2026
SANEF,ETAPLES / LE TOUQUET N°26,ABBEVILLE EST N°22,1,6.50,,2026-02-01,2027-01-31,,,sanef-class1-2026
SANEF,ETAPLES / LE TOUQUET N°26,ABBEVILLE NORD N°23,1,5.20,,2026-02-01,2027-01-31,,,sanef-class1-2026
SANEF,ETAPLES / LE TOUQUET N°26,AMIENS NORD N°20,1,9.90,,2026-02-01,2027-01-31,,,sanef-class1-2026
SANEF,ETAPLES / LE TOUQUET N°26,AMIENS OUEST N°19,1,9.90,,2026-02-01,2027-01-31,,,sanef-class1-2026
SANEF,ETAPLES / LE TOUQUET N°26,AMIENS SUD (péage de Dury),1,11.00,,2026-02-01,2027-01-31,,,sanef-class1-2026
SANEF,ETAPLES / LE TOUQUET N°26,AUMALE N°12,1,11.40,,2026-02-01,2027-01-31,,,sanef-class1-2026
SANEF,ETAPLES / LE TOUQUET N°26,BEAUVAIS CENTRE N°14,1,15.70,,2026-02-01,2027-01-31,,,sanef-class1-2026
SANEF,ETAPLES / LE TOUQUET N°26,BEAUVAIS NORD N°15,1,15.70,,2026-02-01,2027-01-31,,,sanef-class1-2026
SANEF,ETAPLES / LE TOUQUET N°26,BERCK N°25,1,1.20,,2026-02-01,2027-01-31,,,sanef-class1-2026
SANEF,ETAPLES / LE TOUQUET N°26,BOULOGNE EST (péage d'Herquelingue),1,3.50,,2026-02-01,2027-01-31,,,sanef-class1-2026
SANEF,ETAPLES / LE TOUQUET N°26,BOULOGNE SUD N°28,1,1.70,,2026-02-01,2027-01-31,,,sanef-class1-2026
SANEF,ETAPLES / LE TOUQUET N°26,ESSERTAUX N°17,1,11.30,,2026-02-01,2027-01-31,,,sanef-class1-2026
SANEF,ETAPLES / LE TOUQUET N°26,HARDIVILLERS N°16,1,12.40,,2026-02-01,2027-01-31,,,sanef-class1-2026
SANEF,ETAPLES / LE TOUQUET N°26,L'ISLE-ADAM (péage d'Amblainville),1,21.00,,2026-02-01,2027-01-31,,,sanef-class1-2026
SANEF,ETAPLES / LE TOUQUET N°26,LA CÔTE PICARDE N°24 A16,1,3.10,,2026-02-01,2027-01-31,,,sanef-class1-2026
SANEF,ETAPLES / LE TOUQUET N°26,MÉRU N°13,1,17.30,,2026-02-01,2027-01-31,,,sanef-class1-2026
SANEF,ETAPLES / LE TOUQUET N°26,NEUFCHÂTEL-EN-BRAY (A28),1,12.70,,2026-02-01,2027-01-31,,,sanef-class1-2026
SANEF,ETAPLES / LE TOUQUET N°26,NEUFCHÂTEL-HARDELOT N°27,1,1.20,,2026-02-01,2027-01-31,,,sanef-class1-2026
SANEF,ETAPLES / LE TOUQUET N°26,POIX-DE-PICARDIE N°13 A29,1,9.90,,2026-02-01,2027-01-31,,,sanef-class1-2026
SANEF,ETAPLES / LE TOUQUET N°26,SALOUËL N°18,1,9.90,,2026-02-01,2027-01-31,,,sanef-class1-2026
SANEF,ETAPLES / LE TOUQUET N°26,VALLÉE DE LA NIÈVRE N°21,1,7.50,,2026-02-01,2027-01-31,,,sanef-class1-2026
SANEF,GARE TGV N°53,AIRE-SUR-LA-LYS N°4,1,9.10,,2026-02-01,2027-01-31,,,sanef-class1-2026
SANEF,GARE TGV N°53,ALBERT N°13.1,1,1.00,,2026-02-01,2027-01-31,,,sanef-class1-2026
SANEF,GARE TGV N°53,AMIENS EST (péage de Jules Verne) A29,1,3.20,,2026-02-01,2027-01-31,,,sanef-class1-2026
SANEF,GARE TGV N°53,ARRAS EST (A1) N°15,1,3.90,,2026-02-01,2027-01-31,,,sanef-class1-2026
SANEF,GARE TGV N°53,ARRAS NORD (A26) N°7,1,4.70,,2026-02-01,2027-01-31,,,sanef-class1-2026
SANEF,GARE TGV N°53,ATHIES N°54,1,1.00,,2026-02-01,2027-01-31,,,sanef-class1-2026
SANEF,GARE TGV N°53,BAPAUME N°14 A1,1,2.50,,2026-02-01,2027-01-31,,,sanef-class1-2026
SANEF,GARE TGV N°53,BÉTHUNE N°6,1,7.10,,2026-02-01,2027-01-31,,,sanef-class1-2026
SANEF,GARE TGV N°53,CALAIS (péage de Setques),1,12.60,,2026-02-01,2027-01-31,,,sanef-class1-2026
SANEF,GARE TGV N°53,CAMBRAI N°14,1,3.60,,2026-02-01,2027-01-31,,,sanef-class1-2026
SANEF,GARE TGV N°53,COMPIÈGNE OUEST N°10,1,4.30,,2026-02-01,2027-01-31,,,sanef-class1-2026
SANEF,GARE TGV N°53,GUIGNICOURT N°14,1,7.40,,2026-02-01,2027-01-31,,,sanef-class1-2026
SANEF,GARE TGV N°53,HORDAIN (péage d'Hordain) A2,1,4.80,,2026-02-01,2027-01-31,,,sanef-class1-2026
SANEF,GARE TGV N°53,LA FÈRE N°12,1,4.50,,2026-02-01,2027-01-31,,,sanef-class1-2026
SANEF,GARE TGV N°53,LAON N°13,1,5.60,,2026-02-01,2027-01-31,,,sanef-class1-2026
SANEF,GARE TGV N°53,LILLE / DOURGES (péage de Fresnes),1,5.50,,2026-02-01,2027-01-31,,,sanef-class1-2026
SANEF,GARE TGV N°53,LILLERS N°5,1,7.70,,2026-02-01,2027-01-31,,,sanef-class1-2026
SANEF,GARE TGV N°53,LIÉVIN N°6.2,1,5.80,,2026-02-01,2027-01-31,,,sanef-class1-2026
SANEF,GARE TGV N°53,MARQUION N°8,1,5.00,,2026-02-01,2027-01-31,,,sanef-class1-2026
SANEF,GARE TGV N°53,MASNIÈRES N°9,1,4.10,,2026-02-01,2027-01-31,,,sanef-class1-2026
SANEF,GARE TGV N°53,NŒUX-LES-MINES N°6.1 A26 NORD,1,6.50,,2026-02-01,2027-01-31,,,sanef-class1-2026
SANEF,GARE TGV N°53,PARIS / ROISSY (péage de Chamant),1,8.70,,2026-02-01,2027-01-31,,,sanef-class1-2026
SANEF,GARE TGV N°53,PONT-SAINTE-MAXENCE N°9,1,4.60,,2026-02-01,2027-01-31,,,sanef-class1-2026
SANEF,GARE TGV N°53,PÉRONNE / VALLEE DE LA SOMME N°13,1,0.30,,2026-02-01,2027-01-31,,,sanef-class1-2026
SANEF,GARE TGV N°53,REIMS (péage de Courcy),1,10.70,,2026-02-01,2027-01-31,,,sanef-class1-2026
SANEF,GARE TGV N°53,RESSONS N°11,1,3.00,,2026-02-01,2027-01-31,,,sanef-class1-2026
SANEF,GARE TGV N°53,ROYE N°12,1,1.30,,2026-02-01,2027-01-31,,,sanef-class1-2026
SANEF,GARE TGV N°53,SAINT-OMER N°3,1,10.10,,2026-02-01,2027-01-31,,,sanef-class1-2026
SANEF,GARE TGV N°53,SAINT-QUENTIN NORD N°10,1,3.10,,2026-02-01,2027-01-31,,,sanef-class1-2026
SANEF,GARE TGV N°53,SAINT-QUENTIN SUD N°11,1,3.00,,2026-02-01,2027-01-31,,,sanef-class1-2026
SANEF,GARE TGV N°53,SENLIS N°8,1,5.90,,2026-02-01,2027-01-31,,,sanef-class1-2026
SANEF,GARE TGV N°53,VILLERS-BRETONNEUX N°52,1,1.60,,2026-02-01,2027-01-31,,,sanef-class1-2026
SANEF,GUIGNICOURT N°14,AIRE-SUR-LA-LYS N°4,1,16.00,,2026-02-01,2027-01-31,,,sanef-class1-2026
SANEF,GUIGNICOURT N°14,ALBERT N°13.1,1,9.20,,2026-02-01,2027-01-31,,,sanef-class1-2026
SANEF,GUIGNICOURT N°14,AMIENS EST (péage de Jules Verne) A29,1,10.90,,2026-02-01,2027-01-31,,,sanef-class1-2026
SANEF,GUIGNICOURT N°14,ARRAS EST (A1) N°15,1,10.90,,2026-02-01,2027-01-31,,,sanef-class1-2026
SANEF,GUIGNICOURT N°14,ARRAS NORD (A26) N°7,1,12.40,,2026-02-01,2027-01-31,,,sanef-class1-2026
SANEF,GUIGNICOURT N°14,ATHIES N°54,1,6.20,,2026-02-01,2027-01-31,,,sanef-class1-2026
SANEF,GUIGNICOURT N°14,BAPAUME N°14 A1,1,11.30,,2026-02-01,2027-01-31,,,sanef-class1-2026
SANEF,GUIGNICOURT N°14,BÉTHUNE N°6,1,14.50,,2026-02-01,2027-01-31,,,sanef-class1-2026
SANEF,GUIGNICOURT N°14,CALAIS (péage de Setques),1,21.10,,2026-02-01,2027-01-31,,,sanef-class1-2026
SANEF,GUIGNICOURT N°14,CAMBRAI N°14,1,9.10,,2026-02-01,2027-01-31,,,sanef-class1-2026
SANEF,GUIGNICOURT N°14,COMPIÈGNE OUEST N°10,1,12.10,,2026-02-01,2027-01-31,,,sanef-class1-2026
SANEF,GUIGNICOURT N°14,GARE TGV N°53,1,7.40,,2026-02-01,2027-01-31,,,sanef-class1-2026
SANEF,GUIGNICOURT N°14,HORDAIN (péage d'Hordain) A2,1,10.50,,2026-02-01,2027-01-31,,,sanef-class1-2026
SANEF,GUIGNICOURT N°14,LA FÈRE N°12,1,3.80,,2026-02-01,2027-01-31,,,sanef-class1-2026
SANEF,GUIGNICOURT N°14,LAON N°13,1,2.20,,2026-02-01,2027-01-31,,,sanef-class1-2026
SANEF,GUIGNICOURT N°14,LILLE / DOURGES (péage de Fresnes),1,12.50,,2026-02-01,2027-01-31,,,sanef-class1-2026
SANEF,GUIGNICOURT N°14,LILLERS N°5,1,14.60,,2026-02-01,2027-01-31,,,sanef-class1-2026
SANEF,GUIGNICOURT N°14,LIÉVIN N°6.2,1,13.30,,2026-02-01,2027-01-31,,,sanef-class1-2026
SANEF,GUIGNICOURT N°14,MARQUION N°8,1,9.40,,2026-02-01,2027-01-31,,,sanef-class1-2026
SANEF,GUIGNICOURT N°14,MASNIÈRES N°9,1,8.30,,2026-02-01,2027-01-31,,,sanef-class1-2026
SANEF,GUIGNICOURT N°14,NŒUX-LES-MINES N°6.1 A26 NORD,1,13.60,,2026-02-01,2027-01-31,,,sanef-class1-2026
SANEF,GUIGNICOURT N°14,PARIS / ROISSY (péage de Chamant),1,15.90,,2026-02-01,2027-01-31,,,sanef-class1-2026
SANEF,GUIGNICOURT N°14,PONT-SAINTE-MAXENCE N°9,1,12.50,,2026-02-01,2027-01-31,,,sanef-class1-2026
SANEF,GUIGNICOURT N°14,PÉRONNE / VALLEE DE LA SOMME N°13,1,8.20,,2026-02-01,2027-01-31,,,sanef-class1-2026
SANEF,GUIGNICOURT N°14,REIMS (péage de Courcy),1,2.40,,2026-02-01,2027-01-31,,,sanef-class1-2026
SANEF,GUIGNICOURT N°14,RESSONS N°11,1,10.50,,2026-02-01,2027-01-31,,,sanef-class1-2026
SANEF,GUIGNICOURT N°14,ROYE N°12,1,9.60,,2026-02-01,2027-01-31,,,sanef-class1-2026
SANEF,GUIGNICOURT N°14,SAINT-OMER N°3,1,18.40,,2026-02-01,2027-01-31,,,sanef-class1-2026
SANEF,GUIGNICOURT N°14,SAINT-QUENTIN NORD N°10,1,6.20,,2026-02-01,2027-01-31,,,sanef-class1-2026
SANEF,GUIGNICOURT N°14,SAINT-QUENTIN SUD N°11,1,6.00,,2026-02-01,2027-01-31,,,sanef-class1-2026
SANEF,GUIGNICOURT N°14,SENLIS N°8,1,13.50,,2026-02-01,2027-01-31,,,sanef-class1-2026
SANEF,GUIGNICOURT N°14,VILLERS-BRETONNEUX N°52,1,9.40,,2026-02-01,2027-01-31,,,sanef-class1-2026
SANEF,HARDIVILLERS N°16,ABBEVILLE EST N°22,1,6.90,,2026-02-01,2027-01-31,,,sanef-class1-2026
SANEF,HARDIVILLERS N°16,ABBEVILLE NORD N°23,1,7.90,,2026-02-01,2027-01-31,,,sanef-class1-2026
SANEF,HARDIVILLERS N°16,AMIENS NORD N°20,1,3.50,,2026-02-01,2027-01-31,,,sanef-class1-2026
SANEF,HARDIVILLERS N°16,AMIENS OUEST N°19,1,2.90,,2026-02-01,2027-01-31,,,sanef-class1-2026
SANEF,HARDIVILLERS N°16,AMIENS SUD (péage de Dury),1,3.10,,2026-02-01,2027-01-31,,,sanef-class1-2026
SANEF,HARDIVILLERS N°16,AUMALE N°12,1,5.70,,2026-02-01,2027-01-31,,,sanef-class1-2026
SANEF,HARDIVILLERS N°16,BEAUVAIS CENTRE N°14,1,2.20,,2026-02-01,2027-01-31,,,sanef-class1-2026
SANEF,HARDIVILLERS N°16,BEAUVAIS NORD N°15,1,1.60,,2026-02-01,2027-01-31,,,sanef-class1-2026
SANEF,HARDIVILLERS N°16,BERCK N°25,1,11.70,,2026-02-01,2027-01-31,,,sanef-class1-2026
SANEF,HARDIVILLERS N°16,BOULOGNE EST (péage d'Herquelingue),1,16.30,,2026-02-01,2027-01-31,,,sanef-class1-2026
SANEF,HARDIVILLERS N°16,BOULOGNE SUD N°28,1,14.80,,2026-02-01,2027-01-31,,,sanef-class1-2026
SANEF,HARDIVILLERS N°16,ESSERTAUX N°17,1,1.30,,2026-02-01,2027-01-31,,,sanef-class1-2026
SANEF,HARDIVILLERS N°16,ETAPLES / LE TOUQUET N°26,1,12.40,,2026-02-01,2027-01-31,,,sanef-class1-2026
SANEF,HARDIVILLERS N°16,L'ISLE-ADAM (péage d'Amblainville),1,6.90,,2026-02-01,2027-01-31,,,sanef-class1-2026
SANEF,HARDIVILLERS N°16,LA CÔTE PICARDE N°24 A16,1,9.40,,2026-02-01,2027-01-31,,,sanef-class1-2026
SANEF,HARDIVILLERS N°16,MÉRU N°13,1,4.10,,2026-02-01,2027-01-31,,,sanef-class1-2026
SANEF,HARDIVILLERS N°16,NEUFCHÂTEL-EN-BRAY (A28),1,8.10,,2026-02-01,2027-01-31,,,sanef-class1-2026
SANEF,HARDIVILLERS N°16,NEUFCHÂTEL-HARDELOT N°27,1,13.90,,2026-02-01,2027-01-31,,,sanef-class1-2026
SANEF,HARDIVILLERS N°16,POIX-DE-PICARDIE N°13 A29,1,4.50,,2026-02-01,2027-01-31,,,sanef-class1-2026
SANEF,HARDIVILLERS N°16,SALOUËL N°18,1,2.70,,2026-02-01,2027-01-31,,,sanef-class1-2026
SANEF,HARDIVILLERS N°16,VALLÉE DE LA NIÈVRE N°21,1,4.80,,2026-02-01,2027-01-31,,,sanef-class1-2026
SANEF,HORDAIN (péage d'Hordain) A2,AIRE-SUR-LA-LYS N°4,1,8.70,,2026-02-01,2027-01-31,,,sanef-class1-2026
SANEF,HORDAIN (péage d'Hordain) A2,ALBERT N°13.1,1,4.40,,2026-02-01,2027-01-31,,,sanef-class1-2026
SANEF,HORDAIN (péage d'Hordain) A2,AMIENS EST (péage de Jules Verne) A29,1,9.50,,2026-02-01,2027-01-31,,,sanef-class1-2026
SANEF,HORDAIN (péage d'Hordain) A2,ARRAS EST (A1) N°15,1,4.30,,2026-02-01,2027-01-31,,,sanef-class1-2026
SANEF,HORDAIN (péage d'Hordain) A2,ARRAS NORD (A26) N°7,1,4.60,,2026-02-01,2027-01-31,,,sanef-class1-2026
SANEF,HORDAIN (péage d'Hordain) A2,ATHIES N°54,1,5.70,,2026-02-01,2027-01-31,,,sanef-class1-2026
SANEF,HORDAIN (péage d'Hordain) A2,BAPAUME N°14 A1,1,5.20,,2026-02-01,2027-01-31,,,sanef-class1-2026
SANEF,HORDAIN (péage d'Hordain) A2,BÉTHUNE N°6,1,6.30,,2026-02-01,2027-01-31,,,sanef-class1-2026
SANEF,HORDAIN (péage d'Hordain) A2,CALAIS (péage de Setques),1,13.30,,2026-02-01,2027-01-31,,,sanef-class1-2026
SANEF,HORDAIN (péage d'Hordain) A2,CAMBRAI N°14,1,1.20,,2026-02-01,2027-01-31,,,sanef-class1-2026
SANEF,HORDAIN (péage d'Hordain) A2,COMPIÈGNE OUEST N°10,1,10.50,,2026-02-01,2027-01-31,,,sanef-class1-2026
SANEF,HORDAIN (péage d'Hordain) A2,GARE TGV N°53,1,4.80,,2026-02-01,2027-01-31,,,sanef-class1-2026
SANEF,HORDAIN (péage d'Hordain) A2,GUIGNICOURT N°14,1,10.50,,2026-02-01,2027-01-31,,,sanef-class1-2026
SANEF,HORDAIN (péage d'Hordain) A2,LA FÈRE N°12,1,6.90,,2026-02-01,2027-01-31,,,sanef-class1-2026
SANEF,HORDAIN (péage d'Hordain) A2,LAON N°13,1,8.60,,2026-02-01,2027-01-31,,,sanef-class1-2026
SANEF,HORDAIN (péage d'Hordain) A2,LILLE / DOURGES (péage de Fresnes),1,4.80,,2026-02-01,2027-01-31,,,sanef-class1-2026
SANEF,HORDAIN (péage d'Hordain) A2,LILLERS N°5,1,7.40,,2026-02-01,2027-01-31,,,sanef-class1-2026
SANEF,HORDAIN (péage d'Hordain) A2,LIÉVIN N°6.2,1,5.00,,2026-02-01,2027-01-31,,,sanef-class1-2026
SANEF,HORDAIN (péage d'Hordain) A2,MARQUION N°8,1,2.10,,2026-02-01,2027-01-31,,,sanef-class1-2026
SANEF,HORDAIN (péage d'Hordain) A2,MASNIÈRES N°9,1,2.30,,2026-02-01,2027-01-31,,,sanef-class1-2026
SANEF,HORDAIN (péage d'Hordain) A2,NŒUX-LES-MINES N°6.1 A26 NORD,1,5.60,,2026-02-01,2027-01-31,,,sanef-class1-2026
SANEF,HORDAIN (péage d'Hordain) A2,PARIS / ROISSY (péage de Chamant),1,16.30,,2026-02-01,2027-01-31,,,sanef-class1-2026
SANEF,HORDAIN (péage d'Hordain) A2,PONT-SAINTE-MAXENCE N°9,1,10.80,,2026-02-01,2027-01-31,,,sanef-class1-2026
SANEF,HORDAIN (péage d'Hordain) A2,PÉRONNE / VALLEE DE LA SOMME N°13,1,4.70,,2026-02-01,2027-01-31,,,sanef-class1-2026
SANEF,HORDAIN (péage d'Hordain) A2,REIMS (péage de Courcy),1,14.60,,2026-02-01,2027-01-31,,,sanef-class1-2026
SANEF,HORDAIN (péage d'Hordain) A2,RESSONS N°11,1,9.00,,2026-02-01,2027-01-31,,,sanef-class1-2026
SANEF,HORDAIN (péage d'Hordain) A2,ROYE N°12,1,7.40,,2026-02-01,2027-01-31,,,sanef-class1-2026
SANEF,HORDAIN (péage d'Hordain) A2,SAINT-OMER N°3,1,10.60,,2026-02-01,2027-01-31,,,sanef-class1-2026
SANEF,HORDAIN (péage d'Hordain) A2,SAINT-QUENTIN NORD N°10,1,4.90,,2026-02-01,2027-01-31,,,sanef-class1-2026
SANEF,HORDAIN (péage d'Hordain) A2,SAINT-QUENTIN SUD N°11,1,5.30,,2026-02-01,2027-01-31,,,sanef-class1-2026
SANEF,HORDAIN (péage d'Hordain) A2,SENLIS N°8,1,12.90,,2026-02-01,2027-01-31,,,sanef-class1-2026
SANEF,HORDAIN (péage d'Hordain) A2,VILLERS-BRETONNEUX N°52,1,7.20,,2026-02-01,2027-01-31,,,sanef-class1-2026
SANEF,L'ISLE-ADAM (péage d'Amblainville),ABBEVILLE EST N°22,1,14.80,,2026-02-01,2027-01-31,,,sanef-class1-2026
SANEF,L'ISLE-ADAM (péage d'Amblainville),ABBEVILLE NORD N°23,1,15.90,,2026-02-01,2027-01-31,,,sanef-class1-2026
SANEF,L'ISLE-ADAM (péage d'Amblainville),AMIENS NORD N°20,1,10.60,,2026-02-01,2027-01-31,,,sanef-class1-2026
SANEF,L'ISLE-ADAM (péage d'Amblainville),AMIENS OUEST N°19,1,9.70,,2026-02-01,2027-01-31,,,sanef-class1-2026
SANEF,L'ISLE-ADAM (péage d'Amblainville),AMIENS SUD (péage de Dury),1,10.20,,2026-02-01,2027-01-31,,,sanef-class1-2026
SANEF,L'ISLE-ADAM (péage d'Amblainville),AUMALE N°12,1,12.40,,2026-02-01,2027-01-31,,,sanef-class1-2026
SANEF,L'ISLE-ADAM (péage d'Amblainville),BEAUVAIS CENTRE N°14,1,4.30,,2026-02-01,2027-01-31,,,sanef-class1-2026
SANEF,L'ISLE-ADAM (péage d'Amblainville),BEAUVAIS NORD N°15,1,5.10,,2026-02-01,2027-01-31,,,sanef-class1-2026
SANEF,L'ISLE-ADAM (péage d'Amblainville),BERCK N°25,1,19.30,,2026-02-01,2027-01-31,,,sanef-class1-2026
SANEF,L'ISLE-ADAM (péage d'Amblainville),BOULOGNE EST (péage d'Herquelingue),1,25.00,,2026-02-01,2027-01-31,,,sanef-class1-2026
SANEF,L'ISLE-ADAM (péage d'Amblainville),BOULOGNE SUD N°28,1,23.80,,2026-02-01,2027-01-31,,,sanef-class1-2026
SANEF,L'ISLE-ADAM (péage d'Amblainville),ESSERTAUX N°17,1,8.10,,2026-02-01,2027-01-31,,,sanef-class1-2026
SANEF,L'ISLE-ADAM (péage d'Amblainville),ETAPLES / LE TOUQUET N°26,1,21.00,,2026-02-01,2027-01-31,,,sanef-class1-2026
SANEF,L'ISLE-ADAM (péage d'Amblainville),HARDIVILLERS N°16,1,6.90,,2026-02-01,2027-01-31,,,sanef-class1-2026
SANEF,L'ISLE-ADAM (péage d'Amblainville),LA CÔTE PICARDE N°24 A16,1,16.90,,2026-02-01,2027-01-31,,,sanef-class1-2026
SANEF,L'ISLE-ADAM (péage d'Amblainville),MÉRU N°13,1,1.90,,2026-02-01,2027-01-31,,,sanef-class1-2026
SANEF,L'ISLE-ADAM (péage d'Amblainville),NEUFCHÂTEL-EN-BRAY (A28),1,14.90,,2026-02-01,2027-01-31,,,sanef-class1-2026
SANEF,L'ISLE-ADAM (péage d'Amblainville),NEUFCHÂTEL-HARDELOT N°27,1,21.80,,2026-02-01,2027-01-31,,,sanef-class1-2026
SANEF,L'ISLE-ADAM (péage d'Amblainville),POIX-DE-PICARDIE N°13 A29,1,10.70,,2026-02-01,2027-01-31,,,sanef-class1-2026
SANEF,L'ISLE-ADAM (péage d'Amblainville),SALOUËL N°18,1,9.60,,2026-02-01,2027-01-31,,,sanef-class1-2026
SANEF,L'ISLE-ADAM (péage d'Amblainville),VALLÉE DE LA NIÈVRE N°21,1,11.90,,2026-02-01,2027-01-31,,,sanef-class1-2026
SANEF,LA CÔTE PICARDE N°24 A16,ABBEVILLE EST N°22,1,2.70,,2026-02-01,2027-01-31,,,sanef-class1-2026
SANEF,LA CÔTE PICARDE N°24 A16,ABBEVILLE NORD N°23,1,1.80,,2026-02-01,2027-01-31,,,sanef-class1-2026
SANEF,LA CÔTE PICARDE N°24 A16,AMIENS NORD N°20,1,6.50,,2026-02-01,2027-01-31,,,sanef-class1-2026
SANEF,LA CÔTE PICARDE N°24 A16,AMIENS OUEST N°19,1,6.50,,2026-02-01,2027-01-31,,,sanef-class1-2026
SANEF,LA CÔTE PICARDE N°24 A16,AMIENS SUD (péage de Dury),1,7.60,,2026-02-01,2027-01-31,,,sanef-class1-2026
SANEF,LA CÔTE PICARDE N°24 A16,AUMALE N°12,1,9.20,,2026-02-01,2027-01-31,,,sanef-class1-2026
SANEF,LA CÔTE PICARDE N°24 A16,BEAUVAIS CENTRE N°14,1,11.80,,2026-02-01,2027-01-31,,,sanef-class1-2026
SANEF,LA CÔTE PICARDE N°24 A16,BEAUVAIS NORD N°15,1,11.70,,2026-02-01,2027-01-31,,,sanef-class1-2026
SANEF,LA CÔTE PICARDE N°24 A16,BERCK N°25,1,1.90,,2026-02-01,2027-01-31,,,sanef-class1-2026
SANEF,LA CÔTE PICARDE N°24 A16,BOULOGNE EST (péage d'Herquelingue),1,6.80,,2026-02-01,2027-01-31,,,sanef-class1-2026
SANEF,LA CÔTE PICARDE N°24 A16,BOULOGNE SUD N°28,1,5.10,,2026-02-01,2027-01-31,,,sanef-class1-2026
SANEF,LA CÔTE PICARDE N°24 A16,ESSERTAUX N°17,1,8.30,,2026-02-01,2027-01-31,,,sanef-class1-2026
SANEF,LA CÔTE PICARDE N°24 A16,ETAPLES / LE TOUQUET N°26,1,3.10,,2026-02-01,2027-01-31,,,sanef-class1-2026
SANEF,LA CÔTE PICARDE N°24 A16,HARDIVILLERS N°16,1,9.40,,2026-02-01,2027-01-31,,,sanef-class1-2026
SANEF,LA CÔTE PICARDE N°24 A16,L'ISLE-ADAM (péage d'Amblainville),1,16.90,,2026-02-01,2027-01-31,,,sanef-class1-2026
SANEF,LA CÔTE PICARDE N°24 A16,MÉRU N°13,1,13.80,,2026-02-01,2027-01-31,,,sanef-class1-2026
SANEF,LA CÔTE PICARDE N°24 A16,NEUFCHÂTEL-EN-BRAY (A28),1,10.10,,2026-02-01,2027-01-31,,,sanef-class1-2026
SANEF,LA CÔTE PICARDE N°24 A16,NEUFCHÂTEL-HARDELOT N°27,1,4.30,,2026-02-01,2027-01-31,,,sanef-class1-2026
SANEF,LA CÔTE PICARDE N°24 A16,POIX-DE-PICARDIE N°13 A29,1,7.90,,2026-02-01,2027-01-31,,,sanef-class1-2026
SANEF,LA CÔTE PICARDE N°24 A16,SALOUËL N°18,1,7.20,,2026-02-01,2027-01-31,,,sanef-class1-2026
SANEF,LA CÔTE PICARDE N°24 A16,VALLÉE DE LA NIÈVRE N°21,1,4.10,,2026-02-01,2027-01-31,,,sanef-class1-2026
SANEF,LA FÈRE N°12,AIRE-SUR-LA-LYS N°4,1,11.90,,2026-02-01,2027-01-31,,,sanef-class1-2026
SANEF,LA FÈRE N°12,ALBERT N°13.1,1,5.50,,2026-02-01,2027-01-31,,,sanef-class1-2026
SANEF,LA FÈRE N°12,AMIENS EST (péage de Jules Verne) A29,1,7.20,,2026-02-01,2027-01-31,,,sanef-class1-2026
SANEF,LA FÈRE N°12,ARRAS EST (A1) N°15,1,7.00,,2026-02-01,2027-01-31,,,sanef-class1-2026
SANEF,LA FÈRE N°12,ARRAS NORD (A26) N°7,1,8.30,,2026-02-01,2027-01-31,,,sanef-class1-2026
SANEF,LA FÈRE N°12,ATHIES N°54,1,2.80,,2026-02-01,2027-01-31,,,sanef-class1-2026
SANEF,LA FÈRE N°12,BAPAUME N°14 A1,1,7.70,,2026-02-01,2027-01-31,,,sanef-class1-2026
SANEF,LA FÈRE N°12,BÉTHUNE N°6,1,9.80,,2026-02-01,2027-01-31,,,sanef-class1-2026
SANEF,LA FÈRE N°12,CALAIS (péage de Setques),1,16.90,,2026-02-01,2027-01-31,,,sanef-class1-2026
SANEF,LA FÈRE N°12,CAMBRAI N°14,1,5.20,,2026-02-01,2027-01-31,,,sanef-class1-2026
SANEF,LA FÈRE N°12,COMPIÈGNE OUEST N°10,1,8.60,,2026-02-01,2027-01-31,,,sanef-class1-2026
SANEF,LA FÈRE N°12,GARE TGV N°53,1,4.50,,2026-02-01,2027-01-31,,,sanef-class1-2026
SANEF,LA FÈRE N°12,GUIGNICOURT N°14,1,3.80,,2026-02-01,2027-01-31,,,sanef-class1-2026
SANEF,LA FÈRE N°12,HORDAIN (péage d'Hordain) A2,1,6.90,,2026-02-01,2027-01-31,,,sanef-class1-2026
SANEF,LA FÈRE N°12,LAON N°13,1,1.30,,2026-02-01,2027-01-31,,,sanef-class1-2026
SANEF,LA FÈRE N°12,LILLE / DOURGES (péage de Fresnes),1,8.90,,2026-02-01,2027-01-31,,,sanef-class1-2026
SANEF,LA FÈRE N°12,LILLERS N°5,1,10.30,,2026-02-01,2027-01-31,,,sanef-class1-2026
SANEF,LA FÈRE N°12,LIÉVIN N°6.2,1,9.30,,2026-02-01,2027-01-31,,,sanef-class1-2026
SANEF,LA FÈRE N°12,MARQUION N°8,1,5.30,,2026-02-01,2027-01-31,,,sanef-class1-2026
SANEF,LA FÈRE N°12,MASNIÈRES N°9,1,4.20,,2026-02-01,2027-01-31,,,sanef-class1-2026
SANEF,LA FÈRE N°12,NŒUX-LES-MINES N°6.1 A26 NORD,1,9.30,,2026-02-01,2027-01-31,,,sanef-class1-2026
SANEF,LA FÈRE N°12,PARIS / ROISSY (péage de Chamant),1,12.80,,2026-02-01,2027-01-31,,,sanef-class1-2026
SANEF,LA FÈRE N°12,PONT-SAINTE-MAXENCE N°9,1,8.90,,2026-02-01,2027-01-31,,,sanef-class1-2026
SANEF,LA FÈRE N°12,PÉRONNE / VALLEE DE LA SOMME N°13,1,4.70,,2026-02-01,2027-01-31,,,sanef-class1-2026
SANEF,LA FÈRE N°12,REIMS (péage de Courcy),1,6.80,,2026-02-01,2027-01-31,,,sanef-class1-2026
SANEF,LA FÈRE N°12,RESSONS N°11,1,7.10,,2026-02-01,2027-01-31,,,sanef-class1-2026
SANEF,LA FÈRE N°12,ROYE N°12,1,5.80,,2026-02-01,2027-01-31,,,sanef-class1-2026
SANEF,LA FÈRE N°12,SAINT-OMER N°3,1,13.90,,2026-02-01,2027-01-31,,,sanef-class1-2026
SANEF,LA FÈRE N°12,SAINT-QUENTIN NORD N°10,1,2.00,,2026-02-01,2027-01-31,,,sanef-class1-2026
SANEF,LA FÈRE N°12,SAINT-QUENTIN SUD N°11,1,1.50,,2026-02-01,2027-01-31,,,sanef-class1-2026
SANEF,LA FÈRE N°12,SENLIS N°8,1,10.50,,2026-02-01,2027-01-31,,,sanef-class1-2026
SANEF,LA FÈRE N°12,VILLERS-BRETONNEUX N°52,1,5.50,,2026-02-01,2027-01-31,,,sanef-class1-2026
SANEF,LAON N°13,AIRE-SUR-LA-LYS N°4,1,14.90,,2026-02-01,2027-01-31,,,sanef-class1-2026
SANEF,LAON N°13,ALBERT N°13.1,1,6.80,,2026-02-01,2027-01-31,,,sanef-class1-2026
SANEF,LAON N°13,AMIENS EST (péage de Jules Verne) A29,1,9.50,,2026-02-01,2027-01-31,,,sanef-class1-2026
SANEF,LAON N°13,ARRAS EST (A1) N°15,1,8.80,,2026-02-01,2027-01-31,,,sanef-class1-2026
SANEF,LAON N°13,ARRAS NORD (A26) N°7,1,10.20,,2026-02-01,2027-01-31,,,sanef-class1-2026
SANEF,LAON N°13,ATHIES N°54,1,4.60,,2026-02-01,2027-01-31,,,sanef-class1-2026
SANEF,LAON N°13,BAPAUME N°14 A1,1,10.00,,2026-02-01,2027-01-31,,,sanef-class1-2026
SANEF,LAON N°13,BÉTHUNE N°6,1,11.90,,2026-02-01,2027-01-31,,,sanef-class1-2026
SANEF,LAON N°13,CALAIS (péage de Setques),1,19.70,,2026-02-01,2027-01-31,,,sanef-class1-2026
SANEF,LAON N°13,CAMBRAI N°14,1,7.10,,2026-02-01,2027-01-31,,,sanef-class1-2026
SANEF,LAON N°13,COMPIÈGNE OUEST N°10,1,9.50,,2026-02-01,2027-01-31,,,sanef-class1-2026
SANEF,LAON N°13,GARE TGV N°53,1,5.60,,2026-02-01,2027-01-31,,,sanef-class1-2026
SANEF,LAON N°13,GUIGNICOURT N°14,1,2.20,,2026-02-01,2027-01-31,,,sanef-class1-2026
SANEF,LAON N°13,HORDAIN (péage d'Hordain) A2,1,8.60,,2026-02-01,2027-01-31,,,sanef-class1-2026
SANEF,LAON N°13,LA FÈRE N°12,1,1.30,,2026-02-01,2027-01-31,,,sanef-class1-2026
SANEF,LAON N°13,LILLE / DOURGES (péage de Fresnes),1,11.10,,2026-02-01,2027-01-31,,,sanef-class1-2026
SANEF,LAON N°13,LILLERS N°5,1,12.70,,2026-02-01,2027-01-31,,,sanef-class1-2026
SANEF,LAON N°13,LIÉVIN N°6.2,1,11.00,,2026-02-01,2027-01-31,,,sanef-class1-2026
SANEF,LAON N°13,MARQUION N°8,1,7.10,,2026-02-01,2027-01-31,,,sanef-class1-2026
SANEF,LAON N°13,MASNIÈRES N°9,1,5.80,,2026-02-01,2027-01-31,,,sanef-class1-2026
SANEF,LAON N°13,NŒUX-LES-MINES N°6.1 A26 NORD,1,11.70,,2026-02-01,2027-01-31,,,sanef-class1-2026
SANEF,LAON N°13,PARIS / ROISSY (péage de Chamant),1,14.30,,2026-02-01,2027-01-31,,,sanef-class1-2026
SANEF,LAON N°13,PONT-SAINTE-MAXENCE N°9,1,9.90,,2026-02-01,2027-01-31,,,sanef-class1-2026
SANEF,LAON N°13,PÉRONNE / VALLEE DE LA SOMME N°13,1,5.80,,2026-02-01,2027-01-31,,,sanef-class1-2026
SANEF,LAON N°13,REIMS (péage de Courcy),1,4.80,,2026-02-01,2027-01-31,,,sanef-class1-2026
SANEF,LAON N°13,RESSONS N°11,1,8.60,,2026-02-01,2027-01-31,,,sanef-class1-2026
SANEF,LAON N°13,ROYE N°12,1,7.20,,2026-02-01,2027-01-31,,,sanef-class1-2026
SANEF,LAON N°13,SAINT-OMER N°3,1,15.60,,2026-02-01,2027-01-31,,,sanef-class1-2026
SANEF,LAON N°13,SAINT-QUENTIN NORD N°10,1,3.90,,2026-02-01,2027-01-31,,,sanef-class1-2026
SANEF,LAON N°13,SAINT-QUENTIN SUD N°11,1,2.90,,2026-02-01,2027-01-31,,,sanef-class1-2026
SANEF,LAON N°13,SENLIS N°8,1,11.70,,2026-02-01,2027-01-31,,,sanef-class1-2026
SANEF,LAON N°13,VILLERS-BRETONNEUX N°52,1,7.50,,2026-02-01,2027-01-31,,,sanef-class1-2026
SANEF,LILLE / DOURGES (péage de Fresnes),AIRE-SUR-LA-LYS N°4,1,7.20,,2026-02-01,2027-01-31,,,sanef-class1-2026
SANEF,LILLE / DOURGES (péage de Fresnes),ALBERT N°13.1,1,4.90,,2026-02-01,2027-01-31,,,sanef-class1-2026
SANEF,LILLE / DOURGES (péage de Fresnes),AMIENS EST (péage de Jules Verne) A29,1,10.20,,2026-02-01,2027-01-31,,,sanef-class1-2026
SANEF,LILLE / DOURGES (péage de Fresnes),ARRAS EST (A1) N°15,1,1.50,,2026-02-01,2027-01-31,,,sanef-class1-2026
SANEF,LILLE / DOURGES (péage de Fresnes),ARRAS NORD (A26) N°7,1,1.60,,2026-02-01,2027-01-31,,,sanef-class1-2026
SANEF,LILLE / DOURGES (péage de Fresnes),ATHIES N°54,1,7.10,,2026-02-01,2027-01-31,,,sanef-class1-2026
SANEF,LILLE / DOURGES (péage de Fresnes),BAPAUME N°14 A1,1,3.60,,2026-02-01,2027-01-31,,,sanef-class1-2026
SANEF,LILLE / DOURGES (péage de Fresnes),BÉTHUNE N°6,1,4.00,,2026-02-01,2027-01-31,,,sanef-class1-2026
SANEF,LILLE / DOURGES (péage de Fresnes),CALAIS (péage de Setques),1,10.20,,2026-02-01,2027-01-31,,,sanef-class1-2026
SANEF,LILLE / DOURGES (péage de Fresnes),CAMBRAI N°14,1,3.60,,2026-02-01,2027-01-31,,,sanef-class1-2026
SANEF,LILLE / DOURGES (péage de Fresnes),COMPIÈGNE OUEST N°10,1,12.40,,2026-02-01,2027-01-31,,,sanef-class1-2026
SANEF,LILLE / DOURGES (péage de Fresnes),GARE TGV N°53,1,5.50,,2026-02-01,2027-01-31,,,sanef-class1-2026
SANEF,LILLE / DOURGES (péage de Fresnes),GUIGNICOURT N°14,1,12.50,,2026-02-01,2027-01-31,,,sanef-class1-2026
SANEF,LILLE / DOURGES (péage de Fresnes),HORDAIN (péage d'Hordain) A2,1,4.80,,2026-02-01,2027-01-31,,,sanef-class1-2026
SANEF,LILLE / DOURGES (péage de Fresnes),LA FÈRE N°12,1,8.90,,2026-02-01,2027-01-31,,,sanef-class1-2026
SANEF,LILLE / DOURGES (péage de Fresnes),LAON N°13,1,11.10,,2026-02-01,2027-01-31,,,sanef-class1-2026
SANEF,LILLE / DOURGES (péage de Fresnes),LILLERS N°5,1,4.80,,2026-02-01,2027-01-31,,,sanef-class1-2026
SANEF,LILLE / DOURGES (péage de Fresnes),LIÉVIN N°6.2,1,2.60,,2026-02-01,2027-01-31,,,sanef-class1-2026
SANEF,LILLE / DOURGES (péage de Fresnes),MARQUION N°8,1,2.90,,2026-02-01,2027-01-31,,,sanef-class1-2026
SANEF,LILLE / DOURGES (péage de Fresnes),MASNIÈRES N°9,1,4.60,,2026-02-01,2027-01-31,,,sanef-class1-2026
SANEF,LILLE / DOURGES (péage de Fresnes),NŒUX-LES-MINES N°6.1 A26 NORD,1,3.20,,2026-02-01,2027-01-31,,,sanef-class1-2026
SANEF,LILLE / DOURGES (péage de Fresnes),PARIS / ROISSY (péage de Chamant),1,18.90,,2026-02-01,2027-01-31,,,sanef-class1-2026
SANEF,LILLE / DOURGES (péage de Fresnes),PONT-SAINTE-MAXENCE N°9,1,12.70,,2026-02-01,2027-01-31,,,sanef-class1-2026
SANEF,LILLE / DOURGES (péage de Fresnes),PÉRONNE / VALLEE DE LA SOMME N°13,1,5.50,,2026-02-01,2027-01-31,,,sanef-class1-2026
SANEF,LILLE / DOURGES (péage de Fresnes),REIMS (péage de Courcy),1,18.50,,2026-02-01,2027-01-31,,,sanef-class1-2026
SANEF,LILLE / DOURGES (péage de Fresnes),RESSONS N°11,1,10.30,,2026-02-01,2027-01-31,,,sanef-class1-2026
SANEF,LILLE / DOURGES (péage de Fresnes),ROYE N°12,1,8.50,,2026-02-01,2027-01-31,,,sanef-class1-2026
SANEF,LILLE / DOURGES (péage de Fresnes),SAINT-OMER N°3,1,7.80,,2026-02-01,2027-01-31,,,sanef-class1-2026
SANEF,LILLE / DOURGES (péage de Fresnes),SAINT-QUENTIN NORD N°10,1,7.00,,2026-02-01,2027-01-31,,,sanef-class1-2026
SANEF,LILLE / DOURGES (péage de Fresnes),SAINT-QUENTIN SUD N°11,1,7.90,,2026-02-01,2027-01-31,,,sanef-class1-2026
SANEF,LILLE / DOURGES (péage de Fresnes),SENLIS N°8,1,14.60,,2026-02-01,2027-01-31,,,sanef-class1-2026
SANEF,LILLE / DOURGES (péage de Fresnes),VILLERS-BRETONNEUX N°52,1,8.30,,2026-02-01,2027-01-31,,,sanef-class1-2026
SANEF,LILLERS N°5,AIRE-SUR-LA-LYS N°4,1,1.60,,2026-02-01,2027-01-31,,,sanef-class1-2026
SANEF,LILLERS N°5,ALBERT N°13.1,1,7.00,,2026-02-01,2027-01-31,,,sanef-class1-2026
SANEF,LILLERS N°5,AMIENS EST (péage de Jules Verne) A29,1,11.40,,2026-02-01,2027-01-31,,,sanef-class1-2026
SANEF,LILLERS N°5,ARRAS EST (A1) N°15,1,4.00,,2026-02-01,2027-01-31,,,sanef-class1-2026
SANEF,LILLERS N°5,ARRAS NORD (A26) N°7,1,3.00,,2026-02-01,2027-01-31,,,sanef-class1-2026
SANEF,LILLERS N°5,ATHIES N°54,1,8.70,,2026-02-01,2027-01-31,,,sanef-class1-2026
SANEF,LILLERS N°5,BAPAUME N°14 A1,1,5.40,,2026-02-01,2027-01-31,,,sanef-class1-2026
SANEF,LILLERS N°5,BÉTHUNE N°6,1,1.10,,2026-02-01,2027-01-31,,,sanef-class1-2026
SANEF,LILLERS N°5,CALAIS (péage de Setques),1,5.50,,2026-02-01,2027-01-31,,,sanef-class1-2026
SANEF,LILLERS N°5,CAMBRAI N°14,1,5.80,,2026-02-01,2027-01-31,,,sanef-class1-2026
SANEF,LILLERS N°5,COMPIÈGNE OUEST N°10,1,12.80,,2026-02-01,2027-01-31,,,sanef-class1-2026
SANEF,LILLERS N°5,GARE TGV N°53,1,7.70,,2026-02-01,2027-01-31,,,sanef-class1-2026
SANEF,LILLERS N°5,GUIGNICOURT N°14,1,14.60,,2026-02-01,2027-01-31,,,sanef-class1-2026
SANEF,LILLERS N°5,HORDAIN (péage d'Hordain) A2,1,7.40,,2026-02-01,2027-01-31,,,sanef-class1-2026
SANEF,LILLERS N°5,LA FÈRE N°12,1,10.30,,2026-02-01,2027-01-31,,,sanef-class1-2026
SANEF,LILLERS N°5,LAON N°13,1,12.70,,2026-02-01,2027-01-31,,,sanef-class1-2026
SANEF,LILLERS N°5,LILLE / DOURGES (péage de Fresnes),1,4.80,,2026-02-01,2027-01-31,,,sanef-class1-2026
SANEF,LILLERS N°5,LIÉVIN N°6.2,1,1.90,,2026-02-01,2027-01-31,,,sanef-class1-2026
SANEF,LILLERS N°5,MARQUION N°8,1,5.50,,2026-02-01,2027-01-31,,,sanef-class1-2026
SANEF,LILLERS N°5,MASNIÈRES N°9,1,6.40,,2026-02-01,2027-01-31,,,sanef-class1-2026
SANEF,LILLERS N°5,NŒUX-LES-MINES N°6.1 A26 NORD,1,1.40,,2026-02-01,2027-01-31,,,sanef-class1-2026
SANEF,LILLERS N°5,PARIS / ROISSY (péage de Chamant),1,19.50,,2026-02-01,2027-01-31,,,sanef-class1-2026
SANEF,LILLERS N°5,PONT-SAINTE-MAXENCE N°9,1,13.70,,2026-02-01,2027-01-31,,,sanef-class1-2026
SANEF,LILLERS N°5,PÉRONNE / VALLEE DE LA SOMME N°13,1,7.20,,2026-02-01,2027-01-31,,,sanef-class1-2026
SANEF,LILLERS N°5,REIMS (péage de Courcy),1,20.00,,2026-02-01,2027-01-31,,,sanef-class1-2026
SANEF,LILLERS N°5,RESSONS N°11,1,11.00,,2026-02-01,2027-01-31,,,sanef-class1-2026
SANEF,LILLERS N°5,ROYE N°12,1,9.60,,2026-02-01,2027-01-31,,,sanef-class1-2026
SANEF,LILLERS N°5,SAINT-OMER N°3,1,2.50,,2026-02-01,2027-01-31,,,sanef-class1-2026
SANEF,LILLERS N°5,SAINT-QUENTIN NORD N°10,1,9.30,,2026-02-01,2027-01-31,,,sanef-class1-2026
SANEF,LILLERS N°5,SAINT-QUENTIN SUD N°11,1,9.60,,2026-02-01,2027-01-31,,,sanef-class1-2026
SANEF,LILLERS N°5,SENLIS N°8,1,15.10,,2026-02-01,2027-01-31,,,sanef-class1-2026
SANEF,LILLERS N°5,VILLERS-BRETONNEUX N°52,1,9.60,,2026-02-01,2027-01-31,,,sanef-class1-2026
SANEF,LIÉVIN N°6.2,AIRE-SUR-LA-LYS N°4,1,4.10,,2026-02-01,2027-01-31,,,sanef-class1-2026
SANEF,LIÉVIN N°6.2,ALBERT N°13.1,1,4.80,,2026-02-01,2027-01-31,,,sanef-class1-2026
SANEF,LIÉVIN N°6.2,AMIENS EST (péage de Jules Verne) A29,1,9.90,,2026-02-01,2027-01-31,,,sanef-class1-2026
SANEF,LIÉVIN N°6.2,ARRAS EST (A1) N°15,1,2.00,,2026-02-01,2027-01-31,,,sanef-class1-2026
SANEF,LIÉVIN N°6.2,ARRAS NORD (A26) N°7,1,1.00,,2026-02-01,2027-01-31,,,sanef-class1-2026
SANEF,LIÉVIN N°6.2,ATHIES N°54,1,6.70,,2026-02-01,2027-01-31,,,sanef-class1-2026
SANEF,LIÉVIN N°6.2,BAPAUME N°14 A1,1,3.80,,2026-02-01,2027-01-31,,,sanef-class1-2026
SANEF,LIÉVIN N°6.2,BÉTHUNE N°6,1,1.00,,2026-02-01,2027-01-31,,,sanef-class1-2026
SANEF,LIÉVIN N°6.2,CALAIS (péage de Setques),1,8.70,,2026-02-01,2027-01-31,,,sanef-class1-2026
SANEF,LIÉVIN N°6.2,CAMBRAI N°14,1,4.30,,2026-02-01,2027-01-31,,,sanef-class1-2026
SANEF,LIÉVIN N°6.2,COMPIÈGNE OUEST N°10,1,10.60,,2026-02-01,2027-01-31,,,sanef-class1-2026
SANEF,LIÉVIN N°6.2,GARE TGV N°53,1,5.80,,2026-02-01,2027-01-31,,,sanef-class1-2026
SANEF,LIÉVIN N°6.2,GUIGNICOURT N°14,1,13.30,,2026-02-01,2027-01-31,,,sanef-class1-2026
SANEF,LIÉVIN N°6.2,HORDAIN (péage d'Hordain) A2,1,5.00,,2026-02-01,2027-01-31,,,sanef-class1-2026
SANEF,LIÉVIN N°6.2,LA FÈRE N°12,1,9.30,,2026-02-01,2027-01-31,,,sanef-class1-2026
SANEF,LIÉVIN N°6.2,LAON N°13,1,11.00,,2026-02-01,2027-01-31,,,sanef-class1-2026
SANEF,LIÉVIN N°6.2,LILLE / DOURGES (péage de Fresnes),1,2.60,,2026-02-01,2027-01-31,,,sanef-class1-2026
SANEF,LIÉVIN N°6.2,LILLERS N°5,1,1.90,,2026-02-01,2027-01-31,,,sanef-class1-2026
SANEF,LIÉVIN N°6.2,MARQUION N°8,1,3.30,,2026-02-01,2027-01-31,,,sanef-class1-2026
SANEF,LIÉVIN N°6.2,MASNIÈRES N°9,1,4.60,,2026-02-01,2027-01-31,,,sanef-class1-2026
SANEF,LIÉVIN N°6.2,NŒUX-LES-MINES N°6.1 A26 NORD,1,0.50,,2026-02-01,2027-01-31,,,sanef-class1-2026
SANEF,LIÉVIN N°6.2,PARIS / ROISSY (péage de Chamant),1,16.60,,2026-02-01,2027-01-31,,,sanef-class1-2026
SANEF,LIÉVIN N°6.2,PONT-SAINTE-MAXENCE N°9,1,11.00,,2026-02-01,2027-01-31,,,sanef-class1-2026
SANEF,LIÉVIN N°6.2,PÉRONNE / VALLEE DE LA SOMME N°13,1,5.50,,2026-02-01,2027-01-31,,,sanef-class1-2026
SANEF,LIÉVIN N°6.2,REIMS (péage de Courcy),1,16.60,,2026-02-01,2027-01-31,,,sanef-class1-2026
SANEF,LIÉVIN N°6.2,RESSONS N°11,1,9.10,,2026-02-01,2027-01-31,,,sanef-class1-2026
SANEF,LIÉVIN N°6.2,ROYE N°12,1,7.90,,2026-02-01,2027-01-31,,,sanef-class1-2026
SANEF,LIÉVIN N°6.2,SAINT-OMER N°3,1,4.60,,2026-02-01,2027-01-31,,,sanef-class1-2026
SANEF,LIÉVIN N°6.2,SAINT-QUENTIN NORD N°10,1,7.10,,2026-02-01,2027-01-31,,,sanef-class1-2026
SANEF,LIÉVIN N°6.2,SAINT-QUENTIN SUD N°11,1,7.90,,2026-02-01,2027-01-31,,,sanef-class1-2026
SANEF,LIÉVIN N°6.2,SENLIS N°8,1,12.90,,2026-02-01,2027-01-31,,,sanef-class1-2026
SANEF,LIÉVIN N°6.2,VILLERS-BRETONNEUX N°52,1,8.20,,2026-02-01,2027-01-31,,,sanef-class1-2026
SANEF,MARQUION N°8,AIRE-SUR-LA-LYS N°4,1,8.00,,2026-02-01,2027-01-31,,,sanef-class1-2026
SANEF,MARQUION N°8,ALBERT N°13.1,1,3.80,,2026-02-01,2027-01-31,,,sanef-class1-2026
SANEF,MARQUION N°8,AMIENS EST (péage de Jules Verne) A29,1,9.10,,2026-02-01,2027-01-31,,,sanef-class1-2026
SANEF,MARQUION N°8,ARRAS EST (A1) N°15,1,2.10,,2026-02-01,2027-01-31,,,sanef-class1-2026
SANEF,MARQUION N°8,ARRAS NORD (A26) N°7,1,2.20,,2026-02-01,2027-01-31,,,sanef-class1-2026
SANEF,MARQUION N°8,ATHIES N°54,1,4.70,,2026-02-01,2027-01-31,,,sanef-class1-2026
SANEF,MARQUION N°8,BAPAUME N°14 A1,1,3.10,,2026-02-01,2027-01-31,,,sanef-class1-2026
SANEF,MARQUION N°8,BÉTHUNE N°6,1,4.10,,2026-02-01,2027-01-31,,,sanef-class1-2026
SANEF,MARQUION N°8,CALAIS (péage de Setques),1,11.70,,2026-02-01,2027-01-31,,,sanef-class1-2026
SANEF,MARQUION N°8,CAMBRAI N°14,1,0.90,,2026-02-01,2027-01-31,,,sanef-class1-2026
SANEF,MARQUION N°8,COMPIÈGNE OUEST N°10,1,8.40,,2026-02-01,2027-01-31,,,sanef-class1-2026
SANEF,MARQUION N°8,GARE TGV N°53,1,5.00,,2026-02-01,2027-01-31,,,sanef-class1-2026
SANEF,MARQUION N°8,GUIGNICOURT N°14,1,9.40,,2026-02-01,2027-01-31,,,sanef-class1-2026
SANEF,MARQUION N°8,HORDAIN (péage d'Hordain) A2,1,2.10,,2026-02-01,2027-01-31,,,sanef-class1-2026
SANEF,MARQUION N°8,LA FÈRE N°12,1,5.30,,2026-02-01,2027-01-31,,,sanef-class1-2026
SANEF,MARQUION N°8,LAON N°13,1,7.10,,2026-02-01,2027-01-31,,,sanef-class1-2026
SANEF,MARQUION N°8,LILLE / DOURGES (péage de Fresnes),1,2.90,,2026-02-01,2027-01-31,,,sanef-class1-2026
SANEF,MARQUION N°8,LILLERS N°5,1,5.50,,2026-02-01,2027-01-31,,,sanef-class1-2026
SANEF,MARQUION N°8,LIÉVIN N°6.2,1,3.30,,2026-02-01,2027-01-31,,,sanef-class1-2026
SANEF,MARQUION N°8,MASNIÈRES N°9,1,1.20,,2026-02-01,2027-01-31,,,sanef-class1-2026
SANEF,MARQUION N°8,NŒUX-LES-MINES N°6.1 A26 NORD,1,3.50,,2026-02-01,2027-01-31,,,sanef-class1-2026
SANEF,MARQUION N°8,PARIS / ROISSY (péage de Chamant),1,12.90,,2026-02-01,2027-01-31,,,sanef-class1-2026
SANEF,MARQUION N°8,PONT-SAINTE-MAXENCE N°9,1,8.90,,2026-02-01,2027-01-31,,,sanef-class1-2026
SANEF,MARQUION N°8,PÉRONNE / VALLEE DE LA SOMME N°13,1,4.50,,2026-02-01,2027-01-31,,,sanef-class1-2026
SANEF,MARQUION N°8,REIMS (péage de Courcy),1,13.30,,2026-02-01,2027-01-31,,,sanef-class1-2026
SANEF,MARQUION N°8,RESSONS N°11,1,7.30,,2026-02-01,2027-01-31,,,sanef-class1-2026
SANEF,MARQUION N°8,ROYE N°12,1,6.20,,2026-02-01,2027-01-31,,,sanef-class1-2026
SANEF,MARQUION N°8,SAINT-OMER N°3,1,8.60,,2026-02-01,2027-01-31,,,sanef-class1-2026
SANEF,MARQUION N°8,SAINT-QUENTIN NORD N°10,1,3.20,,2026-02-01,2027-01-31,,,sanef-class1-2026
SANEF,MARQUION N°8,SAINT-QUENTIN SUD N°11,1,4.00,,2026-02-01,2027-01-31,,,sanef-class1-2026
SANEF,MARQUION N°8,SENLIS N°8,1,10.30,,2026-02-01,2027-01-31,,,sanef-class1-2026
SANEF,MARQUION N°8,VILLERS-BRETONNEUX N°52,1,7.30,,2026-02-01,2027-01-31,,,sanef-class1-2026
SANEF,MASNIÈRES N°9,AIRE-SUR-LA-LYS N°4,1,8.80,,2026-02-01,2027-01-31,,,sanef-class1-2026
SANEF,MASNIÈRES N°9,ALBERT N°13.1,1,2.80,,2026-02-01,2027-01-31,,,sanef-class1-2026
SANEF,MASNIÈRES N°9,AMIENS EST (péage de Jules Verne) A29,1,7.40,,2026-02-01,2027-01-31,,,sanef-class1-2026
SANEF,MASNIÈRES N°9,ARRAS EST (A1) N°15,1,3.50,,2026-02-01,2027-01-31,,,sanef-class1-2026
SANEF,MASNIÈRES N°9,ARRAS NORD (A26) N°7,1,3.50,,2026-02-01,2027-01-31,,,sanef-class1-2026
SANEF,MASNIÈRES N°9,ATHIES N°54,1,3.70,,2026-02-01,2027-01-31,,,sanef-class1-2026
SANEF,MASNIÈRES N°9,BAPAUME N°14 A1,1,4.10,,2026-02-01,2027-01-31,,,sanef-class1-2026
SANEF,MASNIÈRES N°9,BÉTHUNE N°6,1,5.80,,2026-02-01,2027-01-31,,,sanef-class1-2026
SANEF,MASNIÈRES N°9,CALAIS (péage de Setques),1,12.30,,2026-02-01,2027-01-31,,,sanef-class1-2026
SANEF,MASNIÈRES N°9,CAMBRAI N°14,1,1.20,,2026-02-01,2027-01-31,,,sanef-class1-2026
SANEF,MASNIÈRES N°9,COMPIÈGNE OUEST N°10,1,8.40,,2026-02-01,2027-01-31,,,sanef-class1-2026
SANEF,MASNIÈRES N°9,GARE TGV N°53,1,4.10,,2026-02-01,2027-01-31,,,sanef-class1-2026
SANEF,MASNIÈRES N°9,GUIGNICOURT N°14,1,8.30,,2026-02-01,2027-01-31,,,sanef-class1-2026
SANEF,MASNIÈRES N°9,HORDAIN (péage d'Hordain) A2,1,2.30,,2026-02-01,2027-01-31,,,sanef-class1-2026
SANEF,MASNIÈRES N°9,LA FÈRE N°12,1,4.20,,2026-02-01,2027-01-31,,,sanef-class1-2026
SANEF,MASNIÈRES N°9,LAON N°13,1,5.80,,2026-02-01,2027-01-31,,,sanef-class1-2026
SANEF,MASNIÈRES N°9,LILLE / DOURGES (péage de Fresnes),1,4.60,,2026-02-01,2027-01-31,,,sanef-class1-2026
SANEF,MASNIÈRES N°9,LILLERS N°5,1,6.40,,2026-02-01,2027-01-31,,,sanef-class1-2026
SANEF,MASNIÈRES N°9,LIÉVIN N°6.2,1,4.60,,2026-02-01,2027-01-31,,,sanef-class1-2026
SANEF,MASNIÈRES N°9,MARQUION N°8,1,1.20,,2026-02-01,2027-01-31,,,sanef-class1-2026
SANEF,MASNIÈRES N°9,NŒUX-LES-MINES N°6.1 A26 NORD,1,5.10,,2026-02-01,2027-01-31,,,sanef-class1-2026
SANEF,MASNIÈRES N°9,PARIS / ROISSY (péage de Chamant),1,12.70,,2026-02-01,2027-01-31,,,sanef-class1-2026
SANEF,MASNIÈRES N°9,PONT-SAINTE-MAXENCE N°9,1,8.60,,2026-02-01,2027-01-31,,,sanef-class1-2026
SANEF,MASNIÈRES N°9,PÉRONNE / VALLEE DE LA SOMME N°13,1,3.60,,2026-02-01,2027-01-31,,,sanef-class1-2026
SANEF,MASNIÈRES N°9,REIMS (péage de Courcy),1,11.80,,2026-02-01,2027-01-31,,,sanef-class1-2026
SANEF,MASNIÈRES N°9,RESSONS N°11,1,6.70,,2026-02-01,2027-01-31,,,sanef-class1-2026
SANEF,MASNIÈRES N°9,ROYE N°12,1,5.10,,2026-02-01,2027-01-31,,,sanef-class1-2026
SANEF,MASNIÈRES N°9,SAINT-OMER N°3,1,9.50,,2026-02-01,2027-01-31,,,sanef-class1-2026
SANEF,MASNIÈRES N°9,SAINT-QUENTIN NORD N°10,1,2.00,,2026-02-01,2027-01-31,,,sanef-class1-2026
SANEF,MASNIÈRES N°9,SAINT-QUENTIN SUD N°11,1,2.50,,2026-02-01,2027-01-31,,,sanef-class1-2026
SANEF,MASNIÈRES N°9,SENLIS N°8,1,9.80,,2026-02-01,2027-01-31,,,sanef-class1-2026
SANEF,MASNIÈRES N°9,VILLERS-BRETONNEUX N°52,1,5.50,,2026-02-01,2027-01-31,,,sanef-class1-2026
SANEF,MÉRU N°13,ABBEVILLE EST N°22,1,10.90,,2026-02-01,2027-01-31,,,sanef-class1-2026
SANEF,MÉRU N°13,ABBEVILLE NORD N°23,1,12.00,,2026-02-01,2027-01-31,,,sanef-class1-2026
SANEF,MÉRU N°13,AMIENS NORD N°20,1,7.60,,2026-02-01,2027-01-31,,,sanef-class1-2026
SANEF,MÉRU N°13,AMIENS OUEST N°19,1,7.10,,2026-02-01,2027-01-31,,,sanef-class1-2026
SANEF,MÉRU N°13,AMIENS SUD (péage de Dury),1,7.20,,2026-02-01,2027-01-31,,,sanef-class1-2026
SANEF,MÉRU N°13,AUMALE N°12,1,9.50,,2026-02-01,2027-01-31,,,sanef-class1-2026
SANEF,MÉRU N°13,BEAUVAIS CENTRE N°14,1,2.00,,2026-02-01,2027-01-31,,,sanef-class1-2026
SANEF,MÉRU N°13,BEAUVAIS NORD N°15,1,2.60,,2026-02-01,2027-01-31,,,sanef-class1-2026
SANEF,MÉRU N°13,BERCK N°25,1,15.90,,2026-02-01,2027-01-31,,,sanef-class1-2026
SANEF,MÉRU N°13,BOULOGNE EST (péage d'Herquelingue),1,21.90,,2026-02-01,2027-01-31,,,sanef-class1-2026
SANEF,MÉRU N°13,BOULOGNE SUD N°28,1,19.70,,2026-02-01,2027-01-31,,,sanef-class1-2026
SANEF,MÉRU N°13,ESSERTAUX N°17,1,5.10,,2026-02-01,2027-01-31,,,sanef-class1-2026
SANEF,MÉRU N°13,ETAPLES / LE TOUQUET N°26,1,17.30,,2026-02-01,2027-01-31,,,sanef-class1-2026
SANEF,MÉRU N°13,HARDIVILLERS N°16,1,4.10,,2026-02-01,2027-01-31,,,sanef-class1-2026
SANEF,MÉRU N°13,L'ISLE-ADAM (péage d'Amblainville),1,1.90,,2026-02-01,2027-01-31,,,sanef-class1-2026
SANEF,MÉRU N°13,LA CÔTE PICARDE N°24 A16,1,13.80,,2026-02-01,2027-01-31,,,sanef-class1-2026
SANEF,MÉRU N°13,NEUFCHÂTEL-EN-BRAY (A28),1,11.00,,2026-02-01,2027-01-31,,,sanef-class1-2026
SANEF,MÉRU N°13,NEUFCHÂTEL-HARDELOT N°27,1,18.20,,2026-02-01,2027-01-31,,,sanef-class1-2026
SANEF,MÉRU N°13,POIX-DE-PICARDIE N°13 A29,1,8.00,,2026-02-01,2027-01-31,,,sanef-class1-2026
SANEF,MÉRU N°13,SALOUËL N°18,1,6.70,,2026-02-01,2027-01-31,,,sanef-class1-2026
SANEF,MÉRU N°13,VALLÉE DE LA NIÈVRE N°21,1,9.70,,2026-02-01,2027-01-31,,,sanef-class1-2026
SANEF,NEUFCHÂTEL-EN-BRAY (A28),ABBEVILLE EST N°22,1,8.10,,2026-02-01,2027-01-31,,,sanef-class1-2026
SANEF,NEUFCHÂTEL-EN-BRAY (A28),ABBEVILLE NORD N°23,1,8.90,,2026-02-01,2027-01-31,,,sanef-class1-2026
SANEF,NEUFCHÂTEL-EN-BRAY (A28),AMIENS NORD N°20,1,6.20,,2026-02-01,2027-01-31,,,sanef-class1-2026
SANEF,NEUFCHÂTEL-EN-BRAY (A28),AMIENS OUEST N°19,1,5.20,,2026-02-01,2027-01-31,,,sanef-class1-2026
SANEF,NEUFCHÂTEL-EN-BRAY (A28),AMIENS SUD (péage de Dury),1,6.80,,2026-02-01,2027-01-31,,,sanef-class1-2026
SANEF,NEUFCHÂTEL-EN-BRAY (A28),AUMALE N°12,1,1.20,,2026-02-01,2027-01-31,,,sanef-class1-2026
SANEF,NEUFCHÂTEL-EN-BRAY (A28),BEAUVAIS CENTRE N°14,1,10.00,,2026-02-01,2027-01-31,,,sanef-class1-2026
SANEF,NEUFCHÂTEL-EN-BRAY (A28),BEAUVAIS NORD N°15,1,9.70,,2026-02-01,2027-01-31,,,sanef-class1-2026
SANEF,NEUFCHÂTEL-EN-BRAY (A28),BERCK N°25,1,12.60,,2026-02-01,2027-01-31,,,sanef-class1-2026
SANEF,NEUFCHÂTEL-EN-BRAY (A28),BOULOGNE EST (péage d'Herquelingue),1,17.20,,2026-02-01,2027-01-31,,,sanef-class1-2026
SANEF,NEUFCHÂTEL-EN-BRAY (A28),BOULOGNE SUD N°28,1,14.90,,2026-02-01,2027-01-31,,,sanef-class1-2026
SANEF,NEUFCHÂTEL-EN-BRAY (A28),ESSERTAUX N°17,1,6.20,,2026-02-01,2027-01-31,,,sanef-class1-2026
SANEF,NEUFCHÂTEL-EN-BRAY (A28),ETAPLES / LE TOUQUET N°26,1,12.70,,2026-02-01,2027-01-31,,,sanef-class1-2026
SANEF,NEUFCHÂTEL-EN-BRAY (A28),HARDIVILLERS N°16,1,8.10,,2026-02-01,2027-01-31,,,sanef-class1-2026
SANEF,NEUFCHÂTEL-EN-BRAY (A28),L'ISLE-ADAM (péage d'Amblainville),1,14.90,,2026-02-01,2027-01-31,,,sanef-class1-2026
SANEF,NEUFCHÂTEL-EN-BRAY (A28),LA CÔTE PICARDE N°24 A16,1,10.10,,2026-02-01,2027-01-31,,,sanef-class1-2026
SANEF,NEUFCHÂTEL-EN-BRAY (A28),MÉRU N°13,1,11.00,,2026-02-01,2027-01-31,,,sanef-class1-2026
SANEF,NEUFCHÂTEL-EN-BRAY (A28),NEUFCHÂTEL-HARDELOT N°27,1,13.30,,2026-02-01,2027-01-31,,,sanef-class1-2026
SANEF,NEUFCHÂTEL-EN-BRAY (A28),POIX-DE-PICARDIE N°13 A29,1,3.40,,2026-02-01,2027-01-31,,,sanef-class1-2026
SANEF,NEUFCHÂTEL-EN-BRAY (A28),SALOUËL N°18,1,5.50,,2026-02-01,2027-01-31,,,sanef-class1-2026
SANEF,NEUFCHÂTEL-EN-BRAY (A28),VALLÉE DE LA NIÈVRE N°21,1,7.00,,2026-02-01,2027-01-31,,,sanef-class1-2026
SANEF,NEUFCHÂTEL-HARDELOT N°27,ABBEVILLE EST N°22,1,7.20,,2026-02-01,2027-01-31,,,sanef-class1-2026
SANEF,NEUFCHÂTEL-HARDELOT N°27,ABBEVILLE NORD N°23,1,6.50,,2026-02-01,2027-01-31,,,sanef-class1-2026
SANEF,NEUFCHÂTEL-HARDELOT N°27,AMIENS NORD N°20,1,10.90,,2026-02-01,2027-01-31,,,sanef-class1-2026
SANEF,NEUFCHÂTEL-HARDELOT N°27,AMIENS OUEST N°19,1,10.90,,2026-02-01,2027-01-31,,,sanef-class1-2026
SANEF,NEUFCHÂTEL-HARDELOT N°27,AMIENS SUD (péage de Dury),1,12.40,,2026-02-01,2027-01-31,,,sanef-class1-2026
SANEF,NEUFCHÂTEL-HARDELOT N°27,AUMALE N°12,1,11.80,,2026-02-01,2027-01-31,,,sanef-class1-2026
SANEF,NEUFCHÂTEL-HARDELOT N°27,BEAUVAIS CENTRE N°14,1,16.10,,2026-02-01,2027-01-31,,,sanef-class1-2026
SANEF,NEUFCHÂTEL-HARDELOT N°27,BEAUVAIS NORD N°15,1,15.90,,2026-02-01,2027-01-31,,,sanef-class1-2026
SANEF,NEUFCHÂTEL-HARDELOT N°27,BERCK N°25,1,2.20,,2026-02-01,2027-01-31,,,sanef-class1-2026
SANEF,NEUFCHÂTEL-HARDELOT N°27,BOULOGNE EST (péage d'Herquelingue),1,1.90,,2026-02-01,2027-01-31,,,sanef-class1-2026
SANEF,NEUFCHÂTEL-HARDELOT N°27,BOULOGNE SUD N°28,1,1.10,,2026-02-01,2027-01-31,,,sanef-class1-2026
SANEF,NEUFCHÂTEL-HARDELOT N°27,ESSERTAUX N°17,1,11.80,,2026-02-01,2027-01-31,,,sanef-class1-2026
SANEF,NEUFCHÂTEL-HARDELOT N°27,ETAPLES / LE TOUQUET N°26,1,1.20,,2026-02-01,2027-01-31,,,sanef-class1-2026
SANEF,NEUFCHÂTEL-HARDELOT N°27,HARDIVILLERS N°16,1,13.90,,2026-02-01,2027-01-31,,,sanef-class1-2026
SANEF,NEUFCHÂTEL-HARDELOT N°27,L'ISLE-ADAM (péage d'Amblainville),1,21.80,,2026-02-01,2027-01-31,,,sanef-class1-2026
SANEF,NEUFCHÂTEL-HARDELOT N°27,LA CÔTE PICARDE N°24 A16,1,4.30,,2026-02-01,2027-01-31,,,sanef-class1-2026
SANEF,NEUFCHÂTEL-HARDELOT N°27,MÉRU N°13,1,18.20,,2026-02-01,2027-01-31,,,sanef-class1-2026
SANEF,NEUFCHÂTEL-HARDELOT N°27,NEUFCHÂTEL-EN-BRAY (A28),1,13.30,,2026-02-01,2027-01-31,,,sanef-class1-2026
SANEF,NEUFCHÂTEL-HARDELOT N°27,POIX-DE-PICARDIE N°13 A29,1,11.40,,2026-02-01,2027-01-31,,,sanef-class1-2026
SANEF,NEUFCHÂTEL-HARDELOT N°27,SALOUËL N°18,1,11.10,,2026-02-01,2027-01-31,,,sanef-class1-2026
SANEF,NEUFCHÂTEL-HARDELOT N°27,VALLÉE DE LA NIÈVRE N°21,1,8.70,,2026-02-01,2027-01-31,,,sanef-class1-2026
SANEF,NŒUX-LES-MINES N°6.1 A26 NORD,AIRE-SUR-LA-LYS N°4,1,3.40,,2026-02-01,2027-01-31,,,sanef-class1-2026
SANEF,NŒUX-LES-MINES N°6.1 A26 NORD,ALBERT N°13.1,1,5.20,,2026-02-01,2027-01-31,,,sanef-class1-2026
SANEF,NŒUX-LES-MINES N°6.1 A26 NORD,AMIENS EST (péage de Jules Verne) A29,1,10.40,,2026-02-01,2027-01-31,,,sanef-class1-2026
SANEF,NŒUX-LES-MINES N°6.1 A26 NORD,ARRAS EST (A1) N°15,1,2.50,,2026-02-01,2027-01-31,,,sanef-class1-2026
SANEF,NŒUX-LES-MINES N°6.1 A26 NORD,ARRAS NORD (A26) N°7,1,1.40,,2026-02-01,2027-01-31,,,sanef-class1-2026
SANEF,NŒUX-LES-MINES N°6.1 A26 NORD,ATHIES N°54,1,7.10,,2026-02-01,2027-01-31,,,sanef-class1-2026
SANEF,NŒUX-LES-MINES N°6.1 A26 NORD,BAPAUME N°14 A1,1,4.20,,2026-02-01,2027-01-31,,,sanef-class1-2026
SANEF,NŒUX-LES-MINES N°6.1 A26 NORD,BÉTHUNE N°6,1,0.50,,2026-02-01,2027-01-31,,,sanef-class1-2026
SANEF,NŒUX-LES-MINES N°6.1 A26 NORD,CALAIS (péage de Setques),1,8.00,,2026-02-01,2027-01-31,,,sanef-class1-2026
SANEF,NŒUX-LES-MINES N°6.1 A26 NORD,CAMBRAI N°14,1,4.70,,2026-02-01,2027-01-31,,,sanef-class1-2026
SANEF,NŒUX-LES-MINES N°6.1 A26 NORD,COMPIÈGNE OUEST N°10,1,10.80,,2026-02-01,2027-01-31,,,sanef-class1-2026
SANEF,NŒUX-LES-MINES N°6.1 A26 NORD,GARE TGV N°53,1,6.50,,2026-02-01,2027-01-31,,,sanef-class1-2026
SANEF,NŒUX-LES-MINES N°6.1 A26 NORD,GUIGNICOURT N°14,1,13.60,,2026-02-01,2027-01-31,,,sanef-class1-2026
SANEF,NŒUX-LES-MINES N°6.1 A26 NORD,HORDAIN (péage d'Hordain) A2,1,5.60,,2026-02-01,2027-01-31,,,sanef-class1-2026
SANEF,NŒUX-LES-MINES N°6.1 A26 NORD,LA FÈRE N°12,1,9.30,,2026-02-01,2027-01-31,,,sanef-class1-2026
SANEF,NŒUX-LES-MINES N°6.1 A26 NORD,LAON N°13,1,11.70,,2026-02-01,2027-01-31,,,sanef-class1-2026
SANEF,NŒUX-LES-MINES N°6.1 A26 NORD,LILLE / DOURGES (péage de Fresnes),1,3.20,,2026-02-01,2027-01-31,,,sanef-class1-2026
SANEF,NŒUX-LES-MINES N°6.1 A26 NORD,LILLERS N°5,1,1.40,,2026-02-01,2027-01-31,,,sanef-class1-2026
SANEF,NŒUX-LES-MINES N°6.1 A26 NORD,LIÉVIN N°6.2,1,0.50,,2026-02-01,2027-01-31,,,sanef-class1-2026
SANEF,NŒUX-LES-MINES N°6.1 A26 NORD,MARQUION N°8,1,3.50,,2026-02-01,2027-01-31,,,sanef-class1-2026
SANEF,NŒUX-LES-MINES N°6.1 A26 NORD,MASNIÈRES N°9,1,5.10,,2026-02-01,2027-01-31,,,sanef-class1-2026
SANEF,NŒUX-LES-MINES N°6.1 A26 NORD,PARIS / ROISSY (péage de Chamant),1,17.20,,2026-02-01,2027-01-31,,,sanef-class1-2026
SANEF,NŒUX-LES-MINES N°6.1 A26 NORD,PONT-SAINTE-MAXENCE N°9,1,11.80,,2026-02-01,2027-01-31,,,sanef-class1-2026
SANEF,NŒUX-LES-MINES N°6.1 A26 NORD,PÉRONNE / VALLEE DE LA SOMME N°13,1,6.40,,2026-02-01,2027-01-31,,,sanef-class1-2026
SANEF,NŒUX-LES-MINES N°6.1 A26 NORD,REIMS (péage de Courcy),1,17.50,,2026-02-01,2027-01-31,,,sanef-class1-2026
SANEF,NŒUX-LES-MINES N°6.1 A26 NORD,RESSONS N°11,1,9.60,,2026-02-01,2027-01-31,,,sanef-class1-2026
SANEF,NŒUX-LES-MINES N°6.1 A26 NORD,ROYE N°12,1,8.50,,2026-02-01,2027-01-31,,,sanef-class1-2026
SANEF,NŒUX-LES-MINES N°6.1 A26 NORD,SAINT-OMER N°3,1,4.20,,2026-02-01,2027-01-31,,,sanef-class1-2026
SANEF,NŒUX-LES-MINES N°6.1 A26 NORD,SAINT-QUENTIN NORD N°10,1,7.60,,2026-02-01,2027-01-31,,,sanef-class1-2026
SANEF,NŒUX-LES-MINES N°6.1 A26 NORD,SAINT-QUENTIN SUD N°11,1,8.10,,2026-02-01,2027-01-31,,,sanef-class1-2026
SANEF,NŒUX-LES-MINES N°6.1 A26 NORD,SENLIS N°8,1,13.20,,2026-02-01,2027-01-31,,,sanef-class1-2026
SANEF,NŒUX-LES-MINES N°6.1 A26 NORD,VILLERS-BRETONNEUX N°52,1,8.30,,2026-02-01,2027-01-31,,,sanef-class1-2026
SANEF,PARIS / ROISSY (péage de Chamant),AIRE-SUR-LA-LYS N°4,1,20.70,,2026-02-01,2027-01-31,,,sanef-class1-2026
SANEF,PARIS / ROISSY (péage de Chamant),ALBERT N°13.1,1,11.00,,2026-02-01,2027-01-31,,,sanef-class1-2026
SANEF,PARIS / ROISSY (péage de Chamant),AMIENS EST (péage de Jules Verne) A29,1,11.90,,2026-02-01,2027-01-31,,,sanef-class1-2026
SANEF,PARIS / ROISSY (péage de Chamant),ARRAS EST (A1) N°15,1,15.60,,2026-02-01,2027-01-31,,,sanef-class1-2026
SANEF,PARIS / ROISSY (péage de Chamant),ARRAS NORD (A26) N°7,1,16.10,,2026-02-01,2027-01-31,,,sanef-class1-2026
SANEF,PARIS / ROISSY (péage de Chamant),ATHIES N°54,1,9.40,,2026-02-01,2027-01-31,,,sanef-class1-2026
SANEF,PARIS / ROISSY (péage de Chamant),BAPAUME N°14 A1,1,12.90,,2026-02-01,2027-01-31,,,sanef-class1-2026
SANEF,PARIS / ROISSY (péage de Chamant),BÉTHUNE N°6,1,18.70,,2026-02-01,2027-01-31,,,sanef-class1-2026
SANEF,PARIS / ROISSY (péage de Chamant),CALAIS (péage de Setques),1,25.20,,2026-02-01,2027-01-31,,,sanef-class1-2026
SANEF,PARIS / ROISSY (péage de Chamant),CAMBRAI N°14,1,14.90,,2026-02-01,2027-01-31,,,sanef-class1-2026
SANEF,PARIS / ROISSY (péage de Chamant),COMPIÈGNE OUEST N°10,1,4.90,,2026-02-01,2027-01-31,,,sanef-class1-2026
SANEF,PARIS / ROISSY (péage de Chamant),GARE TGV N°53,1,8.70,,2026-02-01,2027-01-31,,,sanef-class1-2026
SANEF,PARIS / ROISSY (péage de Chamant),GUIGNICOURT N°14,1,15.90,,2026-02-01,2027-01-31,,,sanef-class1-2026
SANEF,PARIS / ROISSY (péage de Chamant),HORDAIN (péage d'Hordain) A2,1,16.30,,2026-02-01,2027-01-31,,,sanef-class1-2026
SANEF,PARIS / ROISSY (péage de Chamant),LA FÈRE N°12,1,12.80,,2026-02-01,2027-01-31,,,sanef-class1-2026
SANEF,PARIS / ROISSY (péage de Chamant),LAON N°13,1,14.30,,2026-02-01,2027-01-31,,,sanef-class1-2026
SANEF,PARIS / ROISSY (péage de Chamant),LILLE / DOURGES (péage de Fresnes),1,18.90,,2026-02-01,2027-01-31,,,sanef-class1-2026
SANEF,PARIS / ROISSY (péage de Chamant),LILLERS N°5,1,19.50,,2026-02-01,2027-01-31,,,sanef-class1-2026
SANEF,PARIS / ROISSY (péage de Chamant),LIÉVIN N°6.2,1,16.60,,2026-02-01,2027-01-31,,,sanef-class1-2026
SANEF,PARIS / ROISSY (péage de Chamant),MARQUION N°8,1,12.90,,2026-02-01,2027-01-31,,,sanef-class1-2026
SANEF,PARIS / ROISSY (péage de Chamant),MASNIÈRES N°9,1,12.70,,2026-02-01,2027-01-31,,,sanef-class1-2026
SANEF,PARIS / ROISSY (péage de Chamant),NŒUX-LES-MINES N°6.1 A26 NORD,1,17.20,,2026-02-01,2027-01-31,,,sanef-class1-2026
SANEF,PARIS / ROISSY (péage de Chamant),PONT-SAINTE-MAXENCE N°9,1,3.80,,2026-02-01,2027-01-31,,,sanef-class1-2026
SANEF,PARIS / ROISSY (péage de Chamant),PÉRONNE / VALLEE DE LA SOMME N°13,1,10.60,,2026-02-01,2027-01-31,,,sanef-class1-2026
SANEF,PARIS / ROISSY (péage de Chamant),REIMS (péage de Courcy),1,17.70,,2026-02-01,2027-01-31,,,sanef-class1-2026
SANEF,PARIS / ROISSY (péage de Chamant),RESSONS N°11,1,6.20,,2026-02-01,2027-01-31,,,sanef-class1-2026
SANEF,PARIS / ROISSY (péage de Chamant),ROYE N°12,1,8.80,,2026-02-01,2027-01-31,,,sanef-class1-2026
SANEF,PARIS / ROISSY (péage de Chamant),SAINT-OMER N°3,1,22.50,,2026-02-01,2027-01-31,,,sanef-class1-2026
SANEF,PARIS / ROISSY (péage de Chamant),SAINT-QUENTIN NORD N°10,1,13.60,,2026-02-01,2027-01-31,,,sanef-class1-2026
SANEF,PARIS / ROISSY (péage de Chamant),SAINT-QUENTIN SUD N°11,1,12.60,,2026-02-01,2027-01-31,,,sanef-class1-2026
SANEF,PARIS / ROISSY (péage de Chamant),SENLIS N°8,1,2.20,,2026-02-01,2027-01-31,,,sanef-class1-2026
SANEF,PARIS / ROISSY (péage de Chamant),VILLERS-BRETONNEUX N°52,1,10.30,,2026-02-01,2027-01-31,,,sanef-class1-2026
SANEF,POIX-DE-PICARDIE N°13 A29,ABBEVILLE EST N°22,1,5.40,,2026-02-01,2027-01-31,,,sanef-class1-2026
SANEF,POIX-DE-PICARDIE N°13 A29,ABBEVILLE NORD N°23,1,6.00,,2026-02-01,2027-01-31,,,sanef-class1-2026
SANEF,POIX-DE-PICARDIE N°13 A29,AMIENS NORD N°20,1,2.50,,2026-02-01,2027-01-31,,,sanef-class1-2026
SANEF,POIX-DE-PICARDIE N°13 A29,AMIENS OUEST N°19,1,1.70,,2026-02-01,2027-01-31,,,sanef-class1-2026
SANEF,POIX-DE-PICARDIE N°13 A29,AMIENS SUD (péage de Dury),1,2.80,,2026-02-01,2027-01-31,,,sanef-class1-2026
SANEF,POIX-DE-PICARDIE N°13 A29,AUMALE N°12,1,1.70,,2026-02-01,2027-01-31,,,sanef-class1-2026
SANEF,POIX-DE-PICARDIE N°13 A29,BEAUVAIS CENTRE N°14,1,6.30,,2026-02-01,2027-01-31,,,sanef-class1-2026
SANEF,POIX-DE-PICARDIE N°13 A29,BEAUVAIS NORD N°15,1,5.70,,2026-02-01,2027-01-31,,,sanef-class1-2026
SANEF,POIX-DE-PICARDIE N°13 A29,BERCK N°25,1,8.80,,2026-02-01,2027-01-31,,,sanef-class1-2026
SANEF,POIX-DE-PICARDIE N°13 A29,BOULOGNE EST (péage d'Herquelingue),1,14.70,,2026-02-01,2027-01-31,,,sanef-class1-2026
SANEF,POIX-DE-PICARDIE N°13 A29,BOULOGNE SUD N°28,1,11.70,,2026-02-01,2027-01-31,,,sanef-class1-2026
SANEF,POIX-DE-PICARDIE N°13 A29,ESSERTAUX N°17,1,3.00,,2026-02-01,2027-01-31,,,sanef-class1-2026
SANEF,POIX-DE-PICARDIE N°13 A29,ETAPLES / LE TOUQUET N°26,1,9.90,,2026-02-01,2027-01-31,,,sanef-class1-2026
SANEF,POIX-DE-PICARDIE N°13 A29,HARDIVILLERS N°16,1,4.50,,2026-02-01,2027-01-31,,,sanef-class1-2026
SANEF,POIX-DE-PICARDIE N°13 A29,L'ISLE-ADAM (péage d'Amblainville),1,10.70,,2026-02-01,2027-01-31,,,sanef-class1-2026
SANEF,POIX-DE-PICARDIE N°13 A29,LA CÔTE PICARDE N°24 A16,1,7.90,,2026-02-01,2027-01-31,,,sanef-class1-2026
SANEF,POIX-DE-PICARDIE N°13 A29,MÉRU N°13,1,8.00,,2026-02-01,2027-01-31,,,sanef-class1-2026
SANEF,POIX-DE-PICARDIE N°13 A29,NEUFCHÂTEL-EN-BRAY (A28),1,3.40,,2026-02-01,2027-01-31,,,sanef-class1-2026
SANEF,POIX-DE-PICARDIE N°13 A29,NEUFCHÂTEL-HARDELOT N°27,1,11.40,,2026-02-01,2027-01-31,,,sanef-class1-2026
SANEF,POIX-DE-PICARDIE N°13 A29,SALOUËL N°18,1,1.70,,2026-02-01,2027-01-31,,,sanef-class1-2026
SANEF,POIX-DE-PICARDIE N°13 A29,VALLÉE DE LA NIÈVRE N°21,1,4.10,,2026-02-01,2027-01-31,,,sanef-class1-2026
SANEF,PONT-SAINTE-MAXENCE N°9,AIRE-SUR-LA-LYS N°4,1,15.30,,2026-02-01,2027-01-31,,,sanef-class1-2026
SANEF,PONT-SAINTE-MAXENCE N°9,ALBERT N°13.1,1,5.80,,2026-02-01,2027-01-31,,,sanef-class1-2026
SANEF,PONT-SAINTE-MAXENCE N°9,AMIENS EST (péage de Jules Verne) A29,1,8.50,,2026-02-01,2027-01-31,,,sanef-class1-2026
SANEF,PONT-SAINTE-MAXENCE N°9,ARRAS EST (A1) N°15,1,9.10,,2026-02-01,2027-01-31,,,sanef-class1-2026
SANEF,PONT-SAINTE-MAXENCE N°9,ARRAS NORD (A26) N°7,1,10.30,,2026-02-01,2027-01-31,,,sanef-class1-2026
SANEF,PONT-SAINTE-MAXENCE N°9,ATHIES N°54,1,5.90,,2026-02-01,2027-01-31,,,sanef-class1-2026
SANEF,PONT-SAINTE-MAXENCE N°9,BAPAUME N°14 A1,1,7.10,,2026-02-01,2027-01-31,,,sanef-class1-2026
SANEF,PONT-SAINTE-MAXENCE N°9,BÉTHUNE N°6,1,12.60,,2026-02-01,2027-01-31,,,sanef-class1-2026
SANEF,PONT-SAINTE-MAXENCE N°9,CALAIS (péage de Setques),1,19.00,,2026-02-01,2027-01-31,,,sanef-class1-2026
SANEF,PONT-SAINTE-MAXENCE N°9,CAMBRAI N°14,1,9.00,,2026-02-01,2027-01-31,,,sanef-class1-2026
SANEF,PONT-SAINTE-MAXENCE N°9,COMPIÈGNE OUEST N°10,1,0.70,,2026-02-01,2027-01-31,,,sanef-class1-2026
SANEF,PONT-SAINTE-MAXENCE N°9,GARE TGV N°53,1,4.60,,2026-02-01,2027-01-31,,,sanef-class1-2026
SANEF,PONT-SAINTE-MAXENCE N°9,GUIGNICOURT N°14,1,12.50,,2026-02-01,2027-01-31,,,sanef-class1-2026
SANEF,PONT-SAINTE-MAXENCE N°9,HORDAIN (péage d'Hordain) A2,1,10.80,,2026-02-01,2027-01-31,,,sanef-class1-2026
SANEF,PONT-SAINTE-MAXENCE N°9,LA FÈRE N°12,1,8.90,,2026-02-01,2027-01-31,,,sanef-class1-2026
SANEF,PONT-SAINTE-MAXENCE N°9,LAON N°13,1,9.90,,2026-02-01,2027-01-31,,,sanef-class1-2026
SANEF,PONT-SAINTE-MAXENCE N°9,LILLE / DOURGES (péage de Fresnes),1,12.70,,2026-02-01,2027-01-31,,,sanef-class1-2026
SANEF,PONT-SAINTE-MAXENCE N°9,LILLERS N°5,1,13.70,,2026-02-01,2027-01-31,,,sanef-class1-2026
SANEF,PONT-SAINTE-MAXENCE N°9,LIÉVIN N°6.2,1,11.00,,2026-02-01,2027-01-31,,,sanef-class1-2026
SANEF,PONT-SAINTE-MAXENCE N°9,MARQUION N°8,1,8.90,,2026-02-01,2027-01-31,,,sanef-class1-2026
SANEF,PONT-SAINTE-MAXENCE N°9,MASNIÈRES N°9,1,8.60,,2026-02-01,2027-01-31,,,sanef-class1-2026
SANEF,PONT-SAINTE-MAXENCE N°9,NŒUX-LES-MINES N°6.1 A26 NORD,1,11.80,,2026-02-01,2027-01-31,,,sanef-class1-2026
SANEF,PONT-SAINTE-MAXENCE N°9,PARIS / ROISSY (péage de Chamant),1,3.80,,2026-02-01,2027-01-31,,,sanef-class1-2026
SANEF,PONT-SAINTE-MAXENCE N°9,PÉRONNE / VALLEE DE LA SOMME N°13,1,5.30,,2026-02-01,2027-01-31,,,sanef-class1-2026
SANEF,PONT-SAINTE-MAXENCE N°9,REIMS (péage de Courcy),1,14.70,,2026-02-01,2027-01-31,,,sanef-class1-2026
SANEF,PONT-SAINTE-MAXENCE N°9,RESSONS N°11,1,1.70,,2026-02-01,2027-01-31,,,sanef-class1-2026
SANEF,PONT-SAINTE-MAXENCE N°9,ROYE N°12,1,3.90,,2026-02-01,2027-01-31,,,sanef-class1-2026
SANEF,PONT-SAINTE-MAXENCE N°9,SAINT-OMER N°3,1,16.40,,2026-02-01,2027-01-31,,,sanef-class1-2026
SANEF,PONT-SAINTE-MAXENCE N°9,SAINT-QUENTIN NORD N°10,1,8.70,,2026-02-01,2027-01-31,,,sanef-class1-2026
SANEF,PONT-SAINTE-MAXENCE N°9,SAINT-QUENTIN SUD N°11,1,8.60,,2026-02-01,2027-01-31,,,sanef-class1-2026
SANEF,PONT-SAINTE-MAXENCE N°9,SENLIS N°8,1,1.50,,2026-02-01,2027-01-31,,,sanef-class1-2026
SANEF,PONT-SAINTE-MAXENCE N°9,VILLERS-BRETONNEUX N°52,1,6.30,,2026-02-01,2027-01-31,,,sanef-class1-2026
SANEF,PÉRONNE / VALLEE DE LA SOMME N°13,AIRE-SUR-LA-LYS N°4,1,9.00,,2026-02-01,2027-01-31,,,sanef-class1-2026
SANEF,PÉRONNE / VALLEE DE LA SOMME N°13,ALBERT N°13.1,1,0.70,,2026-02-01,2027-01-31,,,sanef-class1-2026
SANEF,PÉRONNE / VALLEE DE LA SOMME N°13,AMIENS EST (péage de Jules Verne) A29,1,3.60,,2026-02-01,2027-01-31,,,sanef-class1-2026
SANEF,PÉRONNE / VALLEE DE LA SOMME N°13,ARRAS EST (A1) N°15,1,3.90,,2026-02-01,2027-01-31,,,sanef-class1-2026
SANEF,PÉRONNE / VALLEE DE LA SOMME N°13,ARRAS NORD (A26) N°7,1,4.50,,2026-02-01,2027-01-31,,,sanef-class1-2026
SANEF,PÉRONNE / VALLEE DE LA SOMME N°13,ATHIES N°54,1,1.20,,2026-02-01,2027-01-31,,,sanef-class1-2026
SANEF,PÉRONNE / VALLEE DE LA SOMME N°13,BAPAUME N°14 A1,1,2.10,,2026-02-01,2027-01-31,,,sanef-class1-2026
SANEF,PÉRONNE / VALLEE DE LA SOMME N°13,BÉTHUNE N°6,1,7.00,,2026-02-01,2027-01-31,,,sanef-class1-2026
SANEF,PÉRONNE / VALLEE DE LA SOMME N°13,CALAIS (péage de Setques),1,12.40,,2026-02-01,2027-01-31,,,sanef-class1-2026
SANEF,PÉRONNE / VALLEE DE LA SOMME N°13,CAMBRAI N°14,1,3.40,,2026-02-01,2027-01-31,,,sanef-class1-2026
SANEF,PÉRONNE / VALLEE DE LA SOMME N°13,COMPIÈGNE OUEST N°10,1,4.60,,2026-02-01,2027-01-31,,,sanef-class1-2026
SANEF,PÉRONNE / VALLEE DE LA SOMME N°13,GARE TGV N°53,1,0.30,,2026-02-01,2027-01-31,,,sanef-class1-2026
SANEF,PÉRONNE / VALLEE DE LA SOMME N°13,GUIGNICOURT N°14,1,8.20,,2026-02-01,2027-01-31,,,sanef-class1-2026
SANEF,PÉRONNE / VALLEE DE LA SOMME N°13,HORDAIN (péage d'Hordain) A2,1,4.70,,2026-02-01,2027-01-31,,,sanef-class1-2026
SANEF,PÉRONNE / VALLEE DE LA SOMME N°13,LA FÈRE N°12,1,4.70,,2026-02-01,2027-01-31,,,sanef-class1-2026
SANEF,PÉRONNE / VALLEE DE LA SOMME N°13,LAON N°13,1,5.80,,2026-02-01,2027-01-31,,,sanef-class1-2026
SANEF,PÉRONNE / VALLEE DE LA SOMME N°13,LILLE / DOURGES (péage de Fresnes),1,5.50,,2026-02-01,2027-01-31,,,sanef-class1-2026
SANEF,PÉRONNE / VALLEE DE LA SOMME N°13,LILLERS N°5,1,7.20,,2026-02-01,2027-01-31,,,sanef-class1-2026
SANEF,PÉRONNE / VALLEE DE LA SOMME N°13,LIÉVIN N°6.2,1,5.50,,2026-02-01,2027-01-31,,,sanef-class1-2026
SANEF,PÉRONNE / VALLEE DE LA SOMME N°13,MARQUION N°8,1,4.50,,2026-02-01,2027-01-31,,,sanef-class1-2026
SANEF,PÉRONNE / VALLEE DE LA SOMME N°13,MASNIÈRES N°9,1,3.60,,2026-02-01,2027-01-31,,,sanef-class1-2026
SANEF,PÉRONNE / VALLEE DE LA SOMME N°13,NŒUX-LES-MINES N°6.1 A26 NORD,1,6.40,,2026-02-01,2027-01-31,,,sanef-class1-2026
SANEF,PÉRONNE / VALLEE DE LA SOMME N°13,PARIS / ROISSY (péage de Chamant),1,10.60,,2026-02-01,2027-01-31,,,sanef-class1-2026
SANEF,PÉRONNE / VALLEE DE LA SOMME N°13,PONT-SAINTE-MAXENCE N°9,1,5.30,,2026-02-01,2027-01-31,,,sanef-class1-2026
SANEF,PÉRONNE / VALLEE DE LA SOMME N°13,REIMS (péage de Courcy),1,10.40,,2026-02-01,2027-01-31,,,sanef-class1-2026
SANEF,PÉRONNE / VALLEE DE LA SOMME N°13,RESSONS N°11,1,3.80,,2026-02-01,2027-01-31,,,sanef-class1-2026
SANEF,PÉRONNE / VALLEE DE LA SOMME N°13,ROYE N°12,1,1.50,,2026-02-01,2027-01-31,,,sanef-class1-2026
SANEF,PÉRONNE / VALLEE DE LA SOMME N°13,SAINT-OMER N°3,1,9.80,,2026-02-01,2027-01-31,,,sanef-class1-2026
SANEF,PÉRONNE / VALLEE DE LA SOMME N°13,SAINT-QUENTIN NORD N°10,1,3.60,,2026-02-01,2027-01-31,,,sanef-class1-2026
SANEF,PÉRONNE / VALLEE DE LA SOMME N°13,SAINT-QUENTIN SUD N°11,1,3.70,,2026-02-01,2027-01-31,,,sanef-class1-2026
SANEF,PÉRONNE / VALLEE DE LA SOMME N°13,SENLIS N°8,1,7.00,,2026-02-01,2027-01-31,,,sanef-class1-2026
SANEF,PÉRONNE / VALLEE DE LA SOMME N°13,VILLERS-BRETONNEUX N°52,1,2.00,,2026-02-01,2027-01-31,,,sanef-class1-2026
SANEF,REIMS (péage de Courcy),AIRE-SUR-LA-LYS N°4,1,21.50,,2026-02-01,2027-01-31,,,sanef-class1-2026
SANEF,REIMS (péage de Courcy),ALBERT N°13.1,1,12.00,,2026-02-01,2027-01-31,,,sanef-class1-2026
SANEF,REIMS (péage de Courcy),AMIENS EST (péage de Jules Verne) A29,1,14.80,,2026-02-01,2027-01-31,,,sanef-class1-2026
SANEF,REIMS (péage de Courcy),ARRAS EST (A1) N°15,1,14.50,,2026-02-01,2027-01-31,,,sanef-class1-2026
SANEF,REIMS (péage de Courcy),ARRAS NORD (A26) N°7,1,16.10,,2026-02-01,2027-01-31,,,sanef-class1-2026
SANEF,REIMS (péage de Courcy),ATHIES N°54,1,9.50,,2026-02-01,2027-01-31,,,sanef-class1-2026
SANEF,REIMS (péage de Courcy),BAPAUME N°14 A1,1,14.70,,2026-02-01,2027-01-31,,,sanef-class1-2026
SANEF,REIMS (péage de Courcy),BÉTHUNE N°6,1,18.20,,2026-02-01,2027-01-31,,,sanef-class1-2026
SANEF,REIMS (péage de Courcy),CALAIS (péage de Setques),1,26.60,,2026-02-01,2027-01-31,,,sanef-class1-2026
SANEF,REIMS (péage de Courcy),CAMBRAI N°14,1,12.50,,2026-02-01,2027-01-31,,,sanef-class1-2026
SANEF,REIMS (péage de Courcy),COMPIÈGNE OUEST N°10,1,14.40,,2026-02-01,2027-01-31,,,sanef-class1-2026
SANEF,REIMS (péage de Courcy),GARE TGV N°53,1,10.70,,2026-02-01,2027-01-31,,,sanef-class1-2026
SANEF,REIMS (péage de Courcy),GUIGNICOURT N°14,1,2.40,,2026-02-01,2027-01-31,,,sanef-class1-2026
SANEF,REIMS (péage de Courcy),HORDAIN (péage d'Hordain) A2,1,14.60,,2026-02-01,2027-01-31,,,sanef-class1-2026
SANEF,REIMS (péage de Courcy),LA FÈRE N°12,1,6.80,,2026-02-01,2027-01-31,,,sanef-class1-2026
SANEF,REIMS (péage de Courcy),LAON N°13,1,4.80,,2026-02-01,2027-01-31,,,sanef-class1-2026
SANEF,REIMS (péage de Courcy),LILLE / DOURGES (péage de Fresnes),1,18.50,,2026-02-01,2027-01-31,,,sanef-class1-2026
SANEF,REIMS (péage de Courcy),LILLERS N°5,1,20.00,,2026-02-01,2027-01-31,,,sanef-class1-2026
SANEF,REIMS (péage de Courcy),LIÉVIN N°6.2,1,16.60,,2026-02-01,2027-01-31,,,sanef-class1-2026
SANEF,REIMS (péage de Courcy),MARQUION N°8,1,13.30,,2026-02-01,2027-01-31,,,sanef-class1-2026
SANEF,REIMS (péage de Courcy),MASNIÈRES N°9,1,11.80,,2026-02-01,2027-01-31,,,sanef-class1-2026
SANEF,REIMS (péage de Courcy),NŒUX-LES-MINES N°6.1 A26 NORD,1,17.50,,2026-02-01,2027-01-31,,,sanef-class1-2026
SANEF,REIMS (péage de Courcy),PARIS / ROISSY (péage de Chamant),1,17.70,,2026-02-01,2027-01-31,,,sanef-class1-2026
SANEF,REIMS (péage de Courcy),PONT-SAINTE-MAXENCE N°9,1,14.70,,2026-02-01,2027-01-31,,,sanef-class1-2026
SANEF,REIMS (péage de Courcy),PÉRONNE / VALLEE DE LA SOMME N°13,1,10.40,,2026-02-01,2027-01-31,,,sanef-class1-2026
SANEF,REIMS (péage de Courcy),RESSONS N°11,1,14.00,,2026-02-01,2027-01-31,,,sanef-class1-2026
SANEF,REIMS (péage de Courcy),ROYE N°12,1,12.60,,2026-02-01,2027-01-31,,,sanef-class1-2026
SANEF,REIMS (péage de Courcy),SAINT-OMER N°3,1,22.60,,2026-02-01,2027-01-31,,,sanef-class1-2026
SANEF,REIMS (péage de Courcy),SAINT-QUENTIN NORD N°10,1,9.80,,2026-02-01,2027-01-31,,,sanef-class1-2026
SANEF,REIMS (péage de Courcy),SAINT-QUENTIN SUD N°11,1,8.60,,2026-02-01,2027-01-31,,,sanef-class1-2026
SANEF,REIMS (péage de Courcy),SENLIS N°8,1,15.10,,2026-02-01,2027-01-31,,,sanef-class1-2026
SANEF,REIMS (péage de Courcy),VILLERS-BRETONNEUX N°52,1,13.20,,2026-02-01,2027-01-31,,,sanef-class1-2026
SANEF,RESSONS N°11,AIRE-SUR-LA-LYS N°4,1,12.50,,2026-02-01,2027-01-31,,,sanef-class1-2026
SANEF,RESSONS N°11,ALBERT N°13.1,1,4.20,,2026-02-01,2027-01-31,,,sanef-class1-2026
SANEF,RESSONS N°11,AMIENS EST (péage de Jules Verne) A29,1,6.50,,2026-02-01,2027-01-31,,,sanef-class1-2026
SANEF,RESSONS N°11,ARRAS EST (A1) N°15,1,7.20,,2026-02-01,2027-01-31,,,sanef-class1-2026
SANEF,RESSONS N°11,ARRAS NORD (A26) N°7,1,8.50,,2026-02-01,2027-01-31,,,sanef-class1-2026
SANEF,RESSONS N°11,ATHIES N°54,1,4.20,,2026-02-01,2027-01-31,,,sanef-class1-2026
SANEF,RESSONS N°11,BAPAUME N°14 A1,1,5.30,,2026-02-01,2027-01-31,,,sanef-class1-2026
SANEF,RESSONS N°11,BÉTHUNE N°6,1,10.20,,2026-02-01,2027-01-31,,,sanef-class1-2026
SANEF,RESSONS N°11,CALAIS (péage de Setques),1,17.70,,2026-02-01,2027-01-31,,,sanef-class1-2026
SANEF,RESSONS N°11,CAMBRAI N°14,1,6.80,,2026-02-01,2027-01-31,,,sanef-class1-2026
SANEF,RESSONS N°11,COMPIÈGNE OUEST N°10,1,1.00,,2026-02-01,2027-01-31,,,sanef-class1-2026
SANEF,RESSONS N°11,GARE TGV N°53,1,3.00,,2026-02-01,2027-01-31,,,sanef-class1-2026
SANEF,RESSONS N°11,GUIGNICOURT N°14,1,10.50,,2026-02-01,2027-01-31,,,sanef-class1-2026
SANEF,RESSONS N°11,HORDAIN (péage d'Hordain) A2,1,9.00,,2026-02-01,2027-01-31,,,sanef-class1-2026
SANEF,RESSONS N°11,LA FÈRE N°12,1,7.10,,2026-02-01,2027-01-31,,,sanef-class1-2026
SANEF,RESSONS N°11,LAON N°13,1,8.60,,2026-02-01,2027-01-31,,,sanef-class1-2026
SANEF,RESSONS N°11,LILLE / DOURGES (péage de Fresnes),1,10.30,,2026-02-01,2027-01-31,,,sanef-class1-2026
SANEF,RESSONS N°11,LILLERS N°5,1,11.00,,2026-02-01,2027-01-31,,,sanef-class1-2026
SANEF,RESSONS N°11,LIÉVIN N°6.2,1,9.10,,2026-02-01,2027-01-31,,,sanef-class1-2026
SANEF,RESSONS N°11,MARQUION N°8,1,7.30,,2026-02-01,2027-01-31,,,sanef-class1-2026
SANEF,RESSONS N°11,MASNIÈRES N°9,1,6.70,,2026-02-01,2027-01-31,,,sanef-class1-2026
SANEF,RESSONS N°11,NŒUX-LES-MINES N°6.1 A26 NORD,1,9.60,,2026-02-01,2027-01-31,,,sanef-class1-2026
SANEF,RESSONS N°11,PARIS / ROISSY (péage de Chamant),1,6.20,,2026-02-01,2027-01-31,,,sanef-class1-2026
SANEF,RESSONS N°11,PONT-SAINTE-MAXENCE N°9,1,1.70,,2026-02-01,2027-01-31,,,sanef-class1-2026
SANEF,RESSONS N°11,PÉRONNE / VALLEE DE LA SOMME N°13,1,3.80,,2026-02-01,2027-01-31,,,sanef-class1-2026
SANEF,RESSONS N°11,REIMS (péage de Courcy),1,14.00,,2026-02-01,2027-01-31,,,sanef-class1-2026
SANEF,RESSONS N°11,ROYE N°12,1,1.70,,2026-02-01,2027-01-31,,,sanef-class1-2026
SANEF,RESSONS N°11,SAINT-OMER N°3,1,13.80,,2026-02-01,2027-01-31,,,sanef-class1-2026
SANEF,RESSONS N°11,SAINT-QUENTIN NORD N°10,1,6.80,,2026-02-01,2027-01-31,,,sanef-class1-2026
SANEF,RESSONS N°11,SAINT-QUENTIN SUD N°11,1,6.10,,2026-02-01,2027-01-31,,,sanef-class1-2026
SANEF,RESSONS N°11,SENLIS N°8,1,3.10,,2026-02-01,2027-01-31,,,sanef-class1-2026
SANEF,RESSONS N°11,VILLERS-BRETONNEUX N°52,1,4.70,,2026-02-01,2027-01-31,,,sanef-class1-2026
SANEF,ROYE N°12,AIRE-SUR-LA-LYS N°4,1,11.10,,2026-02-01,2027-01-31,,,sanef-class1-2026
SANEF,ROYE N°12,ALBERT N°13.1,1,2.40,,2026-02-01,2027-01-31,,,sanef-class1-2026
SANEF,ROYE N°12,AMIENS EST (péage de Jules Verne) A29,1,4.50,,2026-02-01,2027-01-31,,,sanef-class1-2026
SANEF,ROYE N°12,ARRAS EST (A1) N°15,1,5.70,,2026-02-01,2027-01-31,,,sanef-class1-2026
SANEF,ROYE N°12,ARRAS NORD (A26) N°7,1,6.00,,2026-02-01,2027-01-31,,,sanef-class1-2026
SANEF,ROYE N°12,ATHIES N°54,1,2.20,,2026-02-01,2027-01-31,,,sanef-class1-2026
SANEF,ROYE N°12,BAPAUME N°14 A1,1,4.00,,2026-02-01,2027-01-31,,,sanef-class1-2026
SANEF,ROYE N°12,BÉTHUNE N°6,1,8.70,,2026-02-01,2027-01-31,,,sanef-class1-2026
SANEF,ROYE N°12,CALAIS (péage de Setques),1,15.00,,2026-02-01,2027-01-31,,,sanef-class1-2026
SANEF,ROYE N°12,CAMBRAI N°14,1,5.10,,2026-02-01,2027-01-31,,,sanef-class1-2026
SANEF,ROYE N°12,COMPIÈGNE OUEST N°10,1,2.90,,2026-02-01,2027-01-31,,,sanef-class1-2026
SANEF,ROYE N°12,GARE TGV N°53,1,1.30,,2026-02-01,2027-01-31,,,sanef-class1-2026
SANEF,ROYE N°12,GUIGNICOURT N°14,1,9.60,,2026-02-01,2027-01-31,,,sanef-class1-2026
SANEF,ROYE N°12,HORDAIN (péage d'Hordain) A2,1,7.40,,2026-02-01,2027-01-31,,,sanef-class1-2026
SANEF,ROYE N°12,LA FÈRE N°12,1,5.80,,2026-02-01,2027-01-31,,,sanef-class1-2026
SANEF,ROYE N°12,LAON N°13,1,7.20,,2026-02-01,2027-01-31,,,sanef-class1-2026
SANEF,ROYE N°12,LILLE / DOURGES (péage de Fresnes),1,8.50,,2026-02-01,2027-01-31,,,sanef-class1-2026
SANEF,ROYE N°12,LILLERS N°5,1,9.60,,2026-02-01,2027-01-31,,,sanef-class1-2026
SANEF,ROYE N°12,LIÉVIN N°6.2,1,7.90,,2026-02-01,2027-01-31,,,sanef-class1-2026
SANEF,ROYE N°12,MARQUION N°8,1,6.20,,2026-02-01,2027-01-31,,,sanef-class1-2026
SANEF,ROYE N°12,MASNIÈRES N°9,1,5.10,,2026-02-01,2027-01-31,,,sanef-class1-2026
SANEF,ROYE N°12,NŒUX-LES-MINES N°6.1 A26 NORD,1,8.50,,2026-02-01,2027-01-31,,,sanef-class1-2026
SANEF,ROYE N°12,PARIS / ROISSY (péage de Chamant),1,8.80,,2026-02-01,2027-01-31,,,sanef-class1-2026
SANEF,ROYE N°12,PONT-SAINTE-MAXENCE N°9,1,3.90,,2026-02-01,2027-01-31,,,sanef-class1-2026
SANEF,ROYE N°12,PÉRONNE / VALLEE DE LA SOMME N°13,1,1.50,,2026-02-01,2027-01-31,,,sanef-class1-2026
SANEF,ROYE N°12,REIMS (péage de Courcy),1,12.60,,2026-02-01,2027-01-31,,,sanef-class1-2026
SANEF,ROYE N°12,RESSONS N°11,1,1.70,,2026-02-01,2027-01-31,,,sanef-class1-2026
SANEF,ROYE N°12,SAINT-OMER N°3,1,11.70,,2026-02-01,2027-01-31,,,sanef-class1-2026
SANEF,ROYE N°12,SAINT-QUENTIN NORD N°10,1,4.80,,2026-02-01,2027-01-31,,,sanef-class1-2026
SANEF,ROYE N°12,SAINT-QUENTIN SUD N°11,1,4.60,,2026-02-01,2027-01-31,,,sanef-class1-2026
SANEF,ROYE N°12,SENLIS N°8,1,6.00,,2026-02-01,2027-01-31,,,sanef-class1-2026
SANEF,ROYE N°12,VILLERS-BRETONNEUX N°52,1,3.00,,2026-02-01,2027-01-31,,,sanef-class1-2026
SANEF,SAINT-OMER N°3,AIRE-SUR-LA-LYS N°4,1,0.80,,2026-02-01,2027-01-31,,,sanef-class1-2026
SANEF,SAINT-OMER N°3,ALBERT N°13.1,1,9.40,,2026-02-01,2027-01-31,,,sanef-class1-2026
SANEF,SAINT-OMER N°3,AMIENS EST (péage de Jules Verne) A29,1,13.70,,2026-02-01,2027-01-31,,,sanef-class1-2026
SANEF,SAINT-OMER N°3,ARRAS EST (A1) N°15,1,6.60,,2026-02-01,2027-01-31,,,sanef-class1-2026
SANEF,SAINT-OMER N°3,ARRAS NORD (A26) N°7,1,6.20,,2026-02-01,2027-01-31,,,sanef-class1-2026
SANEF,SAINT-OMER N°3,ATHIES N°54,1,10.60,,2026-02-01,2027-01-31,,,sanef-class1-2026
SANEF,SAINT-OMER N°3,BAPAUME N°14 A1,1,8.40,,2026-02-01,2027-01-31,,,sanef-class1-2026
SANEF,SAINT-OMER N°3,BÉTHUNE N°6,1,3.80,,2026-02-01,2027-01-31,,,sanef-class1-2026
SANEF,SAINT-OMER N°3,CALAIS (péage de Setques),1,2.80,,2026-02-01,2027-01-31,,,sanef-class1-2026
SANEF,SAINT-OMER N°3,CAMBRAI N°14,1,8.70,,2026-02-01,2027-01-31,,,sanef-class1-2026
SANEF,SAINT-OMER N°3,COMPIÈGNE OUEST N°10,1,15.50,,2026-02-01,2027-01-31,,,sanef-class1-2026
SANEF,SAINT-OMER N°3,GARE TGV N°53,1,10.10,,2026-02-01,2027-01-31,,,sanef-class1-2026
SANEF,SAINT-OMER N°3,GUIGNICOURT N°14,1,18.40,,2026-02-01,2027-01-31,,,sanef-class1-2026
SANEF,SAINT-OMER N°3,HORDAIN (péage d'Hordain) A2,1,10.60,,2026-02-01,2027-01-31,,,sanef-class1-2026
SANEF,SAINT-OMER N°3,LA FÈRE N°12,1,13.90,,2026-02-01,2027-01-31,,,sanef-class1-2026
SANEF,SAINT-OMER N°3,LAON N°13,1,15.60,,2026-02-01,2027-01-31,,,sanef-class1-2026
SANEF,SAINT-OMER N°3,LILLE / DOURGES (péage de Fresnes),1,7.80,,2026-02-01,2027-01-31,,,sanef-class1-2026
SANEF,SAINT-OMER N°3,LILLERS N°5,1,2.50,,2026-02-01,2027-01-31,,,sanef-class1-2026
SANEF,SAINT-OMER N°3,LIÉVIN N°6.2,1,4.60,,2026-02-01,2027-01-31,,,sanef-class1-2026
SANEF,SAINT-OMER N°3,MARQUION N°8,1,8.60,,2026-02-01,2027-01-31,,,sanef-class1-2026
SANEF,SAINT-OMER N°3,MASNIÈRES N°9,1,9.50,,2026-02-01,2027-01-31,,,sanef-class1-2026
SANEF,SAINT-OMER N°3,NŒUX-LES-MINES N°6.1 A26 NORD,1,4.20,,2026-02-01,2027-01-31,,,sanef-class1-2026
SANEF,SAINT-OMER N°3,PARIS / ROISSY (péage de Chamant),1,22.50,,2026-02-01,2027-01-31,,,sanef-class1-2026
SANEF,SAINT-OMER N°3,PONT-SAINTE-MAXENCE N°9,1,16.40,,2026-02-01,2027-01-31,,,sanef-class1-2026
SANEF,SAINT-OMER N°3,PÉRONNE / VALLEE DE LA SOMME N°13,1,9.80,,2026-02-01,2027-01-31,,,sanef-class1-2026
SANEF,SAINT-OMER N°3,REIMS (péage de Courcy),1,22.60,,2026-02-01,2027-01-31,,,sanef-class1-2026
SANEF,SAINT-OMER N°3,RESSONS N°11,1,13.80,,2026-02-01,2027-01-31,,,sanef-class1-2026
SANEF,SAINT-OMER N°3,ROYE N°12,1,11.70,,2026-02-01,2027-01-31,,,sanef-class1-2026
SANEF,SAINT-OMER N°3,SAINT-QUENTIN NORD N°10,1,11.70,,2026-02-01,2027-01-31,,,sanef-class1-2026
SANEF,SAINT-OMER N°3,SAINT-QUENTIN SUD N°11,1,12.40,,2026-02-01,2027-01-31,,,sanef-class1-2026
SANEF,SAINT-OMER N°3,SENLIS N°8,1,18.20,,2026-02-01,2027-01-31,,,sanef-class1-2026
SANEF,SAINT-OMER N°3,VILLERS-BRETONNEUX N°52,1,10.90,,2026-02-01,2027-01-31,,,sanef-class1-2026
SANEF,SAINT-QUENTIN NORD N°10,AIRE-SUR-LA-LYS N°4,1,11.00,,2026-02-01,2027-01-31,,,sanef-class1-2026
SANEF,SAINT-QUENTIN NORD N°10,ALBERT N°13.1,1,4.50,,2026-02-01,2027-01-31,,,sanef-class1-2026
SANEF,SAINT-QUENTIN NORD N°10,AMIENS EST (péage de Jules Verne) A29,1,6.50,,2026-02-01,2027-01-31,,,sanef-class1-2026
SANEF,SAINT-QUENTIN NORD N°10,ARRAS EST (A1) N°15,1,5.40,,2026-02-01,2027-01-31,,,sanef-class1-2026
SANEF,SAINT-QUENTIN NORD N°10,ARRAS NORD (A26) N°7,1,6.20,,2026-02-01,2027-01-31,,,sanef-class1-2026
SANEF,SAINT-QUENTIN NORD N°10,ATHIES N°54,1,1.80,,2026-02-01,2027-01-31,,,sanef-class1-2026
SANEF,SAINT-QUENTIN NORD N°10,BAPAUME N°14 A1,1,6.10,,2026-02-01,2027-01-31,,,sanef-class1-2026
SANEF,SAINT-QUENTIN NORD N°10,BÉTHUNE N°6,1,8.00,,2026-02-01,2027-01-31,,,sanef-class1-2026
SANEF,SAINT-QUENTIN NORD N°10,CALAIS (péage de Setques),1,15.40,,2026-02-01,2027-01-31,,,sanef-class1-2026
SANEF,SAINT-QUENTIN NORD N°10,CAMBRAI N°14,1,3.10,,2026-02-01,2027-01-31,,,sanef-class1-2026
SANEF,SAINT-QUENTIN NORD N°10,COMPIÈGNE OUEST N°10,1,8.00,,2026-02-01,2027-01-31,,,sanef-class1-2026
SANEF,SAINT-QUENTIN NORD N°10,GARE TGV N°53,1,3.10,,2026-02-01,2027-01-31,,,sanef-class1-2026
SANEF,SAINT-QUENTIN NORD N°10,GUIGNICOURT N°14,1,6.20,,2026-02-01,2027-01-31,,,sanef-class1-2026
SANEF,SAINT-QUENTIN NORD N°10,HORDAIN (péage d'Hordain) A2,1,4.90,,2026-02-01,2027-01-31,,,sanef-class1-2026
SANEF,SAINT-QUENTIN NORD N°10,LA FÈRE N°12,1,2.00,,2026-02-01,2027-01-31,,,sanef-class1-2026
SANEF,SAINT-QUENTIN NORD N°10,LAON N°13,1,3.90,,2026-02-01,2027-01-31,,,sanef-class1-2026
SANEF,SAINT-QUENTIN NORD N°10,LILLE / DOURGES (péage de Fresnes),1,7.00,,2026-02-01,2027-01-31,,,sanef-class1-2026
SANEF,SAINT-QUENTIN NORD N°10,LILLERS N°5,1,9.30,,2026-02-01,2027-01-31,,,sanef-class1-2026
SANEF,SAINT-QUENTIN NORD N°10,LIÉVIN N°6.2,1,7.10,,2026-02-01,2027-01-31,,,sanef-class1-2026
SANEF,SAINT-QUENTIN NORD N°10,MARQUION N°8,1,3.20,,2026-02-01,2027-01-31,,,sanef-class1-2026
SANEF,SAINT-QUENTIN NORD N°10,MASNIÈRES N°9,1,2.00,,2026-02-01,2027-01-31,,,sanef-class1-2026
SANEF,SAINT-QUENTIN NORD N°10,NŒUX-LES-MINES N°6.1 A26 NORD,1,7.60,,2026-02-01,2027-01-31,,,sanef-class1-2026
SANEF,SAINT-QUENTIN NORD N°10,PARIS / ROISSY (péage de Chamant),1,13.60,,2026-02-01,2027-01-31,,,sanef-class1-2026
SANEF,SAINT-QUENTIN NORD N°10,PONT-SAINTE-MAXENCE N°9,1,8.70,,2026-02-01,2027-01-31,,,sanef-class1-2026
SANEF,SAINT-QUENTIN NORD N°10,PÉRONNE / VALLEE DE LA SOMME N°13,1,3.60,,2026-02-01,2027-01-31,,,sanef-class1-2026
SANEF,SAINT-QUENTIN NORD N°10,REIMS (péage de Courcy),1,9.80,,2026-02-01,2027-01-31,,,sanef-class1-2026
SANEF,SAINT-QUENTIN NORD N°10,RESSONS N°11,1,6.80,,2026-02-01,2027-01-31,,,sanef-class1-2026
SANEF,SAINT-QUENTIN NORD N°10,ROYE N°12,1,4.80,,2026-02-01,2027-01-31,,,sanef-class1-2026
SANEF,SAINT-QUENTIN NORD N°10,SAINT-OMER N°3,1,11.70,,2026-02-01,2027-01-31,,,sanef-class1-2026
SANEF,SAINT-QUENTIN NORD N°10,SAINT-QUENTIN SUD N°11,1,0.80,,2026-02-01,2027-01-31,,,sanef-class1-2026
SANEF,SAINT-QUENTIN NORD N°10,SENLIS N°8,1,10.10,,2026-02-01,2027-01-31,,,sanef-class1-2026
SANEF,SAINT-QUENTIN NORD N°10,VILLERS-BRETONNEUX N°52,1,4.80,,2026-02-01,2027-01-31,,,sanef-class1-2026
SANEF,SAINT-QUENTIN SUD N°11,AIRE-SUR-LA-LYS N°4,1,11.60,,2026-02-01,2027-01-31,,,sanef-class1-2026
SANEF,SAINT-QUENTIN SUD N°11,ALBERT N°13.1,1,4.30,,2026-02-01,2027-01-31,,,sanef-class1-2026
SANEF,SAINT-QUENTIN SUD N°11,AMIENS EST (péage de Jules Verne) A29,1,5.80,,2026-02-01,2027-01-31,,,sanef-class1-2026
SANEF,SAINT-QUENTIN SUD N°11,ARRAS EST (A1) N°15,1,6.00,,2026-02-01,2027-01-31,,,sanef-class1-2026
SANEF,SAINT-QUENTIN SUD N°11,ARRAS NORD (A26) N°7,1,7.00,,2026-02-01,2027-01-31,,,sanef-class1-2026
SANEF,SAINT-QUENTIN SUD N°11,ATHIES N°54,1,1.80,,2026-02-01,2027-01-31,,,sanef-class1-2026
SANEF,SAINT-QUENTIN SUD N°11,BAPAUME N°14 A1,1,6.50,,2026-02-01,2027-01-31,,,sanef-class1-2026
SANEF,SAINT-QUENTIN SUD N°11,BÉTHUNE N°6,1,8.90,,2026-02-01,2027-01-31,,,sanef-class1-2026
SANEF,SAINT-QUENTIN SUD N°11,CALAIS (péage de Setques),1,15.90,,2026-02-01,2027-01-31,,,sanef-class1-2026
SANEF,SAINT-QUENTIN SUD N°11,CAMBRAI N°14,1,4.20,,2026-02-01,2027-01-31,,,sanef-class1-2026
SANEF,SAINT-QUENTIN SUD N°11,COMPIÈGNE OUEST N°10,1,7.50,,2026-02-01,2027-01-31,,,sanef-class1-2026
SANEF,SAINT-QUENTIN SUD N°11,GARE TGV N°53,1,3.00,,2026-02-01,2027-01-31,,,sanef-class1-2026
SANEF,SAINT-QUENTIN SUD N°11,GUIGNICOURT N°14,1,6.00,,2026-02-01,2027-01-31,,,sanef-class1-2026
SANEF,SAINT-QUENTIN SUD N°11,HORDAIN (péage d'Hordain) A2,1,5.30,,2026-02-01,2027-01-31,,,sanef-class1-2026
SANEF,SAINT-QUENTIN SUD N°11,LA FÈRE N°12,1,1.50,,2026-02-01,2027-01-31,,,sanef-class1-2026
SANEF,SAINT-QUENTIN SUD N°11,LAON N°13,1,2.90,,2026-02-01,2027-01-31,,,sanef-class1-2026
SANEF,SAINT-QUENTIN SUD N°11,LILLE / DOURGES (péage de Fresnes),1,7.90,,2026-02-01,2027-01-31,,,sanef-class1-2026
SANEF,SAINT-QUENTIN SUD N°11,LILLERS N°5,1,9.60,,2026-02-01,2027-01-31,,,sanef-class1-2026
SANEF,SAINT-QUENTIN SUD N°11,LIÉVIN N°6.2,1,7.90,,2026-02-01,2027-01-31,,,sanef-class1-2026
SANEF,SAINT-QUENTIN SUD N°11,MARQUION N°8,1,4.00,,2026-02-01,2027-01-31,,,sanef-class1-2026
SANEF,SAINT-QUENTIN SUD N°11,MASNIÈRES N°9,1,2.50,,2026-02-01,2027-01-31,,,sanef-class1-2026
SANEF,SAINT-QUENTIN SUD N°11,NŒUX-LES-MINES N°6.1 A26 NORD,1,8.10,,2026-02-01,2027-01-31,,,sanef-class1-2026
SANEF,SAINT-QUENTIN SUD N°11,PARIS / ROISSY (péage de Chamant),1,12.60,,2026-02-01,2027-01-31,,,sanef-class1-2026
SANEF,SAINT-QUENTIN SUD N°11,PONT-SAINTE-MAXENCE N°9,1,8.60,,2026-02-01,2027-01-31,,,sanef-class1-2026
SANEF,SAINT-QUENTIN SUD N°11,PÉRONNE / VALLEE DE LA SOMME N°13,1,3.70,,2026-02-01,2027-01-31,,,sanef-class1-2026
SANEF,SAINT-QUENTIN SUD N°11,REIMS (péage de Courcy),1,8.60,,2026-02-01,2027-01-31,,,sanef-class1-2026
SANEF,SAINT-QUENTIN SUD N°11,RESSONS N°11,1,6.10,,2026-02-01,2027-01-31,,,sanef-class1-2026
SANEF,SAINT-QUENTIN SUD N°11,ROYE N°12,1,4.60,,2026-02-01,2027-01-31,,,sanef-class1-2026
SANEF,SAINT-QUENTIN SUD N°11,SAINT-OMER N°3,1,12.40,,2026-02-01,2027-01-31,,,sanef-class1-2026
SANEF,SAINT-QUENTIN SUD N°11,SAINT-QUENTIN NORD N°10,1,0.80,,2026-02-01,2027-01-31,,,sanef-class1-2026
SANEF,SAINT-QUENTIN SUD N°11,SENLIS N°8,1,9.40,,2026-02-01,2027-01-31,,,sanef-class1-2026
SANEF,SAINT-QUENTIN SUD N°11,VILLERS-BRETONNEUX N°52,1,4.60,,2026-02-01,2027-01-31,,,sanef-class1-2026
SANEF,SALOUËL N°18,ABBEVILLE EST N°22,1,4.20,,2026-02-01,2027-01-31,,,sanef-class1-2026
SANEF,SALOUËL N°18,ABBEVILLE NORD N°23,1,5.10,,2026-02-01,2027-01-31,,,sanef-class1-2026
SANEF,SALOUËL N°18,AMIENS NORD N°20,1,0.90,,2026-02-01,2027-01-31,,,sanef-class1-2026
SANEF,SALOUËL N°18,AMIENS OUEST N°19,1,0.50,,2026-02-01,2027-01-31,,,sanef-class1-2026
SANEF,SALOUËL N°18,AMIENS SUD (péage de Dury),1,0.90,,2026-02-01,2027-01-31,,,sanef-class1-2026
SANEF,SALOUËL N°18,AUMALE N°12,1,3.60,,2026-02-01,2027-01-31,,,sanef-class1-2026
SANEF,SALOUËL N°18,BEAUVAIS CENTRE N°14,1,5.10,,2026-02-01,2027-01-31,,,sanef-class1-2026
SANEF,SALOUËL N°18,BEAUVAIS NORD N°15,1,4.60,,2026-02-01,2027-01-31,,,sanef-class1-2026
SANEF,SALOUËL N°18,BERCK N°25,1,9.30,,2026-02-01,2027-01-31,,,sanef-class1-2026
SANEF,SALOUËL N°18,BOULOGNE EST (péage d'Herquelingue),1,13.90,,2026-02-01,2027-01-31,,,sanef-class1-2026
SANEF,SALOUËL N°18,BOULOGNE SUD N°28,1,11.50,,2026-02-01,2027-01-31,,,sanef-class1-2026
SANEF,SALOUËL N°18,ESSERTAUX N°17,1,1.20,,2026-02-01,2027-01-31,,,sanef-class1-2026
SANEF,SALOUËL N°18,ETAPLES / LE TOUQUET N°26,1,9.90,,2026-02-01,2027-01-31,,,sanef-class1-2026
SANEF,SALOUËL N°18,HARDIVILLERS N°16,1,2.70,,2026-02-01,2027-01-31,,,sanef-class1-2026
SANEF,SALOUËL N°18,L'ISLE-ADAM (péage d'Amblainville),1,9.60,,2026-02-01,2027-01-31,,,sanef-class1-2026
SANEF,SALOUËL N°18,LA CÔTE PICARDE N°24 A16,1,7.20,,2026-02-01,2027-01-31,,,sanef-class1-2026
SANEF,SALOUËL N°18,MÉRU N°13,1,6.70,,2026-02-01,2027-01-31,,,sanef-class1-2026
SANEF,SALOUËL N°18,NEUFCHÂTEL-EN-BRAY (A28),1,5.50,,2026-02-01,2027-01-31,,,sanef-class1-2026
SANEF,SALOUËL N°18,NEUFCHÂTEL-HARDELOT N°27,1,11.10,,2026-02-01,2027-01-31,,,sanef-class1-2026
SANEF,SALOUËL N°18,POIX-DE-PICARDIE N°13 A29,1,1.70,,2026-02-01,2027-01-31,,,sanef-class1-2026
SANEF,SALOUËL N°18,VALLÉE DE LA NIÈVRE N°21,1,2.80,,2026-02-01,2027-01-31,,,sanef-class1-2026
SANEF,SENLIS N°8,AIRE-SUR-LA-LYS N°4,1,16.90,,2026-02-01,2027-01-31,,,sanef-class1-2026
SANEF,SENLIS N°8,ALBERT N°13.1,1,7.30,,2026-02-01,2027-01-31,,,sanef-class1-2026
SANEF,SENLIS N°8,AMIENS EST (péage de Jules Verne) A29,1,9.80,,2026-02-01,2027-01-31,,,sanef-class1-2026
SANEF,SENLIS N°8,ARRAS EST (A1) N°15,1,11.50,,2026-02-01,2027-01-31,,,sanef-class1-2026
SANEF,SENLIS N°8,ARRAS NORD (A26) N°7,1,12.10,,2026-02-01,2027-01-31,,,sanef-class1-2026
SANEF,SENLIS N°8,ATHIES N°54,1,6.90,,2026-02-01,2027-01-31,,,sanef-class1-2026
SANEF,SENLIS N°8,BAPAUME N°14 A1,1,8.80,,2026-02-01,2027-01-31,,,sanef-class1-2026
SANEF,SENLIS N°8,BÉTHUNE N°6,1,14.40,,2026-02-01,2027-01-31,,,sanef-class1-2026
SANEF,SENLIS N°8,CALAIS (péage de Setques),1,20.20,,2026-02-01,2027-01-31,,,sanef-class1-2026
SANEF,SENLIS N°8,CAMBRAI N°14,1,10.40,,2026-02-01,2027-01-31,,,sanef-class1-2026
SANEF,SENLIS N°8,COMPIÈGNE OUEST N°10,1,1.90,,2026-02-01,2027-01-31,,,sanef-class1-2026
SANEF,SENLIS N°8,GARE TGV N°53,1,5.90,,2026-02-01,2027-01-31,,,sanef-class1-2026
SANEF,SENLIS N°8,GUIGNICOURT N°14,1,13.50,,2026-02-01,2027-01-31,,,sanef-class1-2026
SANEF,SENLIS N°8,HORDAIN (péage d'Hordain) A2,1,12.90,,2026-02-01,2027-01-31,,,sanef-class1-2026
SANEF,SENLIS N°8,LA FÈRE N°12,1,10.50,,2026-02-01,2027-01-31,,,sanef-class1-2026
SANEF,SENLIS N°8,LAON N°13,1,11.70,,2026-02-01,2027-01-31,,,sanef-class1-2026
SANEF,SENLIS N°8,LILLE / DOURGES (péage de Fresnes),1,14.60,,2026-02-01,2027-01-31,,,sanef-class1-2026
SANEF,SENLIS N°8,LILLERS N°5,1,15.10,,2026-02-01,2027-01-31,,,sanef-class1-2026
SANEF,SENLIS N°8,LIÉVIN N°6.2,1,12.90,,2026-02-01,2027-01-31,,,sanef-class1-2026
SANEF,SENLIS N°8,MARQUION N°8,1,10.30,,2026-02-01,2027-01-31,,,sanef-class1-2026
SANEF,SENLIS N°8,MASNIÈRES N°9,1,9.80,,2026-02-01,2027-01-31,,,sanef-class1-2026
SANEF,SENLIS N°8,NŒUX-LES-MINES N°6.1 A26 NORD,1,13.20,,2026-02-01,2027-01-31,,,sanef-class1-2026
SANEF,SENLIS N°8,PARIS / ROISSY (péage de Chamant),1,2.20,,2026-02-01,2027-01-31,,,sanef-class1-2026
SANEF,SENLIS N°8,PONT-SAINTE-MAXENCE N°9,1,1.50,,2026-02-01,2027-01-31,,,sanef-class1-2026
SANEF,SENLIS N°8,PÉRONNE / VALLEE DE LA SOMME N°13,1,7.00,,2026-02-01,2027-01-31,,,sanef-class1-2026
SANEF,SENLIS N°8,REIMS (péage de Courcy),1,15.10,,2026-02-01,2027-01-31,,,sanef-class1-2026
SANEF,SENLIS N°8,RESSONS N°11,1,3.10,,2026-02-01,2027-01-31,,,sanef-class1-2026
SANEF,SENLIS N°8,ROYE N°12,1,6.00,,2026-02-01,2027-01-31,,,sanef-class1-2026
SANEF,SENLIS N°8,SAINT-OMER N°3,1,18.20,,2026-02-01,2027-01-31,,,sanef-class1-2026
SANEF,SENLIS N°8,SAINT-QUENTIN NORD N°10,1,10.10,,2026-02-01,2027-01-31,,,sanef-class1-2026
SANEF,SENLIS N°8,SAINT-QUENTIN SUD N°11,1,9.40,,2026-02-01,2027-01-31,,,sanef-class1-2026
SANEF,SENLIS N°8,VILLERS-BRETONNEUX N°52,1,8.20,,2026-02-01,2027-01-31,,,sanef-class1-2026
SANEF,VALLÉE DE LA NIÈVRE N°21,ABBEVILLE EST N°22,1,1.60,,2026-02-01,2027-01-31,,,sanef-class1-2026
SANEF,VALLÉE DE LA NIÈVRE N°21,ABBEVILLE NORD N°23,1,2.30,,2026-02-01,2027-01-31,,,sanef-class1-2026
SANEF,VALLÉE DE LA NIÈVRE N°21,AMIENS NORD N°20,1,1.70,,2026-02-01,2027-01-31,,,sanef-class1-2026
SANEF,VALLÉE DE LA NIÈVRE N°21,AMIENS OUEST N°19,1,2.20,,2026-02-01,2027-01-31,,,sanef-class1-2026
SANEF,VALLÉE DE LA NIÈVRE N°21,AMIENS SUD (péage de Dury),1,3.20,,2026-02-01,2027-01-31,,,sanef-class1-2026
SANEF,VALLÉE DE LA NIÈVRE N°21,AUMALE N°12,1,5.20,,2026-02-01,2027-01-31,,,sanef-class1-2026
SANEF,VALLÉE DE LA NIÈVRE N°21,BEAUVAIS CENTRE N°14,1,7.90,,2026-02-01,2027-01-31,,,sanef-class1-2026
SANEF,VALLÉE DE LA NIÈVRE N°21,BEAUVAIS NORD N°15,1,7.10,,2026-02-01,2027-01-31,,,sanef-class1-2026
SANEF,VALLÉE DE LA NIÈVRE N°21,BERCK N°25,1,6.40,,2026-02-01,2027-01-31,,,sanef-class1-2026
SANEF,VALLÉE DE LA NIÈVRE N°21,BOULOGNE EST (péage d'Herquelingue),1,11.50,,2026-02-01,2027-01-31,,,sanef-class1-2026
SANEF,VALLÉE DE LA NIÈVRE N°21,BOULOGNE SUD N°28,1,9.60,,2026-02-01,2027-01-31,,,sanef-class1-2026
SANEF,VALLÉE DE LA NIÈVRE N°21,ESSERTAUX N°17,1,4.00,,2026-02-01,2027-01-31,,,sanef-class1-2026
SANEF,VALLÉE DE LA NIÈVRE N°21,ETAPLES / LE TOUQUET N°26,1,7.50,,2026-02-01,2027-01-31,,,sanef-class1-2026
SANEF,VALLÉE DE LA NIÈVRE N°21,HARDIVILLERS N°16,1,4.80,,2026-02-01,2027-01-31,,,sanef-class1-2026
SANEF,VALLÉE DE LA NIÈVRE N°21,L'ISLE-ADAM (péage d'Amblainville),1,11.90,,2026-02-01,2027-01-31,,,sanef-class1-2026
SANEF,VALLÉE DE LA NIÈVRE N°21,LA CÔTE PICARDE N°24 A16,1,4.10,,2026-02-01,2027-01-31,,,sanef-class1-2026
SANEF,VALLÉE DE LA NIÈVRE N°21,MÉRU N°13,1,9.70,,2026-02-01,2027-01-31,,,sanef-class1-2026
SANEF,VALLÉE DE LA NIÈVRE N°21,NEUFCHÂTEL-EN-BRAY (A28),1,7.00,,2026-02-01,2027-01-31,,,sanef-class1-2026
SANEF,VALLÉE DE LA NIÈVRE N°21,NEUFCHÂTEL-HARDELOT N°27,1,8.70,,2026-02-01,2027-01-31,,,sanef-class1-2026
SANEF,VALLÉE DE LA NIÈVRE N°21,POIX-DE-PICARDIE N°13 A29,1,4.10,,2026-02-01,2027-01-31,,,sanef-class1-2026
SANEF,VALLÉE DE LA NIÈVRE N°21,SALOUËL N°18,1,2.80,,2026-02-01,2027-01-31,,,sanef-class1-2026
SANEF,VILLERS-BRETONNEUX N°52,AIRE-SUR-LA-LYS N°4,1,10.40,,2026-02-01,2027-01-31,,,sanef-class1-2026
SANEF,VILLERS-BRETONNEUX N°52,ALBERT N°13.1,1,2.80,,2026-02-01,2027-01-31,,,sanef-class1-2026
SANEF,VILLERS-BRETONNEUX N°52,AMIENS EST (péage de Jules Verne) A29,1,1.20,,2026-02-01,2027-01-31,,,sanef-class1-2026
SANEF,VILLERS-BRETONNEUX N°52,ARRAS EST (A1) N°15,1,5.50,,2026-02-01,2027-01-31,,,sanef-class1-2026
SANEF,VILLERS-BRETONNEUX N°52,ARRAS NORD (A26) N°7,1,6.30,,2026-02-01,2027-01-31,,,sanef-class1-2026
SANEF,VILLERS-BRETONNEUX N°52,ATHIES N°54,1,2.80,,2026-02-01,2027-01-31,,,sanef-class1-2026
SANEF,VILLERS-BRETONNEUX N°52,BAPAUME N°14 A1,1,4.10,,2026-02-01,2027-01-31,,,sanef-class1-2026
SANEF,VILLERS-BRETONNEUX N°52,BÉTHUNE N°6,1,8.50,,2026-02-01,2027-01-31,,,sanef-class1-2026
SANEF,VILLERS-BRETONNEUX N°52,CALAIS (péage de Setques),1,13.70,,2026-02-01,2027-01-31,,,sanef-class1-2026
SANEF,VILLERS-BRETONNEUX N°52,CAMBRAI N°14,1,5.20,,2026-02-01,2027-01-31,,,sanef-class1-2026
SANEF,VILLERS-BRETONNEUX N°52,COMPIÈGNE OUEST N°10,1,5.70,,2026-02-01,2027-01-31,,,sanef-class1-2026
SANEF,VILLERS-BRETONNEUX N°52,GARE TGV N°53,1,1.60,,2026-02-01,2027-01-31,,,sanef-class1-2026
SANEF,VILLERS-BRETONNEUX N°52,GUIGNICOURT N°14,1,9.40,,2026-02-01,2027-01-31,,,sanef-class1-2026
SANEF,VILLERS-BRETONNEUX N°52,HORDAIN (péage d'Hordain) A2,1,7.20,,2026-02-01,2027-01-31,,,sanef-class1-2026
SANEF,VILLERS-BRETONNEUX N°52,LA FÈRE N°12,1,5.50,,2026-02-01,2027-01-31,,,sanef-class1-2026
SANEF,VILLERS-BRETONNEUX N°52,LAON N°13,1,7.50,,2026-02-01,2027-01-31,,,sanef-class1-2026
SANEF,VILLERS-BRETONNEUX N°52,LILLE / DOURGES (péage de Fresnes),1,8.30,,2026-02-01,2027-01-31,,,sanef-class1-2026
SANEF,VILLERS-BRETONNEUX N°52,LILLERS N°5,1,9.60,,2026-02-01,2027-01-31,,,sanef-class1-2026
SANEF,VILLERS-BRETONNEUX N°52,LIÉVIN N°6.2,1,8.20,,2026-02-01,2027-01-31,,,sanef-class1-2026
SANEF,VILLERS-BRETONNEUX N°52,MARQUION N°8,1,7.30,,2026-02-01,2027-01-31,,,sanef-class1-2026
SANEF,VILLERS-BRETONNEUX N°52,MASNIÈRES N°9,1,5.50,,2026-02-01,2027-01-31,,,sanef-class1-2026
SANEF,VILLERS-BRETONNEUX N°52,NŒUX-LES-MINES N°6.1 A26 NORD,1,8.30,,2026-02-01,2027-01-31,,,sanef-class1-2026
SANEF,VILLERS-BRETONNEUX N°52,PARIS / ROISSY (péage de Chamant),1,10.30,,2026-02-01,2027-01-31,,,sanef-class1-2026
SANEF,VILLERS-BRETONNEUX N°52,PONT-SAINTE-MAXENCE N°9,1,6.30,,2026-02-01,2027-01-31,,,sanef-class1-2026
SANEF,VILLERS-BRETONNEUX N°52,PÉRONNE / VALLEE DE LA SOMME N°13,1,2.00,,2026-02-01,2027-01-31,,,sanef-class1-2026
SANEF,VILLERS-BRETONNEUX N°52,REIMS (péage de Courcy),1,13.20,,2026-02-01,2027-01-31,,,sanef-class1-2026
SANEF,VILLERS-BRETONNEUX N°52,RESSONS N°11,1,4.70,,2026-02-01,2027-01-31,,,sanef-class1-2026
SANEF,VILLERS-BRETONNEUX N°52,ROYE N°12,1,3.00,,2026-02-01,2027-01-31,,,sanef-class1-2026
SANEF,VILLERS-BRETONNEUX N°52,SAINT-OMER N°3,1,10.90,,2026-02-01,2027-01-31,,,sanef-class1-2026
SANEF,VILLERS-BRETONNEUX N°52,SAINT-QUENTIN NORD N°10,1,4.80,,2026-02-01,2027-01-31,,,sanef-class1-2026
SANEF,VILLERS-BRETONNEUX N°52,SAINT-QUENTIN SUD N°11,1,4.60,,2026-02-01,2027-01-31,,,sanef-class1-2026
SANEF,VILLERS-BRETONNEUX N°52,SENLIS N°8,1,8.20,,2026-02-01,2027-01-31,,,sanef-class1-2026
SAPN,BEAUTOT / A151,BOLBEC N°7,1,4.30,,2026-02-01,2027-01-31,,,sapn-class1-2026
SAPN,BEAUTOT / A151,FECAMP N°8,1,2.90,,2026-02-01,2027-01-31,,,sapn-class1-2026
SAPN,BEAUTOT / A151,LE HAVRE N°5 / A131,1,6.70,,2026-02-01,2027-01-31,,,sapn-class1-2026
SAPN,BEAUTOT / A151,ST-ROMAIN-DE-COLBOSC N°6 A29 NORD,1,4.90,,2026-02-01,2027-01-31,,,sapn-class1-2026
SAPN,BEAUTOT / A151,ST-SAËNS N°10 / A28,1,2.00,,2026-02-01,2027-01-31,,,sapn-class1-2026
SAPN,BEAUTOT / A151,YVETOT / A150,1,1.40,,2026-02-01,2027-01-31,,,sapn-class1-2026
SAPN,BEUZEVILLE N°28,BOURG-ACHARD N°25,1,4.60,,2026-02-01,2027-01-31,,,sapn-class1-2026
SAPN,BEUZEVILLE N°28,BOURNEVILLE N°26,1,4.60,,2026-02-01,2027-01-31,,,sapn-class1-2026
SAPN,BEUZEVILLE N°28,CAEN,1,6.10,,2026-02-01,2027-01-31,,,sapn-class1-2026
SAPN,BEUZEVILLE N°28,CAGNY (A813),1,6.10,,2026-02-01,2027-01-31,,,sapn-class1-2026
SAPN,BEUZEVILLE N°28,CHAUFOUR N°15 à GAILLON N°17,1,9.10,,2026-02-01,2027-01-31,,,sapn-class1-2026
SAPN,BEUZEVILLE N°28,CHENARD N°1 (A29),1,1.90,,2026-02-01,2027-01-31,,,sapn-class1-2026
SAPN,BEUZEVILLE N°28,CRIQUEBEUF N°20 à MAISON-BRÛLEE N°24 / ROUEN LES ESSARTS (A139),1,4.60,,2026-02-01,2027-01-31,,,sapn-class1-2026
SAPN,BEUZEVILLE N°28,DOZULÉ N°30,1,4.10,,2026-02-01,2027-01-31,,,sapn-class1-2026
SAPN,BEUZEVILLE N°28,HEUDEBOUVILLE N°18,1,7.10,,2026-02-01,2027-01-31,,,sapn-class1-2026
SAPN,BEUZEVILLE N°28,INCARVILLE N°19 / A154,1,7.00,,2026-02-01,2027-01-31,,,sapn-class1-2026
SAPN,BEUZEVILLE N°28,LA RIVIÈRE-SAINT-SAUVEUR N°3 (A29),1,1.90,,2026-02-01,2027-01-31,,,sapn-class1-2026
SAPN,BEUZEVILLE N°28,PLATEAU N°2 (A29),1,1.90,,2026-02-01,2027-01-31,,,sapn-class1-2026
SAPN,BEUZEVILLE N°28,POISSY / ORGEVAL N°7 à MANTES-SUD N°12,1,12.10,,2026-02-01,2027-01-31,,,sapn-class1-2026
SAPN,BEUZEVILLE N°28,"PONT L'EVÊQUE, DEAUVILLE (A132)",1,1.90,,2026-02-01,2027-01-31,,,sapn-class1-2026
SAPN,BEUZEVILLE N°28,TROARN N°31,1,6.10,,2026-02-01,2027-01-31,,,sapn-class1-2026
SAPN,BOLBEC N°7,BEAUTOT / A151,1,4.30,,2026-02-01,2027-01-31,,,sapn-class1-2026
SAPN,BOLBEC N°7,FECAMP N°8,1,1.60,,2026-02-01,2027-01-31,,,sapn-class1-2026
SAPN,BOLBEC N°7,LE HAVRE N°5 / A131,1,2.50,,2026-02-01,2027-01-31,,,sapn-class1-2026
SAPN,BOLBEC N°7,ST-ROMAIN-DE-COLBOSC N°6 A29 NORD,1,1.00,,2026-02-01,2027-01-31,,,sapn-class1-2026
SAPN,BOLBEC N°7,ST-SAËNS N°10 / A28,1,5.90,,2026-02-01,2027-01-31,,,sapn-class1-2026
SAPN,BOLBEC N°7,YVETOT / A150,1,3.50,,2026-02-01,2027-01-31,,,sapn-class1-2026
SAPN,BONNIÈRES-SUR-SEINE (A13a),POISSY / ORGEVAL N°7 à MANTES-SUD N°12,1,3.00,,2026-02-01,2027-01-31,,,sapn-class1-2026
SAPN,BOURG-ACHARD N°25,BEUZEVILLE N°28,1,4.60,,2026-02-01,2027-01-31,,,sapn-class1-2026
SAPN,BOURG-ACHARD N°25,BOURNEVILLE N°26,1,3.30,,2026-02-01,2027-01-31,,,sapn-class1-2026
SAPN,BOURG-ACHARD N°25,CAEN,1,10.50,,2026-02-01,2027-01-31,,,sapn-class1-2026
SAPN,BOURG-ACHARD N°25,CAGNY (A813),1,10.50,,2026-02-01,2027-01-31,,,sapn-class1-2026
SAPN,BOURG-ACHARD N°25,CHAUFOUR N°15 à GAILLON N°17,1,6.50,,2026-02-01,2027-01-31,,,sapn-class1-2026
SAPN,BOURG-ACHARD N°25,CHENARD N°1 (A29),1,6.30,,2026-02-01,2027-01-31,,,sapn-class1-2026
SAPN,BOURG-ACHARD N°25,CRIQUEBEUF N°20 à MAISON-BRÛLEE N°24 / ROUEN LES ESSARTS (A139),1,2.00,,2026-02-01,2027-01-31,,,sapn-class1-2026
SAPN,BOURG-ACHARD N°25,DOZULÉ N°30,1,8.50,,2026-02-01,2027-01-31,,,sapn-class1-2026
SAPN,BOURG-ACHARD N°25,HEUDEBOUVILLE N°18,1,4.50,,2026-02-01,2027-01-31,,,sapn-class1-2026
SAPN,BOURG-ACHARD N°25,INCARVILLE N°19 / A154,1,4.40,,2026-02-01,2027-01-31,,,sapn-class1-2026
SAPN,BOURG-ACHARD N°25,LA RIVIÈRE-SAINT-SAUVEUR N°3 (A29),1,6.30,,2026-02-01,2027-01-31,,,sapn-class1-2026
SAPN,BOURG-ACHARD N°25,PLATEAU N°2 (A29),1,6.30,,2026-02-01,2027-01-31,,,sapn-class1-2026
SAPN,BOURG-ACHARD N°25,POISSY / ORGEVAL N°7 à MANTES-SUD N°12,1,9.50,,2026-02-01,2027-01-31,,,sapn-class1-2026
SAPN,BOURG-ACHARD N°25,"PONT L'EVÊQUE, DEAUVILLE (A132)",1,6.30,,2026-02-01,2027-01-31,,,sapn-class1-2026
SAPN,BOURG-ACHARD N°25,TANCARVILLE (A131),1,3.40,,2026-02-01,2027-01-31,,,sapn-class1-2026
SAPN,BOURG-ACHARD N°25,TOUTAINVILLE N°27,1,4.10,,2026-02-01,2027-01-31,,,sapn-class1-2026
SAPN,BOURG-ACHARD N°25,TROARN N°31,1,10.50,,2026-02-01,2027-01-31,,,sapn-class1-2026
SAPN,BOURNEVILLE N°26,BEUZEVILLE N°28,1,4.60,,2026-02-01,2027-01-31,,,sapn-class1-2026
SAPN,BOURNEVILLE N°26,BOURG-ACHARD N°25,1,3.30,,2026-02-01,2027-01-31,,,sapn-class1-2026
SAPN,BOURNEVILLE N°26,CAEN,1,10.50,,2026-02-01,2027-01-31,,,sapn-class1-2026
SAPN,BOURNEVILLE N°26,CAGNY (A813),1,10.50,,2026-02-01,2027-01-31,,,sapn-class1-2026
SAPN,BOURNEVILLE N°26,CHAUFOUR N°15 à GAILLON N°17,1,7.80,,2026-02-01,2027-01-31,,,sapn-class1-2026
SAPN,BOURNEVILLE N°26,CHENARD N°1 (A29),1,6.30,,2026-02-01,2027-01-31,,,sapn-class1-2026
SAPN,BOURNEVILLE N°26,CRIQUEBEUF N°20 à MAISON-BRÛLEE N°24 / ROUEN LES ESSARTS (A139),1,3.30,,2026-02-01,2027-01-31,,,sapn-class1-2026
SAPN,BOURNEVILLE N°26,DOZULÉ N°30,1,8.50,,2026-02-01,2027-01-31,,,sapn-class1-2026
SAPN,BOURNEVILLE N°26,HEUDEBOUVILLE N°18,1,5.80,,2026-02-01,2027-01-31,,,sapn-class1-2026
SAPN,BOURNEVILLE N°26,INCARVILLE N°19 / A154,1,5.70,,2026-02-01,2027-01-31,,,sapn-class1-2026
SAPN,BOURNEVILLE N°26,LA RIVIÈRE-SAINT-SAUVEUR N°3 (A29),1,6.30,,2026-02-01,2027-01-31,,,sapn-class1-2026
SAPN,BOURNEVILLE N°26,PLATEAU N°2 (A29),1,6.30,,2026-02-01,2027-01-31,,,sapn-class1-2026
SAPN,BOURNEVILLE N°26,POISSY / ORGEVAL N°7 à MANTES-SUD N°12,1,10.80,,2026-02-01,2027-01-31,,,sapn-class1-2026
SAPN,BOURNEVILLE N°26,"PONT L'EVÊQUE, DEAUVILLE (A132)",1,6.30,,2026-02-01,2027-01-31,,,sapn-class1-2026
SAPN,BOURNEVILLE N°26,TANCARVILLE (A131),1,3.40,,2026-02-01,2027-01-31,,,sapn-class1-2026
SAPN,BOURNEVILLE N°26,TOUTAINVILLE N°27,1,4.10,,2026-02-01,2027-01-31,,,sapn-class1-2026
SAPN,BOURNEVILLE N°26,TROARN N°31,1,10.50,,2026-02-01,2027-01-31,,,sapn-class1-2026
SAPN,CAEN,BEUZEVILLE N°28,1,6.10,,2026-02-01,2027-01-31,,,sapn-class1-2026
SAPN,CAEN,BOURG-ACHARD N°25,1,10.50,,2026-02-01,2027-01-31,,,sapn-class1-2026
SAPN,CAEN,BOURNEVILLE N°26,1,10.50,,2026-02-01,2027-01-31,,,sapn-class1-2026
SAPN,CAEN,CAGNY (A813),1,0.90,,2026-02-01,2027-01-31,,,sapn-class1-2026
SAPN,CAEN,CHAUFOUR N°15 à GAILLON N°17,1,15.00,,2026-02-01,2027-01-31,,,sapn-class1-2026
SAPN,CAEN,CHENARD N°1 (A29),1,5.70,,2026-02-01,2027-01-31,,,sapn-class1-2026
SAPN,CAEN,CRIQUEBEUF N°20 à MAISON-BRÛLEE N°24 / ROUEN LES ESSARTS (A139),1,10.50,,2026-02-01,2027-01-31,,,sapn-class1-2026
SAPN,CAEN,DOZULÉ N°30,1,2.20,,2026-02-01,2027-01-31,,,sapn-class1-2026
SAPN,CAEN,HEUDEBOUVILLE N°18,1,13.00,,2026-02-01,2027-01-31,,,sapn-class1-2026
SAPN,CAEN,INCARVILLE N°19 / A154,1,12.90,,2026-02-01,2027-01-31,,,sapn-class1-2026
SAPN,CAEN,LA RIVIÈRE-SAINT-SAUVEUR N°3 (A29),1,5.70,,2026-02-01,2027-01-31,,,sapn-class1-2026
SAPN,CAEN,POISSY / ORGEVAL N°7 à MANTES-SUD N°12,1,18.00,,2026-02-01,2027-01-31,,,sapn-class1-2026
SAPN,CAEN,"PONT L'EVÊQUE, DEAUVILLE (A132)",1,4.20,,2026-02-01,2027-01-31,,,sapn-class1-2026
SAPN,CAEN,TROARN N°31,1,0.90,,2026-02-01,2027-01-31,,,sapn-class1-2026
SAPN,CAGNY (A813),BEUZEVILLE N°28,1,6.10,,2026-02-01,2027-01-31,,,sapn-class1-2026
SAPN,CAGNY (A813),BOURG-ACHARD N°25,1,10.50,,2026-02-01,2027-01-31,,,sapn-class1-2026
SAPN,CAGNY (A813),BOURNEVILLE N°26,1,10.50,,2026-02-01,2027-01-31,,,sapn-class1-2026
SAPN,CAGNY (A813),CAEN,1,0.90,,2026-02-01,2027-01-31,,,sapn-class1-2026
SAPN,CAGNY (A813),CHAUFOUR N°15 à GAILLON N°17,1,15.00,,2026-02-01,2027-01-31,,,sapn-class1-2026
SAPN,CAGNY (A813),CHENARD N°1 (A29),1,5.70,,2026-02-01,2027-01-31,,,sapn-class1-2026
SAPN,CAGNY (A813),CRIQUEBEUF N°20 à MAISON-BRÛLEE N°24 / ROUEN LES ESSARTS (A139),1,10.50,,2026-02-01,2027-01-31,,,sapn-class1-2026
SAPN,CAGNY (A813),DOZULÉ N°30,1,2.20,,2026-02-01,2027-01-31,,,sapn-class1-2026
SAPN,CAGNY (A813),HEUDEBOUVILLE N°18,1,13.00,,2026-02-01,2027-01-31,,,sapn-class1-2026
SAPN,CAGNY (A813),INCARVILLE N°19 / A154,1,12.90,,2026-02-01,2027-01-31,,,sapn-class1-2026
SAPN,CAGNY (A813),LA RIVIÈRE-SAINT-SAUVEUR N°3 (A29),1,5.70,,2026-02-01,2027-01-31,,,sapn-class1-2026
SAPN,CAGNY (A813),POISSY / ORGEVAL N°7 à MANTES-SUD N°12,1,18.00,,2026-02-01,2027-01-31,,,sapn-class1-2026
SAPN,CAGNY (A813),"PONT L'EVÊQUE, DEAUVILLE (A132)",1,4.20,,2026-02-01,2027-01-31,,,sapn-class1-2026
SAPN,CAGNY (A813),TROARN N°31,1,0.90,,2026-02-01,2027-01-31,,,sapn-class1-2026
SAPN,CHAUFOUR N°15 à GAILLON N°17,BEUZEVILLE N°28,1,9.10,,2026-02-01,2027-01-31,,,sapn-class1-2026
SAPN,CHAUFOUR N°15 à GAILLON N°17,BOURG-ACHARD N°25,1,6.50,,2026-02-01,2027-01-31,,,sapn-class1-2026
SAPN,CHAUFOUR N°15 à GAILLON N°17,BOURNEVILLE N°26,1,7.80,,2026-02-01,2027-01-31,,,sapn-class1-2026
SAPN,CHAUFOUR N°15 à GAILLON N°17,CAEN,1,15.00,,2026-02-01,2027-01-31,,,sapn-class1-2026
SAPN,CHAUFOUR N°15 à GAILLON N°17,CAGNY (A813),1,15.00,,2026-02-01,2027-01-31,,,sapn-class1-2026
SAPN,CHAUFOUR N°15 à GAILLON N°17,CHENARD N°1 (A29),1,10.80,,2026-02-01,2027-01-31,,,sapn-class1-2026
SAPN,CHAUFOUR N°15 à GAILLON N°17,CRIQUEBEUF N°20 à MAISON-BRÛLEE N°24 / ROUEN LES ESSARTS (A139),1,4.50,,2026-02-01,2027-01-31,,,sapn-class1-2026
SAPN,CHAUFOUR N°15 à GAILLON N°17,DOZULÉ N°30,1,13.00,,2026-02-01,2027-01-31,,,sapn-class1-2026
SAPN,CHAUFOUR N°15 à GAILLON N°17,HEUDEBOUVILLE N°18,1,2.40,,2026-02-01,2027-01-31,,,sapn-class1-2026
SAPN,CHAUFOUR N°15 à GAILLON N°17,INCARVILLE N°19 / A154,1,4.50,,2026-02-01,2027-01-31,,,sapn-class1-2026
SAPN,CHAUFOUR N°15 à GAILLON N°17,LA RIVIÈRE-SAINT-SAUVEUR N°3 (A29),1,10.80,,2026-02-01,2027-01-31,,,sapn-class1-2026
SAPN,CHAUFOUR N°15 à GAILLON N°17,PLATEAU N°2 (A29),1,10.80,,2026-02-01,2027-01-31,,,sapn-class1-2026
SAPN,CHAUFOUR N°15 à GAILLON N°17,POISSY / ORGEVAL N°7 à MANTES-SUD N°12,1,3.00,,2026-02-01,2027-01-31,,,sapn-class1-2026
SAPN,CHAUFOUR N°15 à GAILLON N°17,"PONT L'EVÊQUE, DEAUVILLE (A132)",1,10.80,,2026-02-01,2027-01-31,,,sapn-class1-2026
SAPN,CHAUFOUR N°15 à GAILLON N°17,TANCARVILLE (A131),1,7.90,,2026-02-01,2027-01-31,,,sapn-class1-2026
SAPN,CHAUFOUR N°15 à GAILLON N°17,TOUTAINVILLE N°27,1,8.60,,2026-02-01,2027-01-31,,,sapn-class1-2026
SAPN,CHAUFOUR N°15 à GAILLON N°17,TROARN N°31,1,15.00,,2026-02-01,2027-01-31,,,sapn-class1-2026
SAPN,CHENARD N°1 (A29),BEUZEVILLE N°28,1,1.90,,2026-02-01,2027-01-31,,,sapn-class1-2026
SAPN,CHENARD N°1 (A29),BOURG-ACHARD N°25,1,6.30,,2026-02-01,2027-01-31,,,sapn-class1-2026
SAPN,CHENARD N°1 (A29),BOURNEVILLE N°26,1,6.30,,2026-02-01,2027-01-31,,,sapn-class1-2026
SAPN,CHENARD N°1 (A29),CAEN,1,5.70,,2026-02-01,2027-01-31,,,sapn-class1-2026
SAPN,CHENARD N°1 (A29),CAGNY (A813),1,5.70,,2026-02-01,2027-01-31,,,sapn-class1-2026
SAPN,CHENARD N°1 (A29),CHAUFOUR N°15 à GAILLON N°17,1,10.80,,2026-02-01,2027-01-31,,,sapn-class1-2026
SAPN,CHENARD N°1 (A29),CRIQUEBEUF N°20 à MAISON-BRÛLEE N°24 / ROUEN LES ESSARTS (A139),1,6.30,,2026-02-01,2027-01-31,,,sapn-class1-2026
SAPN,CHENARD N°1 (A29),DOZULÉ N°30,1,3.70,,2026-02-01,2027-01-31,,,sapn-class1-2026
SAPN,CHENARD N°1 (A29),HEUDEBOUVILLE N°18,1,8.80,,2026-02-01,2027-01-31,,,sapn-class1-2026
SAPN,CHENARD N°1 (A29),INCARVILLE N°19 / A154,1,8.70,,2026-02-01,2027-01-31,,,sapn-class1-2026
SAPN,CHENARD N°1 (A29),LA RIVIÈRE-SAINT-SAUVEUR N°3 (A29),1,1.50,,2026-02-01,2027-01-31,,,sapn-class1-2026
SAPN,CHENARD N°1 (A29),POISSY / ORGEVAL N°7 à MANTES-SUD N°12,1,13.80,,2026-02-01,2027-01-31,,,sapn-class1-2026
SAPN,CHENARD N°1 (A29),"PONT L'EVÊQUE, DEAUVILLE (A132)",1,1.50,,2026-02-01,2027-01-31,,,sapn-class1-2026
SAPN,CHENARD N°1 (A29),TROARN N°31,1,5.70,,2026-02-01,2027-01-31,,,sapn-class1-2026
SAPN,CRIQUEBEUF N°20 à MAISON-BRÛLEE N°24 / ROUEN LES ESSARTS (A139),BEUZEVILLE N°28,1,4.60,,2026-02-01,2027-01-31,,,sapn-class1-2026
SAPN,CRIQUEBEUF N°20 à MAISON-BRÛLEE N°24 / ROUEN LES ESSARTS (A139),BOURG-ACHARD N°25,1,2.00,,2026-02-01,2027-01-31,,,sapn-class1-2026
SAPN,CRIQUEBEUF N°20 à MAISON-BRÛLEE N°24 / ROUEN LES ESSARTS (A139),BOURNEVILLE N°26,1,3.30,,2026-02-01,2027-01-31,,,sapn-class1-2026
SAPN,CRIQUEBEUF N°20 à MAISON-BRÛLEE N°24 / ROUEN LES ESSARTS (A139),CAEN,1,10.50,,2026-02-01,2027-01-31,,,sapn-class1-2026
SAPN,CRIQUEBEUF N°20 à MAISON-BRÛLEE N°24 / ROUEN LES ESSARTS (A139),CAGNY (A813),1,10.50,,2026-02-01,2027-01-31,,,sapn-class1-2026
SAPN,CRIQUEBEUF N°20 à MAISON-BRÛLEE N°24 / ROUEN LES ESSARTS (A139),CHAUFOUR N°15 à GAILLON N°17,1,4.50,,2026-02-01,2027-01-31,,,sapn-class1-2026
SAPN,CRIQUEBEUF N°20 à MAISON-BRÛLEE N°24 / ROUEN LES ESSARTS (A139),CHENARD N°1 (A29),1,6.30,,2026-02-01,2027-01-31,,,sapn-class1-2026
SAPN,CRIQUEBEUF N°20 à MAISON-BRÛLEE N°24 / ROUEN LES ESSARTS (A139),DOZULÉ N°30,1,8.50,,2026-02-01,2027-01-31,,,sapn-class1-2026
SAPN,CRIQUEBEUF N°20 à MAISON-BRÛLEE N°24 / ROUEN LES ESSARTS (A139),HEUDEBOUVILLE N°18,1,2.50,,2026-02-01,2027-01-31,,,sapn-class1-2026
SAPN,CRIQUEBEUF N°20 à MAISON-BRÛLEE N°24 / ROUEN LES ESSARTS (A139),INCARVILLE N°19 / A154,1,2.40,,2026-02-01,2027-01-31,,,sapn-class1-2026
SAPN,CRIQUEBEUF N°20 à MAISON-BRÛLEE N°24 / ROUEN LES ESSARTS (A139),LA RIVIÈRE-SAINT-SAUVEUR N°3 (A29),1,6.30,,2026-02-01,2027-01-31,,,sapn-class1-2026
SAPN,CRIQUEBEUF N°20 à MAISON-BRÛLEE N°24 / ROUEN LES ESSARTS (A139),PLATEAU N°2 (A29),1,6.30,,2026-02-01,2027-01-31,,,sapn-class1-2026
SAPN,CRIQUEBEUF N°20 à MAISON-BRÛLEE N°24 / ROUEN LES ESSARTS (A139),POISSY / ORGEVAL N°7 à MANTES-SUD N°12,1,7.50,,2026-02-01,2027-01-31,,,sapn-class1-2026
SAPN,CRIQUEBEUF N°20 à MAISON-BRÛLEE N°24 / ROUEN LES ESSARTS (A139),"PONT L'EVÊQUE, DEAUVILLE (A132)",1,6.30,,2026-02-01,2027-01-31,,,sapn-class1-2026
SAPN,CRIQUEBEUF N°20 à MAISON-BRÛLEE N°24 / ROUEN LES ESSARTS (A139),TANCARVILLE (A131),1,3.40,,2026-02-01,2027-01-31,,,sapn-class1-2026
SAPN,CRIQUEBEUF N°20 à MAISON-BRÛLEE N°24 / ROUEN LES ESSARTS (A139),TOUTAINVILLE N°27,1,4.10,,2026-02-01,2027-01-31,,,sapn-class1-2026
SAPN,CRIQUEBEUF N°20 à MAISON-BRÛLEE N°24 / ROUEN LES ESSARTS (A139),TROARN N°31,1,10.50,,2026-02-01,2027-01-31,,,sapn-class1-2026
SAPN,DOZULÉ N°30,BEUZEVILLE N°28,1,4.10,,2026-02-01,2027-01-31,,,sapn-class1-2026
SAPN,DOZULÉ N°30,BOURG-ACHARD N°25,1,8.50,,2026-02-01,2027-01-31,,,sapn-class1-2026
SAPN,DOZULÉ N°30,BOURNEVILLE N°26,1,8.50,,2026-02-01,2027-01-31,,,sapn-class1-2026
SAPN,DOZULÉ N°30,CAEN,1,2.20,,2026-02-01,2027-01-31,,,sapn-class1-2026
SAPN,DOZULÉ N°30,CAGNY (A813),1,2.20,,2026-02-01,2027-01-31,,,sapn-class1-2026
SAPN,DOZULÉ N°30,CHAUFOUR N°15 à GAILLON N°17,1,13.00,,2026-02-01,2027-01-31,,,sapn-class1-2026
SAPN,DOZULÉ N°30,CHENARD N°1 (A29),1,3.70,,2026-02-01,2027-01-31,,,sapn-class1-2026
SAPN,DOZULÉ N°30,CRIQUEBEUF N°20 à MAISON-BRÛLEE N°24 / ROUEN LES ESSARTS (A139),1,8.50,,2026-02-01,2027-01-31,,,sapn-class1-2026
SAPN,DOZULÉ N°30,HEUDEBOUVILLE N°18,1,11.00,,2026-02-01,2027-01-31,,,sapn-class1-2026
SAPN,DOZULÉ N°30,INCARVILLE N°19 / A154,1,10.90,,2026-02-01,2027-01-31,,,sapn-class1-2026
SAPN,DOZULÉ N°30,LA RIVIÈRE-SAINT-SAUVEUR N°3 (A29),1,3.70,,2026-02-01,2027-01-31,,,sapn-class1-2026
SAPN,DOZULÉ N°30,POISSY / ORGEVAL N°7 à MANTES-SUD N°12,1,16.00,,2026-02-01,2027-01-31,,,sapn-class1-2026
SAPN,DOZULÉ N°30,"PONT L'EVÊQUE, DEAUVILLE (A132)",1,2.20,,2026-02-01,2027-01-31,,,sapn-class1-2026
SAPN,DOZULÉ N°30,TROARN N°31,1,2.20,,2026-02-01,2027-01-31,,,sapn-class1-2026
SAPN,FECAMP N°8,BEAUTOT / A151,1,2.90,,2026-02-01,2027-01-31,,,sapn-class1-2026
SAPN,FECAMP N°8,BOLBEC N°7,1,1.60,,2026-02-01,2027-01-31,,,sapn-class1-2026
SAPN,FECAMP N°8,LE HAVRE N°5 / A131,1,4.20,,2026-02-01,2027-01-31,,,sapn-class1-2026
SAPN,FECAMP N°8,ST-ROMAIN-DE-COLBOSC N°6 A29 NORD,1,2.40,,2026-02-01,2027-01-31,,,sapn-class1-2026
SAPN,FECAMP N°8,ST-SAËNS N°10 / A28,1,4.60,,2026-02-01,2027-01-31,,,sapn-class1-2026
SAPN,FECAMP N°8,YVETOT / A150,1,1.90,,2026-02-01,2027-01-31,,,sapn-class1-2026
SAPN,HEUDEBOUVILLE N°18,BEUZEVILLE N°28,1,7.10,,2026-02-01,2027-01-31,,,sapn-class1-2026
SAPN,HEUDEBOUVILLE N°18,BOURG-ACHARD N°25,1,4.50,,2026-02-01,2027-01-31,,,sapn-class1-2026
SAPN,HEUDEBOUVILLE N°18,BOURNEVILLE N°26,1,5.80,,2026-02-01,2027-01-31,,,sapn-class1-2026
SAPN,HEUDEBOUVILLE N°18,CAEN,1,13.00,,2026-02-01,2027-01-31,,,sapn-class1-2026
SAPN,HEUDEBOUVILLE N°18,CAGNY (A813),1,13.00,,2026-02-01,2027-01-31,,,sapn-class1-2026
SAPN,HEUDEBOUVILLE N°18,CHAUFOUR N°15 à GAILLON N°17,1,2.40,,2026-02-01,2027-01-31,,,sapn-class1-2026
SAPN,HEUDEBOUVILLE N°18,CHENARD N°1 (A29),1,8.80,,2026-02-01,2027-01-31,,,sapn-class1-2026
SAPN,HEUDEBOUVILLE N°18,CRIQUEBEUF N°20 à MAISON-BRÛLEE N°24 / ROUEN LES ESSARTS (A139),1,2.50,,2026-02-01,2027-01-31,,,sapn-class1-2026
SAPN,HEUDEBOUVILLE N°18,DOZULÉ N°30,1,11.00,,2026-02-01,2027-01-31,,,sapn-class1-2026
SAPN,HEUDEBOUVILLE N°18,INCARVILLE N°19 / A154,1,2.50,,2026-02-01,2027-01-31,,,sapn-class1-2026
SAPN,HEUDEBOUVILLE N°18,LA RIVIÈRE-SAINT-SAUVEUR N°3 (A29),1,8.80,,2026-02-01,2027-01-31,,,sapn-class1-2026
SAPN,HEUDEBOUVILLE N°18,PLATEAU N°2 (A29),1,8.80,,2026-02-01,2027-01-31,,,sapn-class1-2026
SAPN,HEUDEBOUVILLE N°18,POISSY / ORGEVAL N°7 à MANTES-SUD N°12,1,5.40,,2026-02-01,2027-01-31,,,sapn-class1-2026
SAPN,HEUDEBOUVILLE N°18,"PONT L'EVÊQUE, DEAUVILLE (A132)",1,8.80,,2026-02-01,2027-01-31,,,sapn-class1-2026
SAPN,HEUDEBOUVILLE N°18,TANCARVILLE (A131),1,5.90,,2026-02-01,2027-01-31,,,sapn-class1-2026
SAPN,HEUDEBOUVILLE N°18,TOUTAINVILLE N°27,1,6.60,,2026-02-01,2027-01-31,,,sapn-class1-2026
SAPN,HEUDEBOUVILLE N°18,TROARN N°31,1,13.00,,2026-02-01,2027-01-31,,,sapn-class1-2026
SAPN,INCARVILLE N°19 / A154,BEUZEVILLE N°28,1,7.00,,2026-02-01,2027-01-31,,,sapn-class1-2026
SAPN,INCARVILLE N°19 / A154,BOURG-ACHARD N°25,1,4.40,,2026-02-01,2027-01-31,,,sapn-class1-2026
SAPN,INCARVILLE N°19 / A154,BOURNEVILLE N°26,1,5.70,,2026-02-01,2027-01-31,,,sapn-class1-2026
SAPN,INCARVILLE N°19 / A154,CAEN,1,12.90,,2026-02-01,2027-01-31,,,sapn-class1-2026
SAPN,INCARVILLE N°19 / A154,CAGNY (A813),1,12.90,,2026-02-01,2027-01-31,,,sapn-class1-2026
SAPN,INCARVILLE N°19 / A154,CHAUFOUR N°15 à GAILLON N°17,1,4.50,,2026-02-01,2027-01-31,,,sapn-class1-2026
SAPN,INCARVILLE N°19 / A154,CHENARD N°1 (A29),1,8.70,,2026-02-01,2027-01-31,,,sapn-class1-2026
SAPN,INCARVILLE N°19 / A154,CRIQUEBEUF N°20 à MAISON-BRÛLEE N°24 / ROUEN LES ESSARTS (A139),1,2.40,,2026-02-01,2027-01-31,,,sapn-class1-2026
SAPN,INCARVILLE N°19 / A154,DOZULÉ N°30,1,10.90,,2026-02-01,2027-01-31,,,sapn-class1-2026
SAPN,INCARVILLE N°19 / A154,HEUDEBOUVILLE N°18,1,2.50,,2026-02-01,2027-01-31,,,sapn-class1-2026
SAPN,INCARVILLE N°19 / A154,LA RIVIÈRE-SAINT-SAUVEUR N°3 (A29),1,8.70,,2026-02-01,2027-01-31,,,sapn-class1-2026
SAPN,INCARVILLE N°19 / A154,PLATEAU N°2 (A29),1,8.70,,2026-02-01,2027-01-31,,,sapn-class1-2026
SAPN,INCARVILLE N°19 / A154,POISSY / ORGEVAL N°7 à MANTES-SUD N°12,1,7.50,,2026-02-01,2027-01-31,,,sapn-class1-2026
SAPN,INCARVILLE N°19 / A154,"PONT L'EVÊQUE, DEAUVILLE (A132)",1,8.70,,2026-02-01,2027-01-31,,,sapn-class1-2026
SAPN,INCARVILLE N°19 / A154,TANCARVILLE (A131),1,5.80,,2026-02-01,2027-01-31,,,sapn-class1-2026
SAPN,INCARVILLE N°19 / A154,TOUTAINVILLE N°27,1,6.50,,2026-02-01,2027-01-31,,,sapn-class1-2026
SAPN,INCARVILLE N°19 / A154,TROARN N°31,1,12.90,,2026-02-01,2027-01-31,,,sapn-class1-2026
SAPN,LA RIVIÈRE-SAINT-SAUVEUR N°3 (A29),BEUZEVILLE N°28,1,1.90,,2026-02-01,2027-01-31,,,sapn-class1-2026
SAPN,LA RIVIÈRE-SAINT-SAUVEUR N°3 (A29),BOURG-ACHARD N°25,1,6.30,,2026-02-01,2027-01-31,,,sapn-class1-2026
SAPN,LA RIVIÈRE-SAINT-SAUVEUR N°3 (A29),BOURNEVILLE N°26,1,6.30,,2026-02-01,2027-01-31,,,sapn-class1-2026
SAPN,LA RIVIÈRE-SAINT-SAUVEUR N°3 (A29),CAEN,1,5.70,,2026-02-01,2027-01-31,,,sapn-class1-2026
SAPN,LA RIVIÈRE-SAINT-SAUVEUR N°3 (A29),CAGNY (A813),1,5.70,,2026-02-01,2027-01-31,,,sapn-class1-2026
SAPN,LA RIVIÈRE-SAINT-SAUVEUR N°3 (A29),CHAUFOUR N°15 à GAILLON N°17,1,10.80,,2026-02-01,2027-01-31,,,sapn-class1-2026
SAPN,LA RIVIÈRE-SAINT-SAUVEUR N°3 (A29),CHENARD N°1 (A29),1,1.50,,2026-02-01,2027-01-31,,,sapn-class1-2026
SAPN,LA RIVIÈRE-SAINT-SAUVEUR N°3 (A29),CRIQUEBEUF N°20 à MAISON-BRÛLEE N°24 / ROUEN LES ESSARTS (A139),1,6.30,,2026-02-01,2027-01-31,,,sapn-class1-2026
SAPN,LA RIVIÈRE-SAINT-SAUVEUR N°3 (A29),DOZULÉ N°30,1,3.70,,2026-02-01,2027-01-31,,,sapn-class1-2026
SAPN,LA RIVIÈRE-SAINT-SAUVEUR N°3 (A29),HEUDEBOUVILLE N°18,1,8.80,,2026-02-01,2027-01-31,,,sapn-class1-2026
SAPN,LA RIVIÈRE-SAINT-SAUVEUR N°3 (A29),INCARVILLE N°19 / A154,1,8.70,,2026-02-01,2027-01-31,,,sapn-class1-2026
SAPN,LA RIVIÈRE-SAINT-SAUVEUR N°3 (A29),POISSY / ORGEVAL N°7 à MANTES-SUD N°12,1,13.80,,2026-02-01,2027-01-31,,,sapn-class1-2026
SAPN,LA RIVIÈRE-SAINT-SAUVEUR N°3 (A29),"PONT L'EVÊQUE, DEAUVILLE (A132)",1,1.50,,2026-02-01,2027-01-31,,,sapn-class1-2026
SAPN,LA RIVIÈRE-SAINT-SAUVEUR N°3 (A29),TROARN N°31,1,5.70,,2026-02-01,2027-01-31,,,sapn-class1-2026
SAPN,LE HAVRE N°5 / A131,BEAUTOT / A151,1,6.70,,2026-02-01,2027-01-31,,,sapn-class1-2026
SAPN,LE HAVRE N°5 / A131,BOLBEC N°7,1,2.50,,2026-02-01,2027-01-31,,,sapn-class1-2026
SAPN,LE HAVRE N°5 / A131,FECAMP N°8,1,4.20,,2026-02-01,2027-01-31,,,sapn-class1-2026
SAPN,LE HAVRE N°5 / A131,ST-ROMAIN-DE-COLBOSC N°6 A29 NORD,1,1.20,,2026-02-01,2027-01-31,,,sapn-class1-2026
SAPN,LE HAVRE N°5 / A131,ST-SAËNS N°10 / A28,1,9.50,,2026-02-01,2027-01-31,,,sapn-class1-2026
SAPN,LE HAVRE N°5 / A131,YVETOT / A150,1,5.70,,2026-02-01,2027-01-31,,,sapn-class1-2026
SAPN,PLATEAU N°2 (A29),BEUZEVILLE N°28,1,1.90,,2026-02-01,2027-01-31,,,sapn-class1-2026
SAPN,PLATEAU N°2 (A29),BOURG-ACHARD N°25,1,6.30,,2026-02-01,2027-01-31,,,sapn-class1-2026
SAPN,PLATEAU N°2 (A29),BOURNEVILLE N°26,1,6.30,,2026-02-01,2027-01-31,,,sapn-class1-2026
SAPN,PLATEAU N°2 (A29),CHAUFOUR N°15 à GAILLON N°17,1,10.80,,2026-02-01,2027-01-31,,,sapn-class1-2026
SAPN,PLATEAU N°2 (A29),CRIQUEBEUF N°20 à MAISON-BRÛLEE N°24 / ROUEN LES ESSARTS (A139),1,6.30,,2026-02-01,2027-01-31,,,sapn-class1-2026
SAPN,PLATEAU N°2 (A29),HEUDEBOUVILLE N°18,1,8.80,,2026-02-01,2027-01-31,,,sapn-class1-2026
SAPN,PLATEAU N°2 (A29),INCARVILLE N°19 / A154,1,8.70,,2026-02-01,2027-01-31,,,sapn-class1-2026
SAPN,PLATEAU N°2 (A29),POISSY / ORGEVAL N°7 à MANTES-SUD N°12,1,13.80,,2026-02-01,2027-01-31,,,sapn-class1-2026
SAPN,POISSY / ORGEVAL N°7 à MANTES-SUD N°12,BEUZEVILLE N°28,1,12.10,,2026-02-01,2027-01-31,,,sapn-class1-2026
SAPN,POISSY / ORGEVAL N°7 à MANTES-SUD N°12,BONNIÈRES-SUR-SEINE (A13a),1,3.00,,2026-02-01,2027-01-31,,,sapn-class1-2026
SAPN,POISSY / ORGEVAL N°7 à MANTES-SUD N°12,BOURG-ACHARD N°25,1,9.50,,2026-02-01,2027-01-31,,,sapn-class1-2026
SAPN,POISSY / ORGEVAL N°7 à MANTES-SUD N°12,BOURNEVILLE N°26,1,10.80,,2026-02-01,2027-01-31,,,sapn-class1-2026
SAPN,POISSY / ORGEVAL N°7 à MANTES-SUD N°12,CAEN,1,18.00,,2026-02-01,2027-01-31,,,sapn-class1-2026
SAPN,POISSY / ORGEVAL N°7 à MANTES-SUD N°12,CAGNY (A813),1,18.00,,2026-02-01,2027-01-31,,,sapn-class1-2026
SAPN,POISSY / ORGEVAL N°7 à MANTES-SUD N°12,CHAUFOUR N°15 à GAILLON N°17,1,3.00,,2026-02-01,2027-01-31,,,sapn-class1-2026
SAPN,POISSY / ORGEVAL N°7 à MANTES-SUD N°12,CHENARD N°1 (A29),1,13.80,,2026-02-01,2027-01-31,,,sapn-class1-2026
SAPN,POISSY / ORGEVAL N°7 à MANTES-SUD N°12,CRIQUEBEUF N°20 à MAISON-BRÛLEE N°24 / ROUEN LES ESSARTS (A139),1,7.50,,2026-02-01,2027-01-31,,,sapn-class1-2026
SAPN,POISSY / ORGEVAL N°7 à MANTES-SUD N°12,DOZULÉ N°30,1,16.00,,2026-02-01,2027-01-31,,,sapn-class1-2026
SAPN,POISSY / ORGEVAL N°7 à MANTES-SUD N°12,HEUDEBOUVILLE N°18,1,5.40,,2026-02-01,2027-01-31,,,sapn-class1-2026
SAPN,POISSY / ORGEVAL N°7 à MANTES-SUD N°12,INCARVILLE N°19 / A154,1,7.50,,2026-02-01,2027-01-31,,,sapn-class1-2026
SAPN,POISSY / ORGEVAL N°7 à MANTES-SUD N°12,LA RIVIÈRE-SAINT-SAUVEUR N°3 (A29),1,13.80,,2026-02-01,2027-01-31,,,sapn-class1-2026
SAPN,POISSY / ORGEVAL N°7 à MANTES-SUD N°12,PLATEAU N°2 (A29),1,13.80,,2026-02-01,2027-01-31,,,sapn-class1-2026
SAPN,POISSY / ORGEVAL N°7 à MANTES-SUD N°12,"PONT L'EVÊQUE, DEAUVILLE (A132)",1,13.80,,2026-02-01,2027-01-31,,,sapn-class1-2026
SAPN,POISSY / ORGEVAL N°7 à MANTES-SUD N°12,TANCARVILLE (A131),1,10.90,,2026-02-01,2027-01-31,,,sapn-class1-2026
SAPN,POISSY / ORGEVAL N°7 à MANTES-SUD N°12,TOUTAINVILLE N°27,1,11.60,,2026-02-01,2027-01-31,,,sapn-class1-2026
SAPN,POISSY / ORGEVAL N°7 à MANTES-SUD N°12,TROARN N°31,1,18.00,,2026-02-01,2027-01-31,,,sapn-class1-2026
SAPN,"PONT L'EVÊQUE, DEAUVILLE (A132)",BEUZEVILLE N°28,1,1.90,,2026-02-01,2027-01-31,,,sapn-class1-2026
SAPN,"PONT L'EVÊQUE, DEAUVILLE (A132)",BOURG-ACHARD N°25,1,6.30,,2026-02-01,2027-01-31,,,sapn-class1-2026
SAPN,"PONT L'EVÊQUE, DEAUVILLE (A132)",BOURNEVILLE N°26,1,6.30,,2026-02-01,2027-01-31,,,sapn-class1-2026
SAPN,"PONT L'EVÊQUE, DEAUVILLE (A132)",CAEN,1,4.20,,2026-02-01,2027-01-31,,,sapn-class1-2026
SAPN,"PONT L'EVÊQUE, DEAUVILLE (A132)",CAGNY (A813),1,4.20,,2026-02-01,2027-01-31,,,sapn-class1-2026
SAPN,"PONT L'EVÊQUE, DEAUVILLE (A132)",CHAUFOUR N°15 à GAILLON N°17,1,10.80,,2026-02-01,2027-01-31,,,sapn-class1-2026
SAPN,"PONT L'EVÊQUE, DEAUVILLE (A132)",CHENARD N°1 (A29),1,1.50,,2026-02-01,2027-01-31,,,sapn-class1-2026
SAPN,"PONT L'EVÊQUE, DEAUVILLE (A132)",CRIQUEBEUF N°20 à MAISON-BRÛLEE N°24 / ROUEN LES ESSARTS (A139),1,6.30,,2026-02-01,2027-01-31,,,sapn-class1-2026
SAPN,"PONT L'EVÊQUE, DEAUVILLE (A132)",DOZULÉ N°30,1,2.20,,2026-02-01,2027-01-31,,,sapn-class1-2026
SAPN,"PONT L'EVÊQUE, DEAUVILLE (A132)",HEUDEBOUVILLE N°18,1,8.80,,2026-02-01,2027-01-31,,,sapn-class1-2026
SAPN,"PONT L'EVÊQUE, DEAUVILLE (A132)",INCARVILLE N°19 / A154,1,8.70,,2026-02-01,2027-01-31,,,sapn-class1-2026
SAPN,"PONT L'EVÊQUE, DEAUVILLE (A132)",LA RIVIÈRE-SAINT-SAUVEUR N°3 (A29),1,1.50,,2026-02-01,2027-01-31,,,sapn-class1-2026
SAPN,"PONT L'EVÊQUE, DEAUVILLE (A132)",POISSY / ORGEVAL N°7 à MANTES-SUD N°12,1,13.80,,2026-02-01,2027-01-31,,,sapn-class1-2026
SAPN,"PONT L'EVÊQUE, DEAUVILLE (A132)",TROARN N°31,1,4.20,,2026-02-01,2027-01-31,,,sapn-class1-2026
SAPN,ST-ROMAIN-DE-COLBOSC N°6 A29 NORD,BEAUTOT / A151,1,4.90,,2026-02-01,2027-01-31,,,sapn-class1-2026
SAPN,ST-ROMAIN-DE-COLBOSC N°6 A29 NORD,BOLBEC N°7,1,1.00,,2026-02-01,2027-01-31,,,sapn-class1-2026
SAPN,ST-ROMAIN-DE-COLBOSC N°6 A29 NORD,FECAMP N°8,1,2.40,,2026-02-01,2027-01-31,,,sapn-class1-2026
SAPN,ST-ROMAIN-DE-COLBOSC N°6 A29 NORD,LE HAVRE N°5 / A131,1,1.20,,2026-02-01,2027-01-31,,,sapn-class1-2026
SAPN,ST-ROMAIN-DE-COLBOSC N°6 A29 NORD,ST-SAËNS N°10 / A28,1,6.00,,2026-02-01,2027-01-31,,,sapn-class1-2026
SAPN,ST-ROMAIN-DE-COLBOSC N°6 A29 NORD,YVETOT / A150,1,3.70,,2026-02-01,2027-01-31,,,sapn-class1-2026
SAPN,ST-SAËNS N°10 / A28,BEAUTOT / A151,1,2.00,,2026-02-01,2027-01-31,,,sapn-class1-2026
SAPN,ST-SAËNS N°10 / A28,BOLBEC N°7,1,5.90,,2026-02-01,2027-01-31,,,sapn-class1-2026
SAPN,ST-SAËNS N°10 / A28,FECAMP N°8,1,4.60,,2026-02-01,2027-01-31,,,sapn-class1-2026
SAPN,ST-SAËNS N°10 / A28,LE HAVRE N°5 / A131,1,9.50,,2026-02-01,2027-01-31,,,sapn-class1-2026
SAPN,ST-SAËNS N°10 / A28,ST-ROMAIN-DE-COLBOSC N°6 A29 NORD,1,6.00,,2026-02-01,2027-01-31,,,sapn-class1-2026
SAPN,ST-SAËNS N°10 / A28,YVETOT / A150,1,3.10,,2026-02-01,2027-01-31,,,sapn-class1-2026
SAPN,TANCARVILLE (A131),BOURG-ACHARD N°25,1,3.40,,2026-02-01,2027-01-31,,,sapn-class1-2026
SAPN,TANCARVILLE (A131),BOURNEVILLE N°26,1,3.40,,2026-02-01,2027-01-31,,,sapn-class1-2026
SAPN,TANCARVILLE (A131),CHAUFOUR N°15 à GAILLON N°17,1,7.90,,2026-02-01,2027-01-31,,,sapn-class1-2026
SAPN,TANCARVILLE (A131),CRIQUEBEUF N°20 à MAISON-BRÛLEE N°24 / ROUEN LES ESSARTS (A139),1,3.40,,2026-02-01,2027-01-31,,,sapn-class1-2026
SAPN,TANCARVILLE (A131),HEUDEBOUVILLE N°18,1,5.90,,2026-02-01,2027-01-31,,,sapn-class1-2026
SAPN,TANCARVILLE (A131),INCARVILLE N°19 / A154,1,5.80,,2026-02-01,2027-01-31,,,sapn-class1-2026
SAPN,TANCARVILLE (A131),POISSY / ORGEVAL N°7 à MANTES-SUD N°12,1,10.90,,2026-02-01,2027-01-31,,,sapn-class1-2026
SAPN,TOUTAINVILLE N°27,BOURG-ACHARD N°25,1,4.10,,2026-02-01,2027-01-31,,,sapn-class1-2026
SAPN,TOUTAINVILLE N°27,BOURNEVILLE N°26,1,4.10,,2026-02-01,2027-01-31,,,sapn-class1-2026
SAPN,TOUTAINVILLE N°27,CHAUFOUR N°15 à GAILLON N°17,1,8.60,,2026-02-01,2027-01-31,,,sapn-class1-2026
SAPN,TOUTAINVILLE N°27,CRIQUEBEUF N°20 à MAISON-BRÛLEE N°24 / ROUEN LES ESSARTS (A139),1,4.10,,2026-02-01,2027-01-31,,,sapn-class1-2026
SAPN,TOUTAINVILLE N°27,HEUDEBOUVILLE N°18,1,6.60,,2026-02-01,2027-01-31,,,sapn-class1-2026
SAPN,TOUTAINVILLE N°27,INCARVILLE N°19 / A154,1,6.50,,2026-02-01,2027-01-31,,,sapn-class1-2026
SAPN,TOUTAINVILLE N°27,POISSY / ORGEVAL N°7 à MANTES-SUD N°12,1,11.60,,2026-02-01,2027-01-31,,,sapn-class1-2026
SAPN,TROARN N°31,BEUZEVILLE N°28,1,6.10,,2026-02-01,2027-01-31,,,sapn-class1-2026
SAPN,TROARN N°31,BOURG-ACHARD N°25,1,10.50,,2026-02-01,2027-01-31,,,sapn-class1-2026
SAPN,TROARN N°31,BOURNEVILLE N°26,1,10.50,,2026-02-01,2027-01-31,,,sapn-class1-2026
SAPN,TROARN N°31,CAEN,1,0.90,,2026-02-01,2027-01-31,,,sapn-class1-2026
SAPN,TROARN N°31,CAGNY (A813),1,0.90,,2026-02-01,2027-01-31,,,sapn-class1-2026
SAPN,TROARN N°31,CHAUFOUR N°15 à GAILLON N°17,1,15.00,,2026-02-01,2027-01-31,,,sapn-class1-2026
SAPN,TROARN N°31,CHENARD N°1 (A29),1,5.70,,2026-02-01,2027-01-31,,,sapn-class1-2026
SAPN,TROARN N°31,CRIQUEBEUF N°20 à MAISON-BRÛLEE N°24 / ROUEN LES ESSARTS (A139),1,10.50,,2026-02-01,2027-01-31,,,sapn-class1-2026
SAPN,TROARN N°31,DOZULÉ N°30,1,2.20,,2026-02-01,2027-01-31,,,sapn-class1-2026
SAPN,TROARN N°31,HEUDEBOUVILLE N°18,1,13.00,,2026-02-01,2027-01-31,,,sapn-class1-2026
SAPN,TROARN N°31,INCARVILLE N°19 / A154,1,12.90,,2026-02-01,2027-01-31,,,sapn-class1-2026
SAPN,TROARN N°31,LA RIVIÈRE-SAINT-SAUVEUR N°3 (A29),1,5.70,,2026-02-01,2027-01-31,,,sapn-class1-2026
SAPN,TROARN N°31,POISSY / ORGEVAL N°7 à MANTES-SUD N°12,1,18.00,,2026-02-01,2027-01-31,,,sapn-class1-2026
SAPN,TROARN N°31,"PONT L'EVÊQUE, DEAUVILLE (A132)",1,4.20,,2026-02-01,2027-01-31,,,sapn-class1-2026
SAPN,YVETOT / A150,BEAUTOT / A151,1,1.40,,2026-02-01,2027-01-31,,,sapn-class1-2026
SAPN,YVETOT / A150,BOLBEC N°7,1,3.50,,2026-02-01,2027-01-31,,,sapn-class1-2026
SAPN,YVETOT / A150,FECAMP N°8,1,1.90,,2026-02-01,2027-01-31,,,sapn-class1-2026
SAPN,YVETOT / A150,LE HAVRE N°5 / A131,1,5.70,,2026-02-01,2027-01-31,,,sapn-class1-2026
SAPN,YVETOT / A150,ST-ROMAIN-DE-COLBOSC N°6 A29 NORD,1,3.70,,2026-02-01,2027-01-31,,,sapn-class1-2026
SAPN,YVETOT / A150,ST-SAËNS N°10 / A28,1,3.10,,2026-02-01,2027-01-31,,,sapn-class1-2026
